ARM GAS  C:\Users\BENJAM~1\AppData\Local\Temp\ccXObaO1.s 			page 1


   1              		.cpu cortex-m4
   2              		.arch armv7e-m
   3              		.fpu fpv4-sp-d16
   4              		.eabi_attribute 27, 1
   5              		.eabi_attribute 28, 1
   6              		.eabi_attribute 20, 1
   7              		.eabi_attribute 21, 1
   8              		.eabi_attribute 23, 3
   9              		.eabi_attribute 24, 1
  10              		.eabi_attribute 25, 1
  11              		.eabi_attribute 26, 1
  12              		.eabi_attribute 30, 1
  13              		.eabi_attribute 34, 1
  14              		.eabi_attribute 18, 4
  15              		.file	"main.c"
  16              		.text
  17              	.Ltext0:
  18              		.cfi_sections	.debug_frame
  19              		.file 1 "Core/Src/main.c"
  20              		.section	.text.MX_GPIO_Init,"ax",%progbits
  21              		.align	1
  22              		.syntax unified
  23              		.thumb
  24              		.thumb_func
  26              	MX_GPIO_Init:
  27              	.LFB142:
   1:Core/Src/main.c **** /* USER CODE BEGIN Header */
   2:Core/Src/main.c **** /**
   3:Core/Src/main.c ****   ******************************************************************************
   4:Core/Src/main.c ****   * @file           : main.c
   5:Core/Src/main.c ****   * @brief          : Main program body
   6:Core/Src/main.c ****   ******************************************************************************
   7:Core/Src/main.c ****   * @attention
   8:Core/Src/main.c ****   *
   9:Core/Src/main.c ****   * Copyright (c) 2025 STMicroelectronics.
  10:Core/Src/main.c ****   * All rights reserved.
  11:Core/Src/main.c ****   *
  12:Core/Src/main.c ****   * This software is licensed under terms that can be found in the LICENSE file
  13:Core/Src/main.c ****   * in the root directory of this software component.
  14:Core/Src/main.c ****   * If no LICENSE file comes with this software, it is provided AS-IS.
  15:Core/Src/main.c ****   *
  16:Core/Src/main.c ****   ******************************************************************************
  17:Core/Src/main.c ****   */
  18:Core/Src/main.c **** /* USER CODE END Header */
  19:Core/Src/main.c **** /* Includes ------------------------------------------------------------------*/
  20:Core/Src/main.c **** #include "main.h"
  21:Core/Src/main.c **** 
  22:Core/Src/main.c **** /* Private includes ----------------------------------------------------------*/
  23:Core/Src/main.c **** /* USER CODE BEGIN Includes */
  24:Core/Src/main.c **** #include <stdio.h>
  25:Core/Src/main.c **** #include "stm32f4xx.h"
  26:Core/Src/main.c **** #include "lcd_stm32f4.h"
  27:Core/Src/main.c **** #include "stm32f4xx_it.h"
  28:Core/Src/main.c **** 
  29:Core/Src/main.c **** /* USER CODE END Includes */
  30:Core/Src/main.c **** 
  31:Core/Src/main.c **** /* Private typedef -----------------------------------------------------------*/
ARM GAS  C:\Users\BENJAM~1\AppData\Local\Temp\ccXObaO1.s 			page 2


  32:Core/Src/main.c **** /* USER CODE BEGIN PTD */
  33:Core/Src/main.c **** 
  34:Core/Src/main.c **** /* USER CODE END PTD */
  35:Core/Src/main.c **** 
  36:Core/Src/main.c **** /* Private define ------------------------------------------------------------*/
  37:Core/Src/main.c **** /* USER CODE BEGIN PD */
  38:Core/Src/main.c **** // TODO: Add values for below variables
  39:Core/Src/main.c **** #define NS 256      // Number of samples in LUT
  40:Core/Src/main.c **** #define TIM2CLK 16000000  // STM Clock frequency: Hint You might want to check the ioc file
  41:Core/Src/main.c **** #define F_SIGNAL 244  	// Frequency of output analog signal
  42:Core/Src/main.c **** #define NUM_WAVEFORMS 6
  43:Core/Src/main.c **** #define DEBOUNCE_DELAY_MS 50
  44:Core/Src/main.c **** 
  45:Core/Src/main.c **** char* waveform_names[NUM_WAVEFORMS] = {"Sine", "Sawtooth", "Triangular", "Piano", "Guitar", "Drum"}
  46:Core/Src/main.c **** 
  47:Core/Src/main.c **** uint8_t current_waveform = 0;
  48:Core/Src/main.c **** uint32_t last_press_time = 0;
  49:Core/Src/main.c **** 
  50:Core/Src/main.c **** /* USER CODE END PD */
  51:Core/Src/main.c **** 
  52:Core/Src/main.c **** /* Private macro -------------------------------------------------------------*/
  53:Core/Src/main.c **** /* USER CODE BEGIN PM */
  54:Core/Src/main.c **** 
  55:Core/Src/main.c **** /* USER CODE END PM */
  56:Core/Src/main.c **** 
  57:Core/Src/main.c **** /* Private variables ---------------------------------------------------------*/
  58:Core/Src/main.c **** TIM_HandleTypeDef htim2;
  59:Core/Src/main.c **** TIM_HandleTypeDef htim3;
  60:Core/Src/main.c **** DMA_HandleTypeDef hdma_tim2_ch1;
  61:Core/Src/main.c **** 
  62:Core/Src/main.c **** /* USER CODE BEGIN PV */
  63:Core/Src/main.c **** // TODO: Add code for global variables, including LUTs
  64:Core/Src/main.c **** uint32_t Sin_LUT[NS] = {2047, 2097, 2147, 2198, 2248, 2298, 2347,
  65:Core/Src/main.c **** 	2397, 2446, 2496, 2545, 2593, 2641, 2689, 2737, 2784,
  66:Core/Src/main.c **** 	2831, 2877, 2922, 2968, 3012, 3056, 3100, 3142, 3185,
  67:Core/Src/main.c **** 	3226, 3267, 3307, 3346, 3384, 3422, 3459, 3495, 3530,
  68:Core/Src/main.c **** 	3564, 3597, 3630, 3661, 3692, 3721, 3749, 3777, 3803,
  69:Core/Src/main.c **** 	3829, 3853, 3876, 3898, 3919, 3939, 3957, 3975, 3991,
  70:Core/Src/main.c **** 	4006, 4020, 4033, 4045, 4055, 4064, 4072, 4079, 4085,
  71:Core/Src/main.c **** 	4089, 4092, 4094, 4095, 4094, 4092, 4089, 4085, 4079,
  72:Core/Src/main.c **** 	4072, 4064, 4055, 4045, 4033, 4020, 4006, 3991, 3975,
  73:Core/Src/main.c **** 	3957, 3939, 3919, 3898, 3876, 3853, 3829, 3803, 3777,
  74:Core/Src/main.c **** 	3749, 3721, 3692, 3661, 3630, 3597, 3564, 3530, 3495,
  75:Core/Src/main.c **** 	3459, 3422, 3384, 3346, 3307, 3267, 3226, 3185, 3142,
  76:Core/Src/main.c **** 	3100, 3056, 3012, 2968, 2922, 2877, 2831, 2784, 2737,
  77:Core/Src/main.c **** 	2689, 2641, 2593, 2545, 2496, 2446, 2397, 2347, 2298,
  78:Core/Src/main.c **** 	2248, 2198, 2147, 2097, 2047, 1997, 1947, 1896, 1846,
  79:Core/Src/main.c **** 	1796, 1747, 1697, 1648, 1598, 1549, 1501, 1453, 1405,
  80:Core/Src/main.c **** 	1357, 1310, 1263, 1217, 1172, 1126, 1082, 1038, 994,
  81:Core/Src/main.c **** 	952, 909, 868, 827, 787, 748, 710, 672, 635, 599,
  82:Core/Src/main.c **** 	564, 530, 497, 464, 433, 402, 373, 345, 317, 291,
  83:Core/Src/main.c **** 	265, 241, 218, 196, 175, 155, 137, 119, 103, 88,
  84:Core/Src/main.c **** 	74, 61, 49, 39, 30, 22, 15, 9, 5, 2, 0,
  85:Core/Src/main.c **** 	0, 0, 2, 5, 9, 15, 22, 30, 39, 49, 61,
  86:Core/Src/main.c **** 	74, 88, 103, 119, 137, 155, 175, 196, 218, 241,
  87:Core/Src/main.c **** 	265, 291, 317, 345, 373, 402, 433, 464, 497, 530,
  88:Core/Src/main.c **** 	564, 599, 635, 672, 710, 748, 787, 827, 868, 909,
ARM GAS  C:\Users\BENJAM~1\AppData\Local\Temp\ccXObaO1.s 			page 3


  89:Core/Src/main.c **** 	952, 994, 1038, 1082, 1126, 1172, 1217, 1263, 1310, 1357,
  90:Core/Src/main.c **** 	1405, 1453, 1501, 1549, 1598, 1648, 1697, 1747, 1796, 1846,
  91:Core/Src/main.c **** 	1896, 1947, 1997};
  92:Core/Src/main.c **** 
  93:Core/Src/main.c **** uint32_t Saw_LUT[NS] = {0, 16, 32, 48, 64, 80, 96, 112, 128,
  94:Core/Src/main.c **** 	144, 160, 176, 192, 208, 224, 240, 256, 273, 289,
  95:Core/Src/main.c **** 	305, 321, 337, 353, 369, 385, 401, 417, 433, 449,
  96:Core/Src/main.c **** 	465, 481, 497, 513, 529, 546, 562, 578, 594, 610,
  97:Core/Src/main.c **** 	626, 642, 658, 674, 690, 706, 722, 738, 754, 770,
  98:Core/Src/main.c **** 	786, 802, 819, 835, 851, 867, 883, 899, 915, 931,
  99:Core/Src/main.c **** 	947, 963, 979, 995, 1011, 1027, 1043, 1059, 1075, 1092,
 100:Core/Src/main.c **** 	1108, 1124, 1140, 1156, 1172, 1188, 1204, 1220, 1236, 1252,
 101:Core/Src/main.c **** 	1268, 1284, 1300, 1316, 1332, 1348, 1365, 1381, 1397, 1413,
 102:Core/Src/main.c **** 	1429, 1445, 1461, 1477, 1493, 1509, 1525, 1541, 1557, 1573,
 103:Core/Src/main.c **** 	1589, 1605, 1621, 1638, 1654, 1670, 1686, 1702, 1718, 1734,
 104:Core/Src/main.c **** 	1750, 1766, 1782, 1798, 1814, 1830, 1846, 1862, 1878, 1894,
 105:Core/Src/main.c **** 	1911, 1927, 1943, 1959, 1975, 1991, 2007, 2023, 2039, 2055,
 106:Core/Src/main.c **** 	2071, 2087, 2103, 2119, 2135, 2151, 2167, 2184, 2200, 2216,
 107:Core/Src/main.c **** 	2232, 2248, 2264, 2280, 2296, 2312, 2328, 2344, 2360, 2376,
 108:Core/Src/main.c **** 	2392, 2408, 2424, 2440, 2457, 2473, 2489, 2505, 2521, 2537,
 109:Core/Src/main.c **** 	2553, 2569, 2585, 2601, 2617, 2633, 2649, 2665, 2681, 2697,
 110:Core/Src/main.c **** 	2713, 2730, 2746, 2762, 2778, 2794, 2810, 2826, 2842, 2858,
 111:Core/Src/main.c **** 	2874, 2890, 2906, 2922, 2938, 2954, 2970, 2986, 3003, 3019,
 112:Core/Src/main.c **** 	3035, 3051, 3067, 3083, 3099, 3115, 3131, 3147, 3163, 3179,
 113:Core/Src/main.c **** 	3195, 3211, 3227, 3243, 3259, 3276, 3292, 3308, 3324, 3340,
 114:Core/Src/main.c **** 	3356, 3372, 3388, 3404, 3420, 3436, 3452, 3468, 3484, 3500,
 115:Core/Src/main.c **** 	3516, 3532, 3549, 3565, 3581, 3597, 3613, 3629, 3645, 3661,
 116:Core/Src/main.c **** 	3677, 3693, 3709, 3725, 3741, 3757, 3773, 3789, 3805, 3822,
 117:Core/Src/main.c **** 	3838, 3854, 3870, 3886, 3902, 3918, 3934, 3950, 3966, 3982,
 118:Core/Src/main.c **** 	3998, 4014, 4030, 4046, 4062, 4078, 4095};
 119:Core/Src/main.c **** 
 120:Core/Src/main.c **** uint32_t Triangle_LUT[NS] = {0, 31, 63, 95, 127, 159, 191, 223, 255,
 121:Core/Src/main.c **** 	287, 319, 351, 383, 415, 447, 479, 511, 543, 575,
 122:Core/Src/main.c **** 	607, 639, 671, 703, 735, 767, 799, 831, 863, 895,
 123:Core/Src/main.c **** 	927, 959, 991, 1023, 1055, 1087, 1119, 1151, 1183, 1215,
 124:Core/Src/main.c **** 	1247, 1279, 1311, 1343, 1375, 1407, 1439, 1471, 1503, 1535,
 125:Core/Src/main.c **** 	1567, 1599, 1631, 1663, 1695, 1727, 1759, 1791, 1823, 1855,
 126:Core/Src/main.c **** 	1887, 1919, 1951, 1983, 2015, 2047, 2079, 2111, 2143, 2175,
 127:Core/Src/main.c **** 	2207, 2239, 2271, 2303, 2335, 2367, 2399, 2431, 2463, 2495,
 128:Core/Src/main.c **** 	2527, 2559, 2591, 2623, 2655, 2687, 2719, 2751, 2783, 2815,
 129:Core/Src/main.c **** 	2847, 2879, 2911, 2943, 2975, 3007, 3039, 3071, 3103, 3135,
 130:Core/Src/main.c **** 	3167, 3199, 3231, 3263, 3295, 3327, 3359, 3391, 3423, 3455,
 131:Core/Src/main.c **** 	3487, 3519, 3551, 3583, 3615, 3647, 3679, 3711, 3743, 3775,
 132:Core/Src/main.c **** 	3807, 3839, 3871, 3903, 3935, 3967, 3999, 4031, 4063, 4095,
 133:Core/Src/main.c **** 	4063, 4031, 3999, 3967, 3935, 3903, 3871, 3839, 3807, 3775,
 134:Core/Src/main.c **** 	3743, 3711, 3679, 3647, 3615, 3583, 3551, 3519, 3487, 3455,
 135:Core/Src/main.c **** 	3423, 3391, 3359, 3327, 3295, 3263, 3231, 3199, 3167, 3135,
 136:Core/Src/main.c **** 	3103, 3071, 3039, 3007, 2975, 2943, 2911, 2879, 2847, 2815,
 137:Core/Src/main.c **** 	2783, 2751, 2719, 2687, 2655, 2623, 2591, 2559, 2527, 2495,
 138:Core/Src/main.c **** 	2463, 2431, 2399, 2367, 2335, 2303, 2271, 2239, 2207, 2175,
 139:Core/Src/main.c **** 	2143, 2111, 2079, 2047, 2015, 1983, 1951, 1919, 1887, 1855,
 140:Core/Src/main.c **** 	1823, 1791, 1759, 1727, 1695, 1663, 1631, 1599, 1567, 1535,
 141:Core/Src/main.c **** 	1503, 1471, 1439, 1407, 1375, 1343, 1311, 1279, 1247, 1215,
 142:Core/Src/main.c **** 	1183, 1151, 1119, 1087, 1055, 1023, 991, 959, 927, 895, 863,
 143:Core/Src/main.c **** 	831, 799, 767, 735, 703, 671, 639, 607, 575, 543, 511,
 144:Core/Src/main.c **** 	479, 447, 415, 383, 351, 319, 287, 255, 223, 191, 159,
 145:Core/Src/main.c **** 	127, 95, 63, 31};
ARM GAS  C:\Users\BENJAM~1\AppData\Local\Temp\ccXObaO1.s 			page 4


 146:Core/Src/main.c **** 
 147:Core/Src/main.c **** uint32_t Piano_LUT[NS] = {1901, 984, 2131, 1887, 1896, 1979, 1888, 1941, 1872,
 148:Core/Src/main.c **** 		1878, 1909, 1903, 1876, 1965, 1790, 1783, 1842, 1889, 2163,
 149:Core/Src/main.c **** 		1892, 1817, 1731, 1929, 1637, 1778, 1858, 2306, 1820, 1801,
 150:Core/Src/main.c **** 		2746, 1853, 1691, 1901, 1827, 1835, 1910, 1895, 1774, 1872,
 151:Core/Src/main.c **** 		1892, 1918, 1902, 1895, 1923, 1870, 1575, 1891, 1894, 1917,
 152:Core/Src/main.c **** 		1802, 2101, 1756, 1808, 1905, 2483, 2012, 1814, 1809, 1782,
 153:Core/Src/main.c **** 		2083, 1892, 2600, 1790, 1894, 1907, 1616, 2176, 1786, 2125,
 154:Core/Src/main.c **** 		1768, 1908, 1923, 1861, 1846, 1880, 1908, 1876, 1801, 2152,
 155:Core/Src/main.c **** 		1844, 1836, 1743, 2256, 1913, 1838, 2034, 1740, 1596, 2092,
 156:Core/Src/main.c **** 		1987, 1737, 1914, 1917, 1014, 1709, 1768, 2011, 1979, 1874,
 157:Core/Src/main.c **** 		1929, 1900, 1799, 1934, 1903, 1887, 1916, 1900, 1912, 1888,
 158:Core/Src/main.c **** 		2237, 2097, 2028, 1883, 1646, 1509, 2040, 1910, 1843, 1982,
 159:Core/Src/main.c **** 		1849, 1907, 2639, 2286, 1980, 1874, 1605, 1743, 1931, 1863,
 160:Core/Src/main.c **** 		2199, 2081, 1902, 2118, 1922, 1924, 1883, 1911, 1853, 1840,
 161:Core/Src/main.c **** 		1901, 1897, 2116, 1996, 1867, 1809, 1631, 2134, 1861, 1818,
 162:Core/Src/main.c **** 		2120, 1808, 1776, 2254, 1565, 1934, 2074, 1852, 1374, 2165,
 163:Core/Src/main.c **** 		1974, 1893, 1897, 1858, 1881, 1864, 1975, 1883, 1908, 1909,
 164:Core/Src/main.c **** 		1906, 1886, 1883, 1882, 2026, 1818, 1893, 1759, 2185, 2043,
 165:Core/Src/main.c **** 		2254, 898, 1478, 1735, 1847, 2181, 1781, 1393, 1795, 1668,
 166:Core/Src/main.c **** 		1777, 1907, 1971, 702, 2822, 1699, 1882, 2020, 1968, 1943,
 167:Core/Src/main.c **** 		1908, 1980, 1855, 1920, 1907, 2303, 1204, 2014, 1899, 1853,
 168:Core/Src/main.c **** 		1556, 1837, 1847, 1639, 1902, 1901, 1699, 2033, 2150, 1831,
 169:Core/Src/main.c **** 		1884, 2410, 1950, 1725, 1933, 1755, 1804, 1869, 1896, 1951,
 170:Core/Src/main.c **** 		2004, 1873, 1929, 1881, 1887, 1900, 1888, 1631, 1687, 1902,
 171:Core/Src/main.c **** 		1692, 2626, 2130, 1845, 1705, 2289, 2050, 1922, 1921, 723,
 172:Core/Src/main.c **** 		1350, 2255, 1922, 2231, 2199, 2134, 1992
 173:Core/Src/main.c **** };
 174:Core/Src/main.c **** 
 175:Core/Src/main.c **** uint32_t Guitar_LUT[NS] = {1970, 2182, 1907, 2239, 1849, 1914, 2075, 1897, 1970,
 176:Core/Src/main.c **** 		2029, 1824, 2213, 1893, 1803, 1598, 1860, 2175, 1849, 1958,
 177:Core/Src/main.c **** 		2057, 1943, 1940, 1980, 1953, 2020, 1978, 2091, 1750, 1968,
 178:Core/Src/main.c **** 		1989, 1967, 1986, 1967, 1827, 2670, 1815, 2173, 1776, 1834,
 179:Core/Src/main.c **** 		2423, 1737, 2200, 1793, 1837, 2419, 1914, 2177, 1493, 1952,
 180:Core/Src/main.c **** 		2118, 1868, 1973, 2014, 1965, 1973, 1943, 1958, 1994, 1925,
 181:Core/Src/main.c **** 		2068, 2105, 1973, 1944, 1972, 1965, 1640, 2069, 1924, 1878,
 182:Core/Src/main.c **** 		2134, 1812, 1968, 2118, 1611, 2120, 2054, 1916, 1816, 2702,
 183:Core/Src/main.c **** 		1807, 1757, 2190, 1965, 1982, 1945, 1975, 1957, 1963, 1972,
 184:Core/Src/main.c **** 		1968, 1998, 2034, 1767, 2053, 1892, 1953, 1985, 1944, 1964,
 185:Core/Src/main.c **** 		1878, 2086, 1863, 1919, 2099, 1852, 2034, 2316, 1969, 1920,
 186:Core/Src/main.c **** 		2045, 1695, 1723, 1710, 1661, 2113, 1902, 2325, 1656, 2076,
 187:Core/Src/main.c **** 		2015, 1742, 2124, 1575, 1783, 2169, 1599, 2356, 1721, 1906,
 188:Core/Src/main.c **** 		1299, 2214, 2222, 1512, 2194, 2192, 1581, 2047, 2207, 1683,
 189:Core/Src/main.c **** 		1914, 2188, 1936, 2077, 2497, 1605, 1842, 2027, 1962, 1935,
 190:Core/Src/main.c **** 		1991, 1984, 1960, 1972, 1869, 2033, 2048, 1917, 2001, 1956,
 191:Core/Src/main.c **** 		1966, 1980, 1818, 1929, 1896, 2356, 1676, 2067, 1952, 1802,
 192:Core/Src/main.c **** 		2304, 1653, 1991, 2094, 1321, 2325, 1791, 2139, 2119, 1930,
 193:Core/Src/main.c **** 		1994, 1961, 1958, 1962, 1983, 1981, 1716, 2149, 1838, 1865,
 194:Core/Src/main.c **** 		2007, 1940, 1966, 1974, 1746, 2037, 2035, 1833, 2057, 1977,
 195:Core/Src/main.c **** 		1901, 2036, 1793, 1808, 1894, 1872, 1671, 2179, 1255, 1969,
 196:Core/Src/main.c **** 		1963, 1941, 1988, 1959, 1968, 2015, 1930, 1976, 1969, 2161,
 197:Core/Src/main.c **** 		1961, 1997, 2071, 1904, 1967, 1983, 1846, 2240, 1705, 2007,
 198:Core/Src/main.c **** 		2151, 1766, 2041, 2051, 1936, 1816, 2055, 1710, 1836, 2437,
 199:Core/Src/main.c **** 		2517, 2306, 2351, 1597, 1925, 2107, 1729, 2445, 1684, 1863,
 200:Core/Src/main.c **** 		2078, 2087, 2416, 1697, 654, 2118, 1997};
 201:Core/Src/main.c **** 
 202:Core/Src/main.c **** uint32_t Drum_LUT[NS] = {2047, 139, 3442, 2221, 1882, 1687, 2226, 1991, 2024,
ARM GAS  C:\Users\BENJAM~1\AppData\Local\Temp\ccXObaO1.s 			page 5


 203:Core/Src/main.c **** 		4095, 3246, 2552, 1866, 1755, 2171, 2012, 2048, 3437, 2152,
 204:Core/Src/main.c **** 		2174, 2084, 2045, 2043, 2046, 2053, 730, 924, 1813, 2549,
 205:Core/Src/main.c **** 		1815, 2214, 1951, 2008, 1811, 1963, 2099, 2047, 2059, 2035,
 206:Core/Src/main.c **** 		2044, 2042, 2001, 2196, 2097, 2043, 2049, 2037, 2048, 2044,
 207:Core/Src/main.c **** 		3990, 2226, 2255, 2091, 2049, 2053, 2060, 2063, 1465, 2106,
 208:Core/Src/main.c **** 		2033, 2046, 1439, 1340, 1140, 1968, 256, 878, 2242, 2208,
 209:Core/Src/main.c **** 		2081, 1904, 2071, 2052, 2065, 2171, 2054, 2057, 2054, 2118,
 210:Core/Src/main.c **** 		2046, 2076, 827, 2129, 2209, 2121, 2054, 2056, 2038, 2053,
 211:Core/Src/main.c **** 		3707, 1966, 2087, 1528, 2495, 1816, 2040, 2088, 1554, 2013,
 212:Core/Src/main.c **** 		2079, 2033, 2015, 2052, 2040, 2050, 1872, 2246, 1326, 2328,
 213:Core/Src/main.c **** 		1912, 2175, 1991, 2052, 714, 1536, 2010, 2056, 2028, 2062,
 214:Core/Src/main.c **** 		2028, 2066, 1837, 2149, 2044, 2011, 2908, 2656, 2337, 2252,
 215:Core/Src/main.c **** 		3961, 2130, 1924, 1525, 2279, 2041, 2012, 2081, 4092, 2173,
 216:Core/Src/main.c **** 		2050, 1466, 2297, 1988, 2020, 1995, 2023, 1463, 1941, 1984,
 217:Core/Src/main.c **** 		2026, 2043, 2041, 1997, 0, 2262, 1986, 2227, 1891, 2145,
 218:Core/Src/main.c **** 		1968, 2146, 2179, 2076, 2040, 2053, 2045, 2035, 2048, 2060,
 219:Core/Src/main.c **** 		1821, 2132, 2021, 2089, 2028, 2048, 2052, 1777, 1892, 2045,
 220:Core/Src/main.c **** 		1934, 2030, 2082, 2055, 2061, 2091, 1987, 2034, 2049, 3893,
 221:Core/Src/main.c **** 		1471, 1291, 2136, 1972, 0, 2237, 1979, 2422, 1808, 2135,
 222:Core/Src/main.c **** 		2113, 1917, 2193, 2065, 2077, 2025, 2066, 2067, 2049, 4067,
 223:Core/Src/main.c **** 		2676, 2152, 1968, 2082, 2009, 2060, 2048, 3, 3240, 2409,
 224:Core/Src/main.c **** 		1742, 2077, 2050, 2037, 2118, 1678, 2057, 2005, 2067, 2045,
 225:Core/Src/main.c **** 		2050, 2049, 2050, 1157, 2571, 1150, 2044, 2096, 2172, 2002,
 226:Core/Src/main.c **** 		1978, 4073, 2867, 2371, 2044, 2044, 2035, 2034, 2025, 1853,
 227:Core/Src/main.c **** 		1967, 2070, 2046, 964, 2843, 2726, 1886};
 228:Core/Src/main.c **** 
 229:Core/Src/main.c **** // TODO: Equation to calculate TIM2_Ticks
 230:Core/Src/main.c **** uint32_t TIM2_Ticks = 142; // How often to write new LUT value
 231:Core/Src/main.c **** 
 232:Core/Src/main.c **** uint32_t* waveform_LUTs[NUM_WAVEFORMS] = {Sin_LUT, Saw_LUT, Triangle_LUT, Piano_LUT, Guitar_LUT, Dr
 233:Core/Src/main.c **** 
 234:Core/Src/main.c **** /* USER CODE END PV */
 235:Core/Src/main.c **** 
 236:Core/Src/main.c **** /* Private function prototypes -----------------------------------------------*/
 237:Core/Src/main.c **** void SystemClock_Config(void);
 238:Core/Src/main.c **** static void MX_GPIO_Init(void);
 239:Core/Src/main.c **** static void MX_DMA_Init(void);
 240:Core/Src/main.c **** static void MX_TIM2_Init(void);
 241:Core/Src/main.c **** static void MX_TIM3_Init(void);
 242:Core/Src/main.c **** /* USER CODE BEGIN PFP */
 243:Core/Src/main.c **** void EXTI0_IRQHandler(void);
 244:Core/Src/main.c **** /* USER CODE END PFP */
 245:Core/Src/main.c **** 
 246:Core/Src/main.c **** /* Private user code ---------------------------------------------------------*/
 247:Core/Src/main.c **** /* USER CODE BEGIN 0 */
 248:Core/Src/main.c **** 
 249:Core/Src/main.c **** /* USER CODE END 0 */
 250:Core/Src/main.c **** 
 251:Core/Src/main.c **** /**
 252:Core/Src/main.c ****   * @brief  The application entry point.
 253:Core/Src/main.c ****   * @retval int
 254:Core/Src/main.c ****   */
 255:Core/Src/main.c **** int main(void)
 256:Core/Src/main.c **** {
 257:Core/Src/main.c **** 
 258:Core/Src/main.c ****   /* USER CODE BEGIN 1 */
 259:Core/Src/main.c **** 
ARM GAS  C:\Users\BENJAM~1\AppData\Local\Temp\ccXObaO1.s 			page 6


 260:Core/Src/main.c ****   /* USER CODE END 1 */
 261:Core/Src/main.c **** 
 262:Core/Src/main.c ****   /* MCU Configuration--------------------------------------------------------*/
 263:Core/Src/main.c **** 
 264:Core/Src/main.c ****   /* Reset of all peripherals, Initializes the Flash interface and the Systick. */
 265:Core/Src/main.c ****   HAL_Init();
 266:Core/Src/main.c **** 
 267:Core/Src/main.c ****   /* USER CODE BEGIN Init */
 268:Core/Src/main.c **** 
 269:Core/Src/main.c ****   /* USER CODE END Init */
 270:Core/Src/main.c **** 
 271:Core/Src/main.c ****   /* Configure the system clock */
 272:Core/Src/main.c ****   SystemClock_Config();
 273:Core/Src/main.c **** 
 274:Core/Src/main.c ****   /* USER CODE BEGIN SysInit */
 275:Core/Src/main.c **** 
 276:Core/Src/main.c ****   /* USER CODE END SysInit */
 277:Core/Src/main.c **** 
 278:Core/Src/main.c ****   /* Initialize all configured peripherals */
 279:Core/Src/main.c ****   MX_GPIO_Init();
 280:Core/Src/main.c ****   MX_DMA_Init();
 281:Core/Src/main.c ****   MX_TIM2_Init();
 282:Core/Src/main.c ****   MX_TIM3_Init();
 283:Core/Src/main.c ****   /* USER CODE BEGIN 2 */
 284:Core/Src/main.c ****   // TODO: Start TIM3 in PWM mode on channel 3
 285:Core/Src/main.c ****   HAL_TIM_PWM_Start(&htim3, TIM_CHANNEL_3);
 286:Core/Src/main.c **** 
 287:Core/Src/main.c ****   // TODO: Start TIM2 in Output Compare (OC) mode on channel 1
 288:Core/Src/main.c ****   HAL_TIM_OC_Start(&htim2, TIM_CHANNEL_1);
 289:Core/Src/main.c **** 
 290:Core/Src/main.c ****   // TODO: Start DMA in IT mode on TIM2->CH1. Source is LUT and Dest is TIM3->CCR3; start with Sine
 291:Core/Src/main.c ****   uint32_t DestAddress = (uint32_t) &(TIM3->CCR3); // Write LUT TO TIM3->CCR3 to modify PWM duty cy
 292:Core/Src/main.c ****   HAL_DMA_Start_IT(&hdma_tim2_ch1, (uint32_t)Sin_LUT, (uint32_t)&TIM3->CCR3, NS);
 293:Core/Src/main.c **** 
 294:Core/Src/main.c ****   // TODO: Write current waveform to LCD(Sine is the first waveform)
 295:Core/Src/main.c ****   init_LCD();
 296:Core/Src/main.c ****   lcd_command(CLEAR);
 297:Core/Src/main.c ****   lcd_putstring("Waveform: ");
 298:Core/Src/main.c ****   lcd_putstring("Sine");
 299:Core/Src/main.c ****   // TODO: Enable DMA (start transfer from LUT to CCR)
 300:Core/Src/main.c ****   __HAL_TIM_ENABLE_DMA(&htim2, TIM_DMA_CC1);
 301:Core/Src/main.c ****   /* USER CODE END 2 */
 302:Core/Src/main.c **** 
 303:Core/Src/main.c ****   /* Infinite loop */
 304:Core/Src/main.c ****   /* USER CODE BEGIN WHILE */
 305:Core/Src/main.c ****   while (1)
 306:Core/Src/main.c ****   {
 307:Core/Src/main.c ****     /* USER CODE END WHILE */
 308:Core/Src/main.c **** 
 309:Core/Src/main.c ****     /* USER CODE BEGIN 3 */
 310:Core/Src/main.c ****   }
 311:Core/Src/main.c ****   /* USER CODE END 3 */
 312:Core/Src/main.c **** }
 313:Core/Src/main.c **** 
 314:Core/Src/main.c **** /**
 315:Core/Src/main.c ****   * @brief System Clock Configuration
 316:Core/Src/main.c ****   * @retval None
ARM GAS  C:\Users\BENJAM~1\AppData\Local\Temp\ccXObaO1.s 			page 7


 317:Core/Src/main.c ****   */
 318:Core/Src/main.c **** void SystemClock_Config(void)
 319:Core/Src/main.c **** {
 320:Core/Src/main.c ****   RCC_OscInitTypeDef RCC_OscInitStruct = {0};
 321:Core/Src/main.c ****   RCC_ClkInitTypeDef RCC_ClkInitStruct = {0};
 322:Core/Src/main.c **** 
 323:Core/Src/main.c ****   /** Configure the main internal regulator output voltage
 324:Core/Src/main.c ****   */
 325:Core/Src/main.c ****   __HAL_RCC_PWR_CLK_ENABLE();
 326:Core/Src/main.c ****   __HAL_PWR_VOLTAGESCALING_CONFIG(PWR_REGULATOR_VOLTAGE_SCALE3);
 327:Core/Src/main.c **** 
 328:Core/Src/main.c ****   /** Initializes the RCC Oscillators according to the specified parameters
 329:Core/Src/main.c ****   * in the RCC_OscInitTypeDef structure.
 330:Core/Src/main.c ****   */
 331:Core/Src/main.c ****   RCC_OscInitStruct.OscillatorType = RCC_OSCILLATORTYPE_HSI;
 332:Core/Src/main.c ****   RCC_OscInitStruct.HSIState = RCC_HSI_ON;
 333:Core/Src/main.c ****   RCC_OscInitStruct.HSICalibrationValue = RCC_HSICALIBRATION_DEFAULT;
 334:Core/Src/main.c ****   RCC_OscInitStruct.PLL.PLLState = RCC_PLL_NONE;
 335:Core/Src/main.c ****   if (HAL_RCC_OscConfig(&RCC_OscInitStruct) != HAL_OK)
 336:Core/Src/main.c ****   {
 337:Core/Src/main.c ****     Error_Handler();
 338:Core/Src/main.c ****   }
 339:Core/Src/main.c **** 
 340:Core/Src/main.c ****   /** Initializes the CPU, AHB and APB buses clocks
 341:Core/Src/main.c ****   */
 342:Core/Src/main.c ****   RCC_ClkInitStruct.ClockType = RCC_CLOCKTYPE_HCLK|RCC_CLOCKTYPE_SYSCLK
 343:Core/Src/main.c ****                               |RCC_CLOCKTYPE_PCLK1|RCC_CLOCKTYPE_PCLK2;
 344:Core/Src/main.c ****   RCC_ClkInitStruct.SYSCLKSource = RCC_SYSCLKSOURCE_HSI;
 345:Core/Src/main.c ****   RCC_ClkInitStruct.AHBCLKDivider = RCC_SYSCLK_DIV1;
 346:Core/Src/main.c ****   RCC_ClkInitStruct.APB1CLKDivider = RCC_HCLK_DIV1;
 347:Core/Src/main.c ****   RCC_ClkInitStruct.APB2CLKDivider = RCC_HCLK_DIV1;
 348:Core/Src/main.c **** 
 349:Core/Src/main.c ****   if (HAL_RCC_ClockConfig(&RCC_ClkInitStruct, FLASH_LATENCY_0) != HAL_OK)
 350:Core/Src/main.c ****   {
 351:Core/Src/main.c ****     Error_Handler();
 352:Core/Src/main.c ****   }
 353:Core/Src/main.c **** }
 354:Core/Src/main.c **** 
 355:Core/Src/main.c **** /**
 356:Core/Src/main.c ****   * @brief TIM2 Initialization Function
 357:Core/Src/main.c ****   * @param None
 358:Core/Src/main.c ****   * @retval None
 359:Core/Src/main.c ****   */
 360:Core/Src/main.c **** static void MX_TIM2_Init(void)
 361:Core/Src/main.c **** {
 362:Core/Src/main.c **** 
 363:Core/Src/main.c ****   /* USER CODE BEGIN TIM2_Init 0 */
 364:Core/Src/main.c **** 
 365:Core/Src/main.c ****   /* USER CODE END TIM2_Init 0 */
 366:Core/Src/main.c **** 
 367:Core/Src/main.c ****   TIM_ClockConfigTypeDef sClockSourceConfig = {0};
 368:Core/Src/main.c ****   TIM_MasterConfigTypeDef sMasterConfig = {0};
 369:Core/Src/main.c ****   TIM_OC_InitTypeDef sConfigOC = {0};
 370:Core/Src/main.c **** 
 371:Core/Src/main.c ****   /* USER CODE BEGIN TIM2_Init 1 */
 372:Core/Src/main.c **** 
 373:Core/Src/main.c ****   /* USER CODE END TIM2_Init 1 */
ARM GAS  C:\Users\BENJAM~1\AppData\Local\Temp\ccXObaO1.s 			page 8


 374:Core/Src/main.c ****   htim2.Instance = TIM2;
 375:Core/Src/main.c ****   htim2.Init.Prescaler = 0;
 376:Core/Src/main.c ****   htim2.Init.CounterMode = TIM_COUNTERMODE_UP;
 377:Core/Src/main.c ****   htim2.Init.Period = 4294967295;
 378:Core/Src/main.c ****   htim2.Init.ClockDivision = TIM_CLOCKDIVISION_DIV1;
 379:Core/Src/main.c ****   htim2.Init.AutoReloadPreload = TIM_AUTORELOAD_PRELOAD_DISABLE;
 380:Core/Src/main.c ****   if (HAL_TIM_Base_Init(&htim2) != HAL_OK)
 381:Core/Src/main.c ****   {
 382:Core/Src/main.c ****     Error_Handler();
 383:Core/Src/main.c ****   }
 384:Core/Src/main.c ****   sClockSourceConfig.ClockSource = TIM_CLOCKSOURCE_INTERNAL;
 385:Core/Src/main.c ****   if (HAL_TIM_ConfigClockSource(&htim2, &sClockSourceConfig) != HAL_OK)
 386:Core/Src/main.c ****   {
 387:Core/Src/main.c ****     Error_Handler();
 388:Core/Src/main.c ****   }
 389:Core/Src/main.c ****   if (HAL_TIM_OC_Init(&htim2) != HAL_OK)
 390:Core/Src/main.c ****   {
 391:Core/Src/main.c ****     Error_Handler();
 392:Core/Src/main.c ****   }
 393:Core/Src/main.c ****   sMasterConfig.MasterOutputTrigger = TIM_TRGO_RESET;
 394:Core/Src/main.c ****   sMasterConfig.MasterSlaveMode = TIM_MASTERSLAVEMODE_DISABLE;
 395:Core/Src/main.c ****   if (HAL_TIMEx_MasterConfigSynchronization(&htim2, &sMasterConfig) != HAL_OK)
 396:Core/Src/main.c ****   {
 397:Core/Src/main.c ****     Error_Handler();
 398:Core/Src/main.c ****   }
 399:Core/Src/main.c ****   sConfigOC.OCMode = TIM_OCMODE_TIMING;
 400:Core/Src/main.c ****   sConfigOC.Pulse = 0;
 401:Core/Src/main.c ****   sConfigOC.OCPolarity = TIM_OCPOLARITY_HIGH;
 402:Core/Src/main.c ****   sConfigOC.OCFastMode = TIM_OCFAST_DISABLE;
 403:Core/Src/main.c ****   if (HAL_TIM_OC_ConfigChannel(&htim2, &sConfigOC, TIM_CHANNEL_1) != HAL_OK)
 404:Core/Src/main.c ****   {
 405:Core/Src/main.c ****     Error_Handler();
 406:Core/Src/main.c ****   }
 407:Core/Src/main.c ****   /* USER CODE BEGIN TIM2_Init 2 */
 408:Core/Src/main.c ****   /* TIM2_CH1 DMA Init */
 409:Core/Src/main.c ****   __HAL_RCC_DMA1_CLK_ENABLE();
 410:Core/Src/main.c **** 
 411:Core/Src/main.c ****   hdma_tim2_ch1.Instance = DMA1_Stream5;
 412:Core/Src/main.c ****   hdma_tim2_ch1.Init.Channel = DMA_CHANNEL_3;         // TIM2_CH1 is on channel 3
 413:Core/Src/main.c ****   hdma_tim2_ch1.Init.Direction = DMA_MEMORY_TO_PERIPH; // Memory -> TIM3->CCR3
 414:Core/Src/main.c ****   hdma_tim2_ch1.Init.PeriphInc = DMA_PINC_DISABLE;    // Peripheral address fixed
 415:Core/Src/main.c ****   hdma_tim2_ch1.Init.MemInc = DMA_MINC_ENABLE;        // Memory address increments
 416:Core/Src/main.c ****   hdma_tim2_ch1.Init.PeriphDataAlignment = DMA_PDATAALIGN_WORD;
 417:Core/Src/main.c ****   hdma_tim2_ch1.Init.MemDataAlignment = DMA_MDATAALIGN_WORD;
 418:Core/Src/main.c ****   hdma_tim2_ch1.Init.Mode = DMA_CIRCULAR;            // Repeat LUT automatically
 419:Core/Src/main.c ****   hdma_tim2_ch1.Init.Priority = DMA_PRIORITY_HIGH;
 420:Core/Src/main.c ****   hdma_tim2_ch1.Init.FIFOMode = DMA_FIFOMODE_DISABLE;
 421:Core/Src/main.c **** 
 422:Core/Src/main.c ****   if (HAL_DMA_Init(&hdma_tim2_ch1) != HAL_OK)
 423:Core/Src/main.c ****   {
 424:Core/Src/main.c ****       Error_Handler();
 425:Core/Src/main.c ****   }
 426:Core/Src/main.c **** 
 427:Core/Src/main.c ****   /* Link DMA handle to TIM2 handle */
 428:Core/Src/main.c ****   __HAL_LINKDMA(&htim2, hdma[TIM_DMA_ID_CC1], hdma_tim2_ch1);
 429:Core/Src/main.c ****   /* USER CODE END TIM2_Init 2 */
 430:Core/Src/main.c **** 
ARM GAS  C:\Users\BENJAM~1\AppData\Local\Temp\ccXObaO1.s 			page 9


 431:Core/Src/main.c **** }
 432:Core/Src/main.c **** 
 433:Core/Src/main.c **** /**
 434:Core/Src/main.c ****   * @brief TIM3 Initialization Function
 435:Core/Src/main.c ****   * @param None
 436:Core/Src/main.c ****   * @retval None
 437:Core/Src/main.c ****   */
 438:Core/Src/main.c **** static void MX_TIM3_Init(void)
 439:Core/Src/main.c **** {
 440:Core/Src/main.c **** 
 441:Core/Src/main.c ****   /* USER CODE BEGIN TIM3_Init 0 */
 442:Core/Src/main.c **** 
 443:Core/Src/main.c ****   /* USER CODE END TIM3_Init 0 */
 444:Core/Src/main.c **** 
 445:Core/Src/main.c ****   TIM_ClockConfigTypeDef sClockSourceConfig = {0};
 446:Core/Src/main.c ****   TIM_MasterConfigTypeDef sMasterConfig = {0};
 447:Core/Src/main.c ****   TIM_OC_InitTypeDef sConfigOC = {0};
 448:Core/Src/main.c **** 
 449:Core/Src/main.c ****   /* USER CODE BEGIN TIM3_Init 1 */
 450:Core/Src/main.c **** 
 451:Core/Src/main.c ****   /* USER CODE END TIM3_Init 1 */
 452:Core/Src/main.c ****   htim3.Instance = TIM3;
 453:Core/Src/main.c ****   htim3.Init.Prescaler = 0;
 454:Core/Src/main.c ****   htim3.Init.CounterMode = TIM_COUNTERMODE_UP;
 455:Core/Src/main.c ****   htim3.Init.Period = 65535;
 456:Core/Src/main.c ****   htim3.Init.ClockDivision = TIM_CLOCKDIVISION_DIV1;
 457:Core/Src/main.c ****   htim3.Init.AutoReloadPreload = TIM_AUTORELOAD_PRELOAD_DISABLE;
 458:Core/Src/main.c ****   if (HAL_TIM_Base_Init(&htim3) != HAL_OK)
 459:Core/Src/main.c ****   {
 460:Core/Src/main.c ****     Error_Handler();
 461:Core/Src/main.c ****   }
 462:Core/Src/main.c ****   sClockSourceConfig.ClockSource = TIM_CLOCKSOURCE_INTERNAL;
 463:Core/Src/main.c ****   if (HAL_TIM_ConfigClockSource(&htim3, &sClockSourceConfig) != HAL_OK)
 464:Core/Src/main.c ****   {
 465:Core/Src/main.c ****     Error_Handler();
 466:Core/Src/main.c ****   }
 467:Core/Src/main.c ****   if (HAL_TIM_PWM_Init(&htim3) != HAL_OK)
 468:Core/Src/main.c ****   {
 469:Core/Src/main.c ****     Error_Handler();
 470:Core/Src/main.c ****   }
 471:Core/Src/main.c ****   sMasterConfig.MasterOutputTrigger = TIM_TRGO_RESET;
 472:Core/Src/main.c ****   sMasterConfig.MasterSlaveMode = TIM_MASTERSLAVEMODE_DISABLE;
 473:Core/Src/main.c ****   if (HAL_TIMEx_MasterConfigSynchronization(&htim3, &sMasterConfig) != HAL_OK)
 474:Core/Src/main.c ****   {
 475:Core/Src/main.c ****     Error_Handler();
 476:Core/Src/main.c ****   }
 477:Core/Src/main.c ****   sConfigOC.OCMode = TIM_OCMODE_PWM1;
 478:Core/Src/main.c ****   sConfigOC.Pulse = 0;
 479:Core/Src/main.c ****   sConfigOC.OCPolarity = TIM_OCPOLARITY_HIGH;
 480:Core/Src/main.c ****   sConfigOC.OCFastMode = TIM_OCFAST_DISABLE;
 481:Core/Src/main.c ****   if (HAL_TIM_PWM_ConfigChannel(&htim3, &sConfigOC, TIM_CHANNEL_3) != HAL_OK)
 482:Core/Src/main.c ****   {
 483:Core/Src/main.c ****     Error_Handler();
 484:Core/Src/main.c ****   }
 485:Core/Src/main.c ****   /* USER CODE BEGIN TIM3_Init 2 */
 486:Core/Src/main.c **** 
 487:Core/Src/main.c ****   /* USER CODE END TIM3_Init 2 */
ARM GAS  C:\Users\BENJAM~1\AppData\Local\Temp\ccXObaO1.s 			page 10


 488:Core/Src/main.c ****   HAL_TIM_MspPostInit(&htim3);
 489:Core/Src/main.c **** 
 490:Core/Src/main.c **** }
 491:Core/Src/main.c **** 
 492:Core/Src/main.c **** /**
 493:Core/Src/main.c ****   * Enable DMA controller clock
 494:Core/Src/main.c ****   */
 495:Core/Src/main.c **** static void MX_DMA_Init(void)
 496:Core/Src/main.c **** {
 497:Core/Src/main.c **** 
 498:Core/Src/main.c ****   /* DMA controller clock enable */
 499:Core/Src/main.c ****   __HAL_RCC_DMA1_CLK_ENABLE();
 500:Core/Src/main.c **** 
 501:Core/Src/main.c ****   /* DMA interrupt init */
 502:Core/Src/main.c ****   /* DMA1_Stream5_IRQn interrupt configuration */
 503:Core/Src/main.c ****   HAL_NVIC_SetPriority(DMA1_Stream5_IRQn, 0, 0);
 504:Core/Src/main.c ****   HAL_NVIC_EnableIRQ(DMA1_Stream5_IRQn);
 505:Core/Src/main.c **** 
 506:Core/Src/main.c **** }
 507:Core/Src/main.c **** 
 508:Core/Src/main.c **** /**
 509:Core/Src/main.c ****   * @brief GPIO Initialization Function
 510:Core/Src/main.c ****   * @param None
 511:Core/Src/main.c ****   * @retval None
 512:Core/Src/main.c ****   */
 513:Core/Src/main.c **** static void MX_GPIO_Init(void)
 514:Core/Src/main.c **** {
  28              		.loc 1 514 1 view -0
  29              		.cfi_startproc
  30              		@ args = 0, pretend = 0, frame = 32
  31              		@ frame_needed = 0, uses_anonymous_args = 0
  32 0000 2DE9F04F 		push	{r4, r5, r6, r7, r8, r9, r10, fp, lr}
  33              	.LCFI0:
  34              		.cfi_def_cfa_offset 36
  35              		.cfi_offset 4, -36
  36              		.cfi_offset 5, -32
  37              		.cfi_offset 6, -28
  38              		.cfi_offset 7, -24
  39              		.cfi_offset 8, -20
  40              		.cfi_offset 9, -16
  41              		.cfi_offset 10, -12
  42              		.cfi_offset 11, -8
  43              		.cfi_offset 14, -4
  44 0004 89B0     		sub	sp, sp, #36
  45              	.LCFI1:
  46              		.cfi_def_cfa_offset 72
 515:Core/Src/main.c ****   GPIO_InitTypeDef GPIO_InitStruct = {0};
  47              		.loc 1 515 3 view .LVU1
  48              		.loc 1 515 20 is_stmt 0 view .LVU2
  49 0006 0024     		movs	r4, #0
  50 0008 0394     		str	r4, [sp, #12]
  51 000a 0494     		str	r4, [sp, #16]
  52 000c 0594     		str	r4, [sp, #20]
  53 000e 0694     		str	r4, [sp, #24]
  54 0010 0794     		str	r4, [sp, #28]
 516:Core/Src/main.c ****   /* USER CODE BEGIN MX_GPIO_Init_1 */
 517:Core/Src/main.c **** 
ARM GAS  C:\Users\BENJAM~1\AppData\Local\Temp\ccXObaO1.s 			page 11


 518:Core/Src/main.c ****   /* USER CODE END MX_GPIO_Init_1 */
 519:Core/Src/main.c **** 
 520:Core/Src/main.c ****   /* GPIO Ports Clock Enable */
 521:Core/Src/main.c ****   __HAL_RCC_GPIOH_CLK_ENABLE();
  55              		.loc 1 521 3 is_stmt 1 view .LVU3
  56              	.LBB4:
  57              		.loc 1 521 3 view .LVU4
  58 0012 0094     		str	r4, [sp]
  59              		.loc 1 521 3 view .LVU5
  60 0014 2F4B     		ldr	r3, .L3
  61 0016 1A6B     		ldr	r2, [r3, #48]
  62 0018 42F08002 		orr	r2, r2, #128
  63 001c 1A63     		str	r2, [r3, #48]
  64              		.loc 1 521 3 view .LVU6
  65 001e 1A6B     		ldr	r2, [r3, #48]
  66 0020 02F08002 		and	r2, r2, #128
  67 0024 0092     		str	r2, [sp]
  68              		.loc 1 521 3 view .LVU7
  69 0026 009A     		ldr	r2, [sp]
  70              	.LBE4:
  71              		.loc 1 521 3 view .LVU8
 522:Core/Src/main.c ****   __HAL_RCC_GPIOA_CLK_ENABLE();
  72              		.loc 1 522 3 view .LVU9
  73              	.LBB5:
  74              		.loc 1 522 3 view .LVU10
  75 0028 0194     		str	r4, [sp, #4]
  76              		.loc 1 522 3 view .LVU11
  77 002a 1A6B     		ldr	r2, [r3, #48]
  78 002c 42F00102 		orr	r2, r2, #1
  79 0030 1A63     		str	r2, [r3, #48]
  80              		.loc 1 522 3 view .LVU12
  81 0032 1A6B     		ldr	r2, [r3, #48]
  82 0034 02F00102 		and	r2, r2, #1
  83 0038 0192     		str	r2, [sp, #4]
  84              		.loc 1 522 3 view .LVU13
  85 003a 019A     		ldr	r2, [sp, #4]
  86              	.LBE5:
  87              		.loc 1 522 3 view .LVU14
 523:Core/Src/main.c ****   __HAL_RCC_GPIOB_CLK_ENABLE();
  88              		.loc 1 523 3 view .LVU15
  89              	.LBB6:
  90              		.loc 1 523 3 view .LVU16
  91 003c 0294     		str	r4, [sp, #8]
  92              		.loc 1 523 3 view .LVU17
  93 003e 1A6B     		ldr	r2, [r3, #48]
  94 0040 42F00202 		orr	r2, r2, #2
  95 0044 1A63     		str	r2, [r3, #48]
  96              		.loc 1 523 3 view .LVU18
  97 0046 1B6B     		ldr	r3, [r3, #48]
  98 0048 03F00203 		and	r3, r3, #2
  99 004c 0293     		str	r3, [sp, #8]
 100              		.loc 1 523 3 view .LVU19
 101 004e 029B     		ldr	r3, [sp, #8]
 102              	.LBE6:
 103              		.loc 1 523 3 view .LVU20
 524:Core/Src/main.c **** 
 525:Core/Src/main.c ****   // -------------------------------
ARM GAS  C:\Users\BENJAM~1\AppData\Local\Temp\ccXObaO1.s 			page 12


 526:Core/Src/main.c ****   // LCD pins configuration
 527:Core/Src/main.c ****   // -------------------------------
 528:Core/Src/main.c ****   // Configure PC14 (RS) and PC15 (E) as output push-pull
 529:Core/Src/main.c ****   GPIO_InitStruct.Pin = GPIO_PIN_14 | GPIO_PIN_15;
 104              		.loc 1 529 3 view .LVU21
 105              		.loc 1 529 23 is_stmt 0 view .LVU22
 106 0050 4FF4404B 		mov	fp, #49152
 107 0054 CDF80CB0 		str	fp, [sp, #12]
 530:Core/Src/main.c ****   GPIO_InitStruct.Mode = GPIO_MODE_OUTPUT_PP;
 108              		.loc 1 530 3 is_stmt 1 view .LVU23
 109              		.loc 1 530 24 is_stmt 0 view .LVU24
 110 0058 0126     		movs	r6, #1
 111 005a 0496     		str	r6, [sp, #16]
 531:Core/Src/main.c ****   GPIO_InitStruct.Pull = GPIO_NOPULL;
 112              		.loc 1 531 3 is_stmt 1 view .LVU25
 532:Core/Src/main.c ****   GPIO_InitStruct.Speed = GPIO_SPEED_FREQ_LOW;
 113              		.loc 1 532 3 view .LVU26
 533:Core/Src/main.c ****   HAL_GPIO_Init(GPIOC, &GPIO_InitStruct);
 114              		.loc 1 533 3 view .LVU27
 115 005c DFF87CA0 		ldr	r10, .L3+8
 116 0060 03A9     		add	r1, sp, #12
 117 0062 5046     		mov	r0, r10
 118 0064 FFF7FEFF 		bl	HAL_GPIO_Init
 119              	.LVL0:
 534:Core/Src/main.c **** 
 535:Core/Src/main.c ****   // Configure PB8 (D4) and PB9 (D5) as output push-pull
 536:Core/Src/main.c ****   GPIO_InitStruct.Pin = GPIO_PIN_8 | GPIO_PIN_9;
 120              		.loc 1 536 3 view .LVU28
 121              		.loc 1 536 23 is_stmt 0 view .LVU29
 122 0068 4FF44079 		mov	r9, #768
 123 006c CDF80C90 		str	r9, [sp, #12]
 537:Core/Src/main.c ****   HAL_GPIO_Init(GPIOB, &GPIO_InitStruct);
 124              		.loc 1 537 3 is_stmt 1 view .LVU30
 125 0070 DFF86C80 		ldr	r8, .L3+12
 126 0074 03A9     		add	r1, sp, #12
 127 0076 4046     		mov	r0, r8
 128 0078 FFF7FEFF 		bl	HAL_GPIO_Init
 129              	.LVL1:
 538:Core/Src/main.c **** 
 539:Core/Src/main.c ****   // Configure PA12 (D6) and PA15 (D7) as output push-pull
 540:Core/Src/main.c ****   GPIO_InitStruct.Pin = GPIO_PIN_12 | GPIO_PIN_15;
 130              		.loc 1 540 3 view .LVU31
 131              		.loc 1 540 23 is_stmt 0 view .LVU32
 132 007c 4FF41047 		mov	r7, #36864
 133 0080 0397     		str	r7, [sp, #12]
 541:Core/Src/main.c ****   HAL_GPIO_Init(GPIOA, &GPIO_InitStruct);
 134              		.loc 1 541 3 is_stmt 1 view .LVU33
 135 0082 154D     		ldr	r5, .L3+4
 136 0084 03A9     		add	r1, sp, #12
 137 0086 2846     		mov	r0, r5
 138 0088 FFF7FEFF 		bl	HAL_GPIO_Init
 139              	.LVL2:
 542:Core/Src/main.c **** 
 543:Core/Src/main.c ****   // Set all LCD pins LOW initially
 544:Core/Src/main.c ****   HAL_GPIO_WritePin(GPIOC, GPIO_PIN_14 | GPIO_PIN_15, GPIO_PIN_RESET);
 140              		.loc 1 544 3 view .LVU34
 141 008c 2246     		mov	r2, r4
ARM GAS  C:\Users\BENJAM~1\AppData\Local\Temp\ccXObaO1.s 			page 13


 142 008e 5946     		mov	r1, fp
 143 0090 5046     		mov	r0, r10
 144 0092 FFF7FEFF 		bl	HAL_GPIO_WritePin
 145              	.LVL3:
 545:Core/Src/main.c ****   HAL_GPIO_WritePin(GPIOB, GPIO_PIN_8 | GPIO_PIN_9, GPIO_PIN_RESET);
 146              		.loc 1 545 3 view .LVU35
 147 0096 2246     		mov	r2, r4
 148 0098 4946     		mov	r1, r9
 149 009a 4046     		mov	r0, r8
 150 009c FFF7FEFF 		bl	HAL_GPIO_WritePin
 151              	.LVL4:
 546:Core/Src/main.c ****   HAL_GPIO_WritePin(GPIOA, GPIO_PIN_12 | GPIO_PIN_15, GPIO_PIN_RESET);
 152              		.loc 1 546 3 view .LVU36
 153 00a0 2246     		mov	r2, r4
 154 00a2 3946     		mov	r1, r7
 155 00a4 2846     		mov	r0, r5
 156 00a6 FFF7FEFF 		bl	HAL_GPIO_WritePin
 157              	.LVL5:
 547:Core/Src/main.c **** 
 548:Core/Src/main.c **** 
 549:Core/Src/main.c ****   // -------------------------------
 550:Core/Src/main.c ****   // Button0 configuration (PA0)
 551:Core/Src/main.c ****   // -------------------------------
 552:Core/Src/main.c ****   GPIO_InitStruct.Pin = Button0_Pin;
 158              		.loc 1 552 3 view .LVU37
 159              		.loc 1 552 23 is_stmt 0 view .LVU38
 160 00aa 0396     		str	r6, [sp, #12]
 553:Core/Src/main.c ****   GPIO_InitStruct.Mode = GPIO_MODE_IT_RISING; // Interrupt on rising edge
 161              		.loc 1 553 3 is_stmt 1 view .LVU39
 162              		.loc 1 553 24 is_stmt 0 view .LVU40
 163 00ac 4FF48813 		mov	r3, #1114112
 164 00b0 0493     		str	r3, [sp, #16]
 554:Core/Src/main.c ****   GPIO_InitStruct.Pull = GPIO_PULLUP;         // Use pull-up resistor
 165              		.loc 1 554 3 is_stmt 1 view .LVU41
 166              		.loc 1 554 24 is_stmt 0 view .LVU42
 167 00b2 0596     		str	r6, [sp, #20]
 555:Core/Src/main.c ****   HAL_GPIO_Init(GPIOA, &GPIO_InitStruct);
 168              		.loc 1 555 3 is_stmt 1 view .LVU43
 169 00b4 03A9     		add	r1, sp, #12
 170 00b6 2846     		mov	r0, r5
 171 00b8 FFF7FEFF 		bl	HAL_GPIO_Init
 172              	.LVL6:
 556:Core/Src/main.c **** 
 557:Core/Src/main.c ****   // Enable and set EXTI line 0 interrupt priority
 558:Core/Src/main.c ****   HAL_NVIC_SetPriority(EXTI0_IRQn, 2, 0);
 173              		.loc 1 558 3 view .LVU44
 174 00bc 2246     		mov	r2, r4
 175 00be 0221     		movs	r1, #2
 176 00c0 0620     		movs	r0, #6
 177 00c2 FFF7FEFF 		bl	HAL_NVIC_SetPriority
 178              	.LVL7:
 559:Core/Src/main.c ****   HAL_NVIC_EnableIRQ(EXTI0_IRQn);
 179              		.loc 1 559 3 view .LVU45
 180 00c6 0620     		movs	r0, #6
 181 00c8 FFF7FEFF 		bl	HAL_NVIC_EnableIRQ
 182              	.LVL8:
 560:Core/Src/main.c **** 
ARM GAS  C:\Users\BENJAM~1\AppData\Local\Temp\ccXObaO1.s 			page 14


 561:Core/Src/main.c ****   /* USER CODE END MX_GPIO_Init_2 */
 562:Core/Src/main.c **** }
 183              		.loc 1 562 1 is_stmt 0 view .LVU46
 184 00cc 09B0     		add	sp, sp, #36
 185              	.LCFI2:
 186              		.cfi_def_cfa_offset 36
 187              		@ sp needed
 188 00ce BDE8F08F 		pop	{r4, r5, r6, r7, r8, r9, r10, fp, pc}
 189              	.L4:
 190 00d2 00BF     		.align	2
 191              	.L3:
 192 00d4 00380240 		.word	1073887232
 193 00d8 00000240 		.word	1073872896
 194 00dc 00080240 		.word	1073874944
 195 00e0 00040240 		.word	1073873920
 196              		.cfi_endproc
 197              	.LFE142:
 199              		.section	.text.MX_DMA_Init,"ax",%progbits
 200              		.align	1
 201              		.syntax unified
 202              		.thumb
 203              		.thumb_func
 205              	MX_DMA_Init:
 206              	.LFB141:
 496:Core/Src/main.c **** 
 207              		.loc 1 496 1 is_stmt 1 view -0
 208              		.cfi_startproc
 209              		@ args = 0, pretend = 0, frame = 8
 210              		@ frame_needed = 0, uses_anonymous_args = 0
 211 0000 00B5     		push	{lr}
 212              	.LCFI3:
 213              		.cfi_def_cfa_offset 4
 214              		.cfi_offset 14, -4
 215 0002 83B0     		sub	sp, sp, #12
 216              	.LCFI4:
 217              		.cfi_def_cfa_offset 16
 499:Core/Src/main.c **** 
 218              		.loc 1 499 3 view .LVU48
 219              	.LBB7:
 499:Core/Src/main.c **** 
 220              		.loc 1 499 3 view .LVU49
 221 0004 0021     		movs	r1, #0
 222 0006 0191     		str	r1, [sp, #4]
 499:Core/Src/main.c **** 
 223              		.loc 1 499 3 view .LVU50
 224 0008 094B     		ldr	r3, .L7
 225 000a 1A6B     		ldr	r2, [r3, #48]
 226 000c 42F40012 		orr	r2, r2, #2097152
 227 0010 1A63     		str	r2, [r3, #48]
 499:Core/Src/main.c **** 
 228              		.loc 1 499 3 view .LVU51
 229 0012 1B6B     		ldr	r3, [r3, #48]
 230 0014 03F40013 		and	r3, r3, #2097152
 231 0018 0193     		str	r3, [sp, #4]
 499:Core/Src/main.c **** 
 232              		.loc 1 499 3 view .LVU52
 233 001a 019B     		ldr	r3, [sp, #4]
ARM GAS  C:\Users\BENJAM~1\AppData\Local\Temp\ccXObaO1.s 			page 15


 234              	.LBE7:
 499:Core/Src/main.c **** 
 235              		.loc 1 499 3 view .LVU53
 503:Core/Src/main.c ****   HAL_NVIC_EnableIRQ(DMA1_Stream5_IRQn);
 236              		.loc 1 503 3 view .LVU54
 237 001c 0A46     		mov	r2, r1
 238 001e 1020     		movs	r0, #16
 239 0020 FFF7FEFF 		bl	HAL_NVIC_SetPriority
 240              	.LVL9:
 504:Core/Src/main.c **** 
 241              		.loc 1 504 3 view .LVU55
 242 0024 1020     		movs	r0, #16
 243 0026 FFF7FEFF 		bl	HAL_NVIC_EnableIRQ
 244              	.LVL10:
 506:Core/Src/main.c **** 
 245              		.loc 1 506 1 is_stmt 0 view .LVU56
 246 002a 03B0     		add	sp, sp, #12
 247              	.LCFI5:
 248              		.cfi_def_cfa_offset 4
 249              		@ sp needed
 250 002c 5DF804FB 		ldr	pc, [sp], #4
 251              	.L8:
 252              		.align	2
 253              	.L7:
 254 0030 00380240 		.word	1073887232
 255              		.cfi_endproc
 256              	.LFE141:
 258              		.section	.rodata.EXTI0_IRQHandler.str1.4,"aMS",%progbits,1
 259              		.align	2
 260              	.LC0:
 261 0000 57617665 		.ascii	"Waveform: \000"
 261      666F726D 
 261      3A2000
 262              		.section	.text.EXTI0_IRQHandler,"ax",%progbits
 263              		.align	1
 264              		.global	EXTI0_IRQHandler
 265              		.syntax unified
 266              		.thumb
 267              		.thumb_func
 269              	EXTI0_IRQHandler:
 270              	.LFB143:
 563:Core/Src/main.c **** 
 564:Core/Src/main.c **** /* USER CODE BEGIN 4 */
 565:Core/Src/main.c **** void EXTI0_IRQHandler(void)
 566:Core/Src/main.c **** {
 271              		.loc 1 566 1 is_stmt 1 view -0
 272              		.cfi_startproc
 273              		@ args = 0, pretend = 0, frame = 0
 274              		@ frame_needed = 0, uses_anonymous_args = 0
 275 0000 70B5     		push	{r4, r5, r6, lr}
 276              	.LCFI6:
 277              		.cfi_def_cfa_offset 16
 278              		.cfi_offset 4, -16
 279              		.cfi_offset 5, -12
 280              		.cfi_offset 6, -8
 281              		.cfi_offset 14, -4
 567:Core/Src/main.c **** 	HAL_GPIO_EXTI_IRQHandler(Button0_Pin); // Clear interrupt flags
ARM GAS  C:\Users\BENJAM~1\AppData\Local\Temp\ccXObaO1.s 			page 16


 282              		.loc 1 567 2 view .LVU58
 283 0002 0120     		movs	r0, #1
 284 0004 FFF7FEFF 		bl	HAL_GPIO_EXTI_IRQHandler
 285              	.LVL11:
 568:Core/Src/main.c **** 
 569:Core/Src/main.c **** 	// TODO: Debounce using HAL_GetTick()
 570:Core/Src/main.c **** 	uint32_t now = HAL_GetTick();
 286              		.loc 1 570 2 view .LVU59
 287              		.loc 1 570 17 is_stmt 0 view .LVU60
 288 0008 FFF7FEFF 		bl	HAL_GetTick
 289              	.LVL12:
 571:Core/Src/main.c **** 	if (now - last_press_time < DEBOUNCE_DELAY_MS)
 290              		.loc 1 571 2 is_stmt 1 view .LVU61
 291              		.loc 1 571 10 is_stmt 0 view .LVU62
 292 000c 1B4B     		ldr	r3, .L12
 293 000e 1B68     		ldr	r3, [r3]
 294 0010 C31A     		subs	r3, r0, r3
 295              		.loc 1 571 5 view .LVU63
 296 0012 312B     		cmp	r3, #49
 297 0014 01D8     		bhi	.L10
 572:Core/Src/main.c **** 	{
 573:Core/Src/main.c **** 		last_press_time = now;
 298              		.loc 1 573 3 is_stmt 1 view .LVU64
 299              		.loc 1 573 19 is_stmt 0 view .LVU65
 300 0016 194B     		ldr	r3, .L12
 301 0018 1860     		str	r0, [r3]
 302              	.L10:
 574:Core/Src/main.c **** 	}
 575:Core/Src/main.c **** 
 576:Core/Src/main.c **** 	// TODO: Disable DMA transfer and abort IT, then start DMA in IT mode with new LUT and re-enable t
 577:Core/Src/main.c **** 	__HAL_TIM_DISABLE_DMA(&htim2, TIM_DMA_CC1);
 303              		.loc 1 577 2 is_stmt 1 view .LVU66
 304 001a 194D     		ldr	r5, .L12+4
 305 001c 2A68     		ldr	r2, [r5]
 306 001e D368     		ldr	r3, [r2, #12]
 307 0020 23F40073 		bic	r3, r3, #512
 308 0024 D360     		str	r3, [r2, #12]
 578:Core/Src/main.c **** 	HAL_DMA_Abort_IT(&hdma_tim2_ch1);
 309              		.loc 1 578 2 view .LVU67
 310 0026 174E     		ldr	r6, .L12+8
 311 0028 3046     		mov	r0, r6
 312              	.LVL13:
 313              		.loc 1 578 2 is_stmt 0 view .LVU68
 314 002a FFF7FEFF 		bl	HAL_DMA_Abort_IT
 315              	.LVL14:
 579:Core/Src/main.c **** 	// HINT: Consider using C's "switch" function to handle LUT changes
 580:Core/Src/main.c **** 
 581:Core/Src/main.c **** 	current_waveform = (current_waveform + 1) % NUM_WAVEFORMS;
 316              		.loc 1 581 2 is_stmt 1 view .LVU69
 317              		.loc 1 581 39 is_stmt 0 view .LVU70
 318 002e 164C     		ldr	r4, .L12+12
 319 0030 2278     		ldrb	r2, [r4]	@ zero_extendqisi2
 320 0032 0132     		adds	r2, r2, #1
 321              		.loc 1 581 44 view .LVU71
 322 0034 154B     		ldr	r3, .L12+16
 323 0036 83FB0213 		smull	r1, r3, r3, r2
 324 003a 03EB4303 		add	r3, r3, r3, lsl #1
ARM GAS  C:\Users\BENJAM~1\AppData\Local\Temp\ccXObaO1.s 			page 17


 325 003e A2EB4303 		sub	r3, r2, r3, lsl #1
 326              		.loc 1 581 19 view .LVU72
 327 0042 2370     		strb	r3, [r4]
 582:Core/Src/main.c **** 
 583:Core/Src/main.c **** 	HAL_DMA_Start_IT(&hdma_tim2_ch1, (uint32_t)waveform_LUTs[current_waveform], (uint32_t)&TIM3->CCR3,
 328              		.loc 1 583 2 is_stmt 1 view .LVU73
 329              		.loc 1 583 58 is_stmt 0 view .LVU74
 330 0044 D9B2     		uxtb	r1, r3
 331              		.loc 1 583 2 view .LVU75
 332 0046 4FF48073 		mov	r3, #256
 333 004a 114A     		ldr	r2, .L12+20
 334 004c 1148     		ldr	r0, .L12+24
 335 004e 50F82110 		ldr	r1, [r0, r1, lsl #2]
 336 0052 3046     		mov	r0, r6
 337 0054 FFF7FEFF 		bl	HAL_DMA_Start_IT
 338              	.LVL15:
 584:Core/Src/main.c **** 
 585:Core/Src/main.c **** 	__HAL_TIM_ENABLE_DMA(&htim2, TIM_DMA_CC1);
 339              		.loc 1 585 2 is_stmt 1 view .LVU76
 340 0058 2A68     		ldr	r2, [r5]
 341 005a D368     		ldr	r3, [r2, #12]
 342 005c 43F40073 		orr	r3, r3, #512
 343 0060 D360     		str	r3, [r2, #12]
 586:Core/Src/main.c **** 
 587:Core/Src/main.c **** 	lcd_command(CLEAR);
 344              		.loc 1 587 2 view .LVU77
 345 0062 0120     		movs	r0, #1
 346 0064 FFF7FEFF 		bl	lcd_command
 347              	.LVL16:
 588:Core/Src/main.c **** 	lcd_putstring("Waveform: ");
 348              		.loc 1 588 2 view .LVU78
 349 0068 0B48     		ldr	r0, .L12+28
 350 006a FFF7FEFF 		bl	lcd_putstring
 351              	.LVL17:
 589:Core/Src/main.c **** 	lcd_putstring(waveform_names[current_waveform]);
 352              		.loc 1 589 2 view .LVU79
 353 006e 2278     		ldrb	r2, [r4]	@ zero_extendqisi2
 354 0070 0A4B     		ldr	r3, .L12+32
 355 0072 53F82200 		ldr	r0, [r3, r2, lsl #2]
 356 0076 FFF7FEFF 		bl	lcd_putstring
 357              	.LVL18:
 590:Core/Src/main.c **** 
 591:Core/Src/main.c **** 
 592:Core/Src/main.c **** }
 358              		.loc 1 592 1 is_stmt 0 view .LVU80
 359 007a 70BD     		pop	{r4, r5, r6, pc}
 360              	.L13:
 361              		.align	2
 362              	.L12:
 363 007c 00000000 		.word	last_press_time
 364 0080 00000000 		.word	htim2
 365 0084 00000000 		.word	hdma_tim2_ch1
 366 0088 00000000 		.word	current_waveform
 367 008c ABAAAA2A 		.word	715827883
 368 0090 3C040040 		.word	1073742908
 369 0094 00000000 		.word	waveform_LUTs
 370 0098 00000000 		.word	.LC0
ARM GAS  C:\Users\BENJAM~1\AppData\Local\Temp\ccXObaO1.s 			page 18


 371 009c 00000000 		.word	waveform_names
 372              		.cfi_endproc
 373              	.LFE143:
 375              		.section	.text.Error_Handler,"ax",%progbits
 376              		.align	1
 377              		.global	Error_Handler
 378              		.syntax unified
 379              		.thumb
 380              		.thumb_func
 382              	Error_Handler:
 383              	.LFB144:
 593:Core/Src/main.c **** /* USER CODE END 4 */
 594:Core/Src/main.c **** 
 595:Core/Src/main.c **** /**
 596:Core/Src/main.c ****   * @brief  This function is executed in case of error occurrence.
 597:Core/Src/main.c ****   * @retval None
 598:Core/Src/main.c ****   */
 599:Core/Src/main.c **** void Error_Handler(void)
 600:Core/Src/main.c **** {
 384              		.loc 1 600 1 is_stmt 1 view -0
 385              		.cfi_startproc
 386              		@ Volatile: function does not return.
 387              		@ args = 0, pretend = 0, frame = 0
 388              		@ frame_needed = 0, uses_anonymous_args = 0
 389              		@ link register save eliminated.
 601:Core/Src/main.c ****   /* USER CODE BEGIN Error_Handler_Debug */
 602:Core/Src/main.c ****   /* User can add his own implementation to report the HAL error return state */
 603:Core/Src/main.c ****   __disable_irq();
 390              		.loc 1 603 3 view .LVU82
 391              	.LBB8:
 392              	.LBI8:
 393              		.file 2 "Drivers/CMSIS/Include/cmsis_gcc.h"
   1:Drivers/CMSIS/Include/cmsis_gcc.h **** /**************************************************************************//**
   2:Drivers/CMSIS/Include/cmsis_gcc.h ****  * @file     cmsis_gcc.h
   3:Drivers/CMSIS/Include/cmsis_gcc.h ****  * @brief    CMSIS compiler GCC header file
   4:Drivers/CMSIS/Include/cmsis_gcc.h ****  * @version  V5.4.1
   5:Drivers/CMSIS/Include/cmsis_gcc.h ****  * @date     27. May 2021
   6:Drivers/CMSIS/Include/cmsis_gcc.h ****  ******************************************************************************/
   7:Drivers/CMSIS/Include/cmsis_gcc.h **** /*
   8:Drivers/CMSIS/Include/cmsis_gcc.h ****  * Copyright (c) 2009-2021 Arm Limited. All rights reserved.
   9:Drivers/CMSIS/Include/cmsis_gcc.h ****  *
  10:Drivers/CMSIS/Include/cmsis_gcc.h ****  * SPDX-License-Identifier: Apache-2.0
  11:Drivers/CMSIS/Include/cmsis_gcc.h ****  *
  12:Drivers/CMSIS/Include/cmsis_gcc.h ****  * Licensed under the Apache License, Version 2.0 (the License); you may
  13:Drivers/CMSIS/Include/cmsis_gcc.h ****  * not use this file except in compliance with the License.
  14:Drivers/CMSIS/Include/cmsis_gcc.h ****  * You may obtain a copy of the License at
  15:Drivers/CMSIS/Include/cmsis_gcc.h ****  *
  16:Drivers/CMSIS/Include/cmsis_gcc.h ****  * www.apache.org/licenses/LICENSE-2.0
  17:Drivers/CMSIS/Include/cmsis_gcc.h ****  *
  18:Drivers/CMSIS/Include/cmsis_gcc.h ****  * Unless required by applicable law or agreed to in writing, software
  19:Drivers/CMSIS/Include/cmsis_gcc.h ****  * distributed under the License is distributed on an AS IS BASIS, WITHOUT
  20:Drivers/CMSIS/Include/cmsis_gcc.h ****  * WARRANTIES OR CONDITIONS OF ANY KIND, either express or implied.
  21:Drivers/CMSIS/Include/cmsis_gcc.h ****  * See the License for the specific language governing permissions and
  22:Drivers/CMSIS/Include/cmsis_gcc.h ****  * limitations under the License.
  23:Drivers/CMSIS/Include/cmsis_gcc.h ****  */
  24:Drivers/CMSIS/Include/cmsis_gcc.h **** 
  25:Drivers/CMSIS/Include/cmsis_gcc.h **** #ifndef __CMSIS_GCC_H
ARM GAS  C:\Users\BENJAM~1\AppData\Local\Temp\ccXObaO1.s 			page 19


  26:Drivers/CMSIS/Include/cmsis_gcc.h **** #define __CMSIS_GCC_H
  27:Drivers/CMSIS/Include/cmsis_gcc.h **** 
  28:Drivers/CMSIS/Include/cmsis_gcc.h **** /* ignore some GCC warnings */
  29:Drivers/CMSIS/Include/cmsis_gcc.h **** #pragma GCC diagnostic push
  30:Drivers/CMSIS/Include/cmsis_gcc.h **** #pragma GCC diagnostic ignored "-Wsign-conversion"
  31:Drivers/CMSIS/Include/cmsis_gcc.h **** #pragma GCC diagnostic ignored "-Wconversion"
  32:Drivers/CMSIS/Include/cmsis_gcc.h **** #pragma GCC diagnostic ignored "-Wunused-parameter"
  33:Drivers/CMSIS/Include/cmsis_gcc.h **** 
  34:Drivers/CMSIS/Include/cmsis_gcc.h **** /* Fallback for __has_builtin */
  35:Drivers/CMSIS/Include/cmsis_gcc.h **** #ifndef __has_builtin
  36:Drivers/CMSIS/Include/cmsis_gcc.h ****   #define __has_builtin(x) (0)
  37:Drivers/CMSIS/Include/cmsis_gcc.h **** #endif
  38:Drivers/CMSIS/Include/cmsis_gcc.h **** 
  39:Drivers/CMSIS/Include/cmsis_gcc.h **** /* CMSIS compiler specific defines */
  40:Drivers/CMSIS/Include/cmsis_gcc.h **** #ifndef   __ASM
  41:Drivers/CMSIS/Include/cmsis_gcc.h ****   #define __ASM                                  __asm
  42:Drivers/CMSIS/Include/cmsis_gcc.h **** #endif
  43:Drivers/CMSIS/Include/cmsis_gcc.h **** #ifndef   __INLINE
  44:Drivers/CMSIS/Include/cmsis_gcc.h ****   #define __INLINE                               inline
  45:Drivers/CMSIS/Include/cmsis_gcc.h **** #endif
  46:Drivers/CMSIS/Include/cmsis_gcc.h **** #ifndef   __STATIC_INLINE
  47:Drivers/CMSIS/Include/cmsis_gcc.h ****   #define __STATIC_INLINE                        static inline
  48:Drivers/CMSIS/Include/cmsis_gcc.h **** #endif
  49:Drivers/CMSIS/Include/cmsis_gcc.h **** #ifndef   __STATIC_FORCEINLINE
  50:Drivers/CMSIS/Include/cmsis_gcc.h ****   #define __STATIC_FORCEINLINE                   __attribute__((always_inline)) static inline
  51:Drivers/CMSIS/Include/cmsis_gcc.h **** #endif
  52:Drivers/CMSIS/Include/cmsis_gcc.h **** #ifndef   __NO_RETURN
  53:Drivers/CMSIS/Include/cmsis_gcc.h ****   #define __NO_RETURN                            __attribute__((__noreturn__))
  54:Drivers/CMSIS/Include/cmsis_gcc.h **** #endif
  55:Drivers/CMSIS/Include/cmsis_gcc.h **** #ifndef   __USED
  56:Drivers/CMSIS/Include/cmsis_gcc.h ****   #define __USED                                 __attribute__((used))
  57:Drivers/CMSIS/Include/cmsis_gcc.h **** #endif
  58:Drivers/CMSIS/Include/cmsis_gcc.h **** #ifndef   __WEAK
  59:Drivers/CMSIS/Include/cmsis_gcc.h ****   #define __WEAK                                 __attribute__((weak))
  60:Drivers/CMSIS/Include/cmsis_gcc.h **** #endif
  61:Drivers/CMSIS/Include/cmsis_gcc.h **** #ifndef   __PACKED
  62:Drivers/CMSIS/Include/cmsis_gcc.h ****   #define __PACKED                               __attribute__((packed, aligned(1)))
  63:Drivers/CMSIS/Include/cmsis_gcc.h **** #endif
  64:Drivers/CMSIS/Include/cmsis_gcc.h **** #ifndef   __PACKED_STRUCT
  65:Drivers/CMSIS/Include/cmsis_gcc.h ****   #define __PACKED_STRUCT                        struct __attribute__((packed, aligned(1)))
  66:Drivers/CMSIS/Include/cmsis_gcc.h **** #endif
  67:Drivers/CMSIS/Include/cmsis_gcc.h **** #ifndef   __PACKED_UNION
  68:Drivers/CMSIS/Include/cmsis_gcc.h ****   #define __PACKED_UNION                         union __attribute__((packed, aligned(1)))
  69:Drivers/CMSIS/Include/cmsis_gcc.h **** #endif
  70:Drivers/CMSIS/Include/cmsis_gcc.h **** #ifndef   __UNALIGNED_UINT32        /* deprecated */
  71:Drivers/CMSIS/Include/cmsis_gcc.h ****   #pragma GCC diagnostic push
  72:Drivers/CMSIS/Include/cmsis_gcc.h ****   #pragma GCC diagnostic ignored "-Wpacked"
  73:Drivers/CMSIS/Include/cmsis_gcc.h ****   #pragma GCC diagnostic ignored "-Wattributes"
  74:Drivers/CMSIS/Include/cmsis_gcc.h ****   struct __attribute__((packed)) T_UINT32 { uint32_t v; };
  75:Drivers/CMSIS/Include/cmsis_gcc.h ****   #pragma GCC diagnostic pop
  76:Drivers/CMSIS/Include/cmsis_gcc.h ****   #define __UNALIGNED_UINT32(x)                  (((struct T_UINT32 *)(x))->v)
  77:Drivers/CMSIS/Include/cmsis_gcc.h **** #endif
  78:Drivers/CMSIS/Include/cmsis_gcc.h **** #ifndef   __UNALIGNED_UINT16_WRITE
  79:Drivers/CMSIS/Include/cmsis_gcc.h ****   #pragma GCC diagnostic push
  80:Drivers/CMSIS/Include/cmsis_gcc.h ****   #pragma GCC diagnostic ignored "-Wpacked"
  81:Drivers/CMSIS/Include/cmsis_gcc.h ****   #pragma GCC diagnostic ignored "-Wattributes"
  82:Drivers/CMSIS/Include/cmsis_gcc.h ****   __PACKED_STRUCT T_UINT16_WRITE { uint16_t v; };
ARM GAS  C:\Users\BENJAM~1\AppData\Local\Temp\ccXObaO1.s 			page 20


  83:Drivers/CMSIS/Include/cmsis_gcc.h ****   #pragma GCC diagnostic pop
  84:Drivers/CMSIS/Include/cmsis_gcc.h ****   #define __UNALIGNED_UINT16_WRITE(addr, val)    (void)((((struct T_UINT16_WRITE *)(void *)(addr))-
  85:Drivers/CMSIS/Include/cmsis_gcc.h **** #endif
  86:Drivers/CMSIS/Include/cmsis_gcc.h **** #ifndef   __UNALIGNED_UINT16_READ
  87:Drivers/CMSIS/Include/cmsis_gcc.h ****   #pragma GCC diagnostic push
  88:Drivers/CMSIS/Include/cmsis_gcc.h ****   #pragma GCC diagnostic ignored "-Wpacked"
  89:Drivers/CMSIS/Include/cmsis_gcc.h ****   #pragma GCC diagnostic ignored "-Wattributes"
  90:Drivers/CMSIS/Include/cmsis_gcc.h ****   __PACKED_STRUCT T_UINT16_READ { uint16_t v; };
  91:Drivers/CMSIS/Include/cmsis_gcc.h ****   #pragma GCC diagnostic pop
  92:Drivers/CMSIS/Include/cmsis_gcc.h ****   #define __UNALIGNED_UINT16_READ(addr)          (((const struct T_UINT16_READ *)(const void *)(add
  93:Drivers/CMSIS/Include/cmsis_gcc.h **** #endif
  94:Drivers/CMSIS/Include/cmsis_gcc.h **** #ifndef   __UNALIGNED_UINT32_WRITE
  95:Drivers/CMSIS/Include/cmsis_gcc.h ****   #pragma GCC diagnostic push
  96:Drivers/CMSIS/Include/cmsis_gcc.h ****   #pragma GCC diagnostic ignored "-Wpacked"
  97:Drivers/CMSIS/Include/cmsis_gcc.h ****   #pragma GCC diagnostic ignored "-Wattributes"
  98:Drivers/CMSIS/Include/cmsis_gcc.h ****   __PACKED_STRUCT T_UINT32_WRITE { uint32_t v; };
  99:Drivers/CMSIS/Include/cmsis_gcc.h ****   #pragma GCC diagnostic pop
 100:Drivers/CMSIS/Include/cmsis_gcc.h ****   #define __UNALIGNED_UINT32_WRITE(addr, val)    (void)((((struct T_UINT32_WRITE *)(void *)(addr))-
 101:Drivers/CMSIS/Include/cmsis_gcc.h **** #endif
 102:Drivers/CMSIS/Include/cmsis_gcc.h **** #ifndef   __UNALIGNED_UINT32_READ
 103:Drivers/CMSIS/Include/cmsis_gcc.h ****   #pragma GCC diagnostic push
 104:Drivers/CMSIS/Include/cmsis_gcc.h ****   #pragma GCC diagnostic ignored "-Wpacked"
 105:Drivers/CMSIS/Include/cmsis_gcc.h ****   #pragma GCC diagnostic ignored "-Wattributes"
 106:Drivers/CMSIS/Include/cmsis_gcc.h ****   __PACKED_STRUCT T_UINT32_READ { uint32_t v; };
 107:Drivers/CMSIS/Include/cmsis_gcc.h ****   #pragma GCC diagnostic pop
 108:Drivers/CMSIS/Include/cmsis_gcc.h ****   #define __UNALIGNED_UINT32_READ(addr)          (((const struct T_UINT32_READ *)(const void *)(add
 109:Drivers/CMSIS/Include/cmsis_gcc.h **** #endif
 110:Drivers/CMSIS/Include/cmsis_gcc.h **** #ifndef   __ALIGNED
 111:Drivers/CMSIS/Include/cmsis_gcc.h ****   #define __ALIGNED(x)                           __attribute__((aligned(x)))
 112:Drivers/CMSIS/Include/cmsis_gcc.h **** #endif
 113:Drivers/CMSIS/Include/cmsis_gcc.h **** #ifndef   __RESTRICT
 114:Drivers/CMSIS/Include/cmsis_gcc.h ****   #define __RESTRICT                             __restrict
 115:Drivers/CMSIS/Include/cmsis_gcc.h **** #endif
 116:Drivers/CMSIS/Include/cmsis_gcc.h **** #ifndef   __COMPILER_BARRIER
 117:Drivers/CMSIS/Include/cmsis_gcc.h ****   #define __COMPILER_BARRIER()                   __ASM volatile("":::"memory")
 118:Drivers/CMSIS/Include/cmsis_gcc.h **** #endif
 119:Drivers/CMSIS/Include/cmsis_gcc.h **** 
 120:Drivers/CMSIS/Include/cmsis_gcc.h **** /* #########################  Startup and Lowlevel Init  ######################## */
 121:Drivers/CMSIS/Include/cmsis_gcc.h **** 
 122:Drivers/CMSIS/Include/cmsis_gcc.h **** #ifndef __PROGRAM_START
 123:Drivers/CMSIS/Include/cmsis_gcc.h **** 
 124:Drivers/CMSIS/Include/cmsis_gcc.h **** /**
 125:Drivers/CMSIS/Include/cmsis_gcc.h ****   \brief   Initializes data and bss sections
 126:Drivers/CMSIS/Include/cmsis_gcc.h ****   \details This default implementations initialized all data and additional bss
 127:Drivers/CMSIS/Include/cmsis_gcc.h ****            sections relying on .copy.table and .zero.table specified properly
 128:Drivers/CMSIS/Include/cmsis_gcc.h ****            in the used linker script.
 129:Drivers/CMSIS/Include/cmsis_gcc.h **** 
 130:Drivers/CMSIS/Include/cmsis_gcc.h ****  */
 131:Drivers/CMSIS/Include/cmsis_gcc.h **** __STATIC_FORCEINLINE __NO_RETURN void __cmsis_start(void)
 132:Drivers/CMSIS/Include/cmsis_gcc.h **** {
 133:Drivers/CMSIS/Include/cmsis_gcc.h ****   extern void _start(void) __NO_RETURN;
 134:Drivers/CMSIS/Include/cmsis_gcc.h **** 
 135:Drivers/CMSIS/Include/cmsis_gcc.h ****   typedef struct {
 136:Drivers/CMSIS/Include/cmsis_gcc.h ****     uint32_t const* src;
 137:Drivers/CMSIS/Include/cmsis_gcc.h ****     uint32_t* dest;
 138:Drivers/CMSIS/Include/cmsis_gcc.h ****     uint32_t  wlen;
 139:Drivers/CMSIS/Include/cmsis_gcc.h ****   } __copy_table_t;
ARM GAS  C:\Users\BENJAM~1\AppData\Local\Temp\ccXObaO1.s 			page 21


 140:Drivers/CMSIS/Include/cmsis_gcc.h **** 
 141:Drivers/CMSIS/Include/cmsis_gcc.h ****   typedef struct {
 142:Drivers/CMSIS/Include/cmsis_gcc.h ****     uint32_t* dest;
 143:Drivers/CMSIS/Include/cmsis_gcc.h ****     uint32_t  wlen;
 144:Drivers/CMSIS/Include/cmsis_gcc.h ****   } __zero_table_t;
 145:Drivers/CMSIS/Include/cmsis_gcc.h **** 
 146:Drivers/CMSIS/Include/cmsis_gcc.h ****   extern const __copy_table_t __copy_table_start__;
 147:Drivers/CMSIS/Include/cmsis_gcc.h ****   extern const __copy_table_t __copy_table_end__;
 148:Drivers/CMSIS/Include/cmsis_gcc.h ****   extern const __zero_table_t __zero_table_start__;
 149:Drivers/CMSIS/Include/cmsis_gcc.h ****   extern const __zero_table_t __zero_table_end__;
 150:Drivers/CMSIS/Include/cmsis_gcc.h **** 
 151:Drivers/CMSIS/Include/cmsis_gcc.h ****   for (__copy_table_t const* pTable = &__copy_table_start__; pTable < &__copy_table_end__; ++pTable
 152:Drivers/CMSIS/Include/cmsis_gcc.h ****     for(uint32_t i=0u; i<pTable->wlen; ++i) {
 153:Drivers/CMSIS/Include/cmsis_gcc.h ****       pTable->dest[i] = pTable->src[i];
 154:Drivers/CMSIS/Include/cmsis_gcc.h ****     }
 155:Drivers/CMSIS/Include/cmsis_gcc.h ****   }
 156:Drivers/CMSIS/Include/cmsis_gcc.h **** 
 157:Drivers/CMSIS/Include/cmsis_gcc.h ****   for (__zero_table_t const* pTable = &__zero_table_start__; pTable < &__zero_table_end__; ++pTable
 158:Drivers/CMSIS/Include/cmsis_gcc.h ****     for(uint32_t i=0u; i<pTable->wlen; ++i) {
 159:Drivers/CMSIS/Include/cmsis_gcc.h ****       pTable->dest[i] = 0u;
 160:Drivers/CMSIS/Include/cmsis_gcc.h ****     }
 161:Drivers/CMSIS/Include/cmsis_gcc.h ****   }
 162:Drivers/CMSIS/Include/cmsis_gcc.h **** 
 163:Drivers/CMSIS/Include/cmsis_gcc.h ****   _start();
 164:Drivers/CMSIS/Include/cmsis_gcc.h **** }
 165:Drivers/CMSIS/Include/cmsis_gcc.h **** 
 166:Drivers/CMSIS/Include/cmsis_gcc.h **** #define __PROGRAM_START           __cmsis_start
 167:Drivers/CMSIS/Include/cmsis_gcc.h **** #endif
 168:Drivers/CMSIS/Include/cmsis_gcc.h **** 
 169:Drivers/CMSIS/Include/cmsis_gcc.h **** #ifndef __INITIAL_SP
 170:Drivers/CMSIS/Include/cmsis_gcc.h **** #define __INITIAL_SP              __StackTop
 171:Drivers/CMSIS/Include/cmsis_gcc.h **** #endif
 172:Drivers/CMSIS/Include/cmsis_gcc.h **** 
 173:Drivers/CMSIS/Include/cmsis_gcc.h **** #ifndef __STACK_LIMIT
 174:Drivers/CMSIS/Include/cmsis_gcc.h **** #define __STACK_LIMIT             __StackLimit
 175:Drivers/CMSIS/Include/cmsis_gcc.h **** #endif
 176:Drivers/CMSIS/Include/cmsis_gcc.h **** 
 177:Drivers/CMSIS/Include/cmsis_gcc.h **** #ifndef __VECTOR_TABLE
 178:Drivers/CMSIS/Include/cmsis_gcc.h **** #define __VECTOR_TABLE            __Vectors
 179:Drivers/CMSIS/Include/cmsis_gcc.h **** #endif
 180:Drivers/CMSIS/Include/cmsis_gcc.h **** 
 181:Drivers/CMSIS/Include/cmsis_gcc.h **** #ifndef __VECTOR_TABLE_ATTRIBUTE
 182:Drivers/CMSIS/Include/cmsis_gcc.h **** #define __VECTOR_TABLE_ATTRIBUTE  __attribute__((used, section(".vectors")))
 183:Drivers/CMSIS/Include/cmsis_gcc.h **** #endif
 184:Drivers/CMSIS/Include/cmsis_gcc.h **** 
 185:Drivers/CMSIS/Include/cmsis_gcc.h **** #if defined (__ARM_FEATURE_CMSE) && (__ARM_FEATURE_CMSE == 3U)
 186:Drivers/CMSIS/Include/cmsis_gcc.h **** #ifndef __STACK_SEAL
 187:Drivers/CMSIS/Include/cmsis_gcc.h **** #define __STACK_SEAL              __StackSeal
 188:Drivers/CMSIS/Include/cmsis_gcc.h **** #endif
 189:Drivers/CMSIS/Include/cmsis_gcc.h **** 
 190:Drivers/CMSIS/Include/cmsis_gcc.h **** #ifndef __TZ_STACK_SEAL_SIZE
 191:Drivers/CMSIS/Include/cmsis_gcc.h **** #define __TZ_STACK_SEAL_SIZE      8U
 192:Drivers/CMSIS/Include/cmsis_gcc.h **** #endif
 193:Drivers/CMSIS/Include/cmsis_gcc.h **** 
 194:Drivers/CMSIS/Include/cmsis_gcc.h **** #ifndef __TZ_STACK_SEAL_VALUE
 195:Drivers/CMSIS/Include/cmsis_gcc.h **** #define __TZ_STACK_SEAL_VALUE     0xFEF5EDA5FEF5EDA5ULL
 196:Drivers/CMSIS/Include/cmsis_gcc.h **** #endif
ARM GAS  C:\Users\BENJAM~1\AppData\Local\Temp\ccXObaO1.s 			page 22


 197:Drivers/CMSIS/Include/cmsis_gcc.h **** 
 198:Drivers/CMSIS/Include/cmsis_gcc.h **** 
 199:Drivers/CMSIS/Include/cmsis_gcc.h **** __STATIC_FORCEINLINE void __TZ_set_STACKSEAL_S (uint32_t* stackTop) {
 200:Drivers/CMSIS/Include/cmsis_gcc.h ****   *((uint64_t *)stackTop) = __TZ_STACK_SEAL_VALUE;
 201:Drivers/CMSIS/Include/cmsis_gcc.h **** }
 202:Drivers/CMSIS/Include/cmsis_gcc.h **** #endif
 203:Drivers/CMSIS/Include/cmsis_gcc.h **** 
 204:Drivers/CMSIS/Include/cmsis_gcc.h **** 
 205:Drivers/CMSIS/Include/cmsis_gcc.h **** /* ##########################  Core Instruction Access  ######################### */
 206:Drivers/CMSIS/Include/cmsis_gcc.h **** /** \defgroup CMSIS_Core_InstructionInterface CMSIS Core Instruction Interface
 207:Drivers/CMSIS/Include/cmsis_gcc.h ****   Access to dedicated instructions
 208:Drivers/CMSIS/Include/cmsis_gcc.h ****   @{
 209:Drivers/CMSIS/Include/cmsis_gcc.h **** */
 210:Drivers/CMSIS/Include/cmsis_gcc.h **** 
 211:Drivers/CMSIS/Include/cmsis_gcc.h **** /* Define macros for porting to both thumb1 and thumb2.
 212:Drivers/CMSIS/Include/cmsis_gcc.h ****  * For thumb1, use low register (r0-r7), specified by constraint "l"
 213:Drivers/CMSIS/Include/cmsis_gcc.h ****  * Otherwise, use general registers, specified by constraint "r" */
 214:Drivers/CMSIS/Include/cmsis_gcc.h **** #if defined (__thumb__) && !defined (__thumb2__)
 215:Drivers/CMSIS/Include/cmsis_gcc.h **** #define __CMSIS_GCC_OUT_REG(r) "=l" (r)
 216:Drivers/CMSIS/Include/cmsis_gcc.h **** #define __CMSIS_GCC_RW_REG(r) "+l" (r)
 217:Drivers/CMSIS/Include/cmsis_gcc.h **** #define __CMSIS_GCC_USE_REG(r) "l" (r)
 218:Drivers/CMSIS/Include/cmsis_gcc.h **** #else
 219:Drivers/CMSIS/Include/cmsis_gcc.h **** #define __CMSIS_GCC_OUT_REG(r) "=r" (r)
 220:Drivers/CMSIS/Include/cmsis_gcc.h **** #define __CMSIS_GCC_RW_REG(r) "+r" (r)
 221:Drivers/CMSIS/Include/cmsis_gcc.h **** #define __CMSIS_GCC_USE_REG(r) "r" (r)
 222:Drivers/CMSIS/Include/cmsis_gcc.h **** #endif
 223:Drivers/CMSIS/Include/cmsis_gcc.h **** 
 224:Drivers/CMSIS/Include/cmsis_gcc.h **** /**
 225:Drivers/CMSIS/Include/cmsis_gcc.h ****   \brief   No Operation
 226:Drivers/CMSIS/Include/cmsis_gcc.h ****   \details No Operation does nothing. This instruction can be used for code alignment purposes.
 227:Drivers/CMSIS/Include/cmsis_gcc.h ****  */
 228:Drivers/CMSIS/Include/cmsis_gcc.h **** #define __NOP()                             __ASM volatile ("nop")
 229:Drivers/CMSIS/Include/cmsis_gcc.h **** 
 230:Drivers/CMSIS/Include/cmsis_gcc.h **** /**
 231:Drivers/CMSIS/Include/cmsis_gcc.h ****   \brief   Wait For Interrupt
 232:Drivers/CMSIS/Include/cmsis_gcc.h ****   \details Wait For Interrupt is a hint instruction that suspends execution until one of a number o
 233:Drivers/CMSIS/Include/cmsis_gcc.h ****  */
 234:Drivers/CMSIS/Include/cmsis_gcc.h **** #define __WFI()                             __ASM volatile ("wfi":::"memory")
 235:Drivers/CMSIS/Include/cmsis_gcc.h **** 
 236:Drivers/CMSIS/Include/cmsis_gcc.h **** 
 237:Drivers/CMSIS/Include/cmsis_gcc.h **** /**
 238:Drivers/CMSIS/Include/cmsis_gcc.h ****   \brief   Wait For Event
 239:Drivers/CMSIS/Include/cmsis_gcc.h ****   \details Wait For Event is a hint instruction that permits the processor to enter
 240:Drivers/CMSIS/Include/cmsis_gcc.h ****            a low-power state until one of a number of events occurs.
 241:Drivers/CMSIS/Include/cmsis_gcc.h ****  */
 242:Drivers/CMSIS/Include/cmsis_gcc.h **** #define __WFE()                             __ASM volatile ("wfe":::"memory")
 243:Drivers/CMSIS/Include/cmsis_gcc.h **** 
 244:Drivers/CMSIS/Include/cmsis_gcc.h **** 
 245:Drivers/CMSIS/Include/cmsis_gcc.h **** /**
 246:Drivers/CMSIS/Include/cmsis_gcc.h ****   \brief   Send Event
 247:Drivers/CMSIS/Include/cmsis_gcc.h ****   \details Send Event is a hint instruction. It causes an event to be signaled to the CPU.
 248:Drivers/CMSIS/Include/cmsis_gcc.h ****  */
 249:Drivers/CMSIS/Include/cmsis_gcc.h **** #define __SEV()                             __ASM volatile ("sev")
 250:Drivers/CMSIS/Include/cmsis_gcc.h **** 
 251:Drivers/CMSIS/Include/cmsis_gcc.h **** 
 252:Drivers/CMSIS/Include/cmsis_gcc.h **** /**
 253:Drivers/CMSIS/Include/cmsis_gcc.h ****   \brief   Instruction Synchronization Barrier
ARM GAS  C:\Users\BENJAM~1\AppData\Local\Temp\ccXObaO1.s 			page 23


 254:Drivers/CMSIS/Include/cmsis_gcc.h ****   \details Instruction Synchronization Barrier flushes the pipeline in the processor,
 255:Drivers/CMSIS/Include/cmsis_gcc.h ****            so that all instructions following the ISB are fetched from cache or memory,
 256:Drivers/CMSIS/Include/cmsis_gcc.h ****            after the instruction has been completed.
 257:Drivers/CMSIS/Include/cmsis_gcc.h ****  */
 258:Drivers/CMSIS/Include/cmsis_gcc.h **** __STATIC_FORCEINLINE void __ISB(void)
 259:Drivers/CMSIS/Include/cmsis_gcc.h **** {
 260:Drivers/CMSIS/Include/cmsis_gcc.h ****   __ASM volatile ("isb 0xF":::"memory");
 261:Drivers/CMSIS/Include/cmsis_gcc.h **** }
 262:Drivers/CMSIS/Include/cmsis_gcc.h **** 
 263:Drivers/CMSIS/Include/cmsis_gcc.h **** 
 264:Drivers/CMSIS/Include/cmsis_gcc.h **** /**
 265:Drivers/CMSIS/Include/cmsis_gcc.h ****   \brief   Data Synchronization Barrier
 266:Drivers/CMSIS/Include/cmsis_gcc.h ****   \details Acts as a special kind of Data Memory Barrier.
 267:Drivers/CMSIS/Include/cmsis_gcc.h ****            It completes when all explicit memory accesses before this instruction complete.
 268:Drivers/CMSIS/Include/cmsis_gcc.h ****  */
 269:Drivers/CMSIS/Include/cmsis_gcc.h **** __STATIC_FORCEINLINE void __DSB(void)
 270:Drivers/CMSIS/Include/cmsis_gcc.h **** {
 271:Drivers/CMSIS/Include/cmsis_gcc.h ****   __ASM volatile ("dsb 0xF":::"memory");
 272:Drivers/CMSIS/Include/cmsis_gcc.h **** }
 273:Drivers/CMSIS/Include/cmsis_gcc.h **** 
 274:Drivers/CMSIS/Include/cmsis_gcc.h **** 
 275:Drivers/CMSIS/Include/cmsis_gcc.h **** /**
 276:Drivers/CMSIS/Include/cmsis_gcc.h ****   \brief   Data Memory Barrier
 277:Drivers/CMSIS/Include/cmsis_gcc.h ****   \details Ensures the apparent order of the explicit memory operations before
 278:Drivers/CMSIS/Include/cmsis_gcc.h ****            and after the instruction, without ensuring their completion.
 279:Drivers/CMSIS/Include/cmsis_gcc.h ****  */
 280:Drivers/CMSIS/Include/cmsis_gcc.h **** __STATIC_FORCEINLINE void __DMB(void)
 281:Drivers/CMSIS/Include/cmsis_gcc.h **** {
 282:Drivers/CMSIS/Include/cmsis_gcc.h ****   __ASM volatile ("dmb 0xF":::"memory");
 283:Drivers/CMSIS/Include/cmsis_gcc.h **** }
 284:Drivers/CMSIS/Include/cmsis_gcc.h **** 
 285:Drivers/CMSIS/Include/cmsis_gcc.h **** 
 286:Drivers/CMSIS/Include/cmsis_gcc.h **** /**
 287:Drivers/CMSIS/Include/cmsis_gcc.h ****   \brief   Reverse byte order (32 bit)
 288:Drivers/CMSIS/Include/cmsis_gcc.h ****   \details Reverses the byte order in unsigned integer value. For example, 0x12345678 becomes 0x785
 289:Drivers/CMSIS/Include/cmsis_gcc.h ****   \param [in]    value  Value to reverse
 290:Drivers/CMSIS/Include/cmsis_gcc.h ****   \return               Reversed value
 291:Drivers/CMSIS/Include/cmsis_gcc.h ****  */
 292:Drivers/CMSIS/Include/cmsis_gcc.h **** __STATIC_FORCEINLINE uint32_t __REV(uint32_t value)
 293:Drivers/CMSIS/Include/cmsis_gcc.h **** {
 294:Drivers/CMSIS/Include/cmsis_gcc.h **** #if (__GNUC__ > 4) || (__GNUC__ == 4 && __GNUC_MINOR__ >= 5)
 295:Drivers/CMSIS/Include/cmsis_gcc.h ****   return __builtin_bswap32(value);
 296:Drivers/CMSIS/Include/cmsis_gcc.h **** #else
 297:Drivers/CMSIS/Include/cmsis_gcc.h ****   uint32_t result;
 298:Drivers/CMSIS/Include/cmsis_gcc.h **** 
 299:Drivers/CMSIS/Include/cmsis_gcc.h ****   __ASM ("rev %0, %1" : __CMSIS_GCC_OUT_REG (result) : __CMSIS_GCC_USE_REG (value) );
 300:Drivers/CMSIS/Include/cmsis_gcc.h ****   return result;
 301:Drivers/CMSIS/Include/cmsis_gcc.h **** #endif
 302:Drivers/CMSIS/Include/cmsis_gcc.h **** }
 303:Drivers/CMSIS/Include/cmsis_gcc.h **** 
 304:Drivers/CMSIS/Include/cmsis_gcc.h **** 
 305:Drivers/CMSIS/Include/cmsis_gcc.h **** /**
 306:Drivers/CMSIS/Include/cmsis_gcc.h ****   \brief   Reverse byte order (16 bit)
 307:Drivers/CMSIS/Include/cmsis_gcc.h ****   \details Reverses the byte order within each halfword of a word. For example, 0x12345678 becomes 
 308:Drivers/CMSIS/Include/cmsis_gcc.h ****   \param [in]    value  Value to reverse
 309:Drivers/CMSIS/Include/cmsis_gcc.h ****   \return               Reversed value
 310:Drivers/CMSIS/Include/cmsis_gcc.h ****  */
ARM GAS  C:\Users\BENJAM~1\AppData\Local\Temp\ccXObaO1.s 			page 24


 311:Drivers/CMSIS/Include/cmsis_gcc.h **** __STATIC_FORCEINLINE uint32_t __REV16(uint32_t value)
 312:Drivers/CMSIS/Include/cmsis_gcc.h **** {
 313:Drivers/CMSIS/Include/cmsis_gcc.h ****   uint32_t result;
 314:Drivers/CMSIS/Include/cmsis_gcc.h **** 
 315:Drivers/CMSIS/Include/cmsis_gcc.h ****   __ASM ("rev16 %0, %1" : __CMSIS_GCC_OUT_REG (result) : __CMSIS_GCC_USE_REG (value) );
 316:Drivers/CMSIS/Include/cmsis_gcc.h ****   return result;
 317:Drivers/CMSIS/Include/cmsis_gcc.h **** }
 318:Drivers/CMSIS/Include/cmsis_gcc.h **** 
 319:Drivers/CMSIS/Include/cmsis_gcc.h **** 
 320:Drivers/CMSIS/Include/cmsis_gcc.h **** /**
 321:Drivers/CMSIS/Include/cmsis_gcc.h ****   \brief   Reverse byte order (16 bit)
 322:Drivers/CMSIS/Include/cmsis_gcc.h ****   \details Reverses the byte order in a 16-bit value and returns the signed 16-bit result. For exam
 323:Drivers/CMSIS/Include/cmsis_gcc.h ****   \param [in]    value  Value to reverse
 324:Drivers/CMSIS/Include/cmsis_gcc.h ****   \return               Reversed value
 325:Drivers/CMSIS/Include/cmsis_gcc.h ****  */
 326:Drivers/CMSIS/Include/cmsis_gcc.h **** __STATIC_FORCEINLINE int16_t __REVSH(int16_t value)
 327:Drivers/CMSIS/Include/cmsis_gcc.h **** {
 328:Drivers/CMSIS/Include/cmsis_gcc.h **** #if (__GNUC__ > 4) || (__GNUC__ == 4 && __GNUC_MINOR__ >= 8)
 329:Drivers/CMSIS/Include/cmsis_gcc.h ****   return (int16_t)__builtin_bswap16(value);
 330:Drivers/CMSIS/Include/cmsis_gcc.h **** #else
 331:Drivers/CMSIS/Include/cmsis_gcc.h ****   int16_t result;
 332:Drivers/CMSIS/Include/cmsis_gcc.h **** 
 333:Drivers/CMSIS/Include/cmsis_gcc.h ****   __ASM ("revsh %0, %1" : __CMSIS_GCC_OUT_REG (result) : __CMSIS_GCC_USE_REG (value) );
 334:Drivers/CMSIS/Include/cmsis_gcc.h ****   return result;
 335:Drivers/CMSIS/Include/cmsis_gcc.h **** #endif
 336:Drivers/CMSIS/Include/cmsis_gcc.h **** }
 337:Drivers/CMSIS/Include/cmsis_gcc.h **** 
 338:Drivers/CMSIS/Include/cmsis_gcc.h **** 
 339:Drivers/CMSIS/Include/cmsis_gcc.h **** /**
 340:Drivers/CMSIS/Include/cmsis_gcc.h ****   \brief   Rotate Right in unsigned value (32 bit)
 341:Drivers/CMSIS/Include/cmsis_gcc.h ****   \details Rotate Right (immediate) provides the value of the contents of a register rotated by a v
 342:Drivers/CMSIS/Include/cmsis_gcc.h ****   \param [in]    op1  Value to rotate
 343:Drivers/CMSIS/Include/cmsis_gcc.h ****   \param [in]    op2  Number of Bits to rotate
 344:Drivers/CMSIS/Include/cmsis_gcc.h ****   \return               Rotated value
 345:Drivers/CMSIS/Include/cmsis_gcc.h ****  */
 346:Drivers/CMSIS/Include/cmsis_gcc.h **** __STATIC_FORCEINLINE uint32_t __ROR(uint32_t op1, uint32_t op2)
 347:Drivers/CMSIS/Include/cmsis_gcc.h **** {
 348:Drivers/CMSIS/Include/cmsis_gcc.h ****   op2 %= 32U;
 349:Drivers/CMSIS/Include/cmsis_gcc.h ****   if (op2 == 0U)
 350:Drivers/CMSIS/Include/cmsis_gcc.h ****   {
 351:Drivers/CMSIS/Include/cmsis_gcc.h ****     return op1;
 352:Drivers/CMSIS/Include/cmsis_gcc.h ****   }
 353:Drivers/CMSIS/Include/cmsis_gcc.h ****   return (op1 >> op2) | (op1 << (32U - op2));
 354:Drivers/CMSIS/Include/cmsis_gcc.h **** }
 355:Drivers/CMSIS/Include/cmsis_gcc.h **** 
 356:Drivers/CMSIS/Include/cmsis_gcc.h **** 
 357:Drivers/CMSIS/Include/cmsis_gcc.h **** /**
 358:Drivers/CMSIS/Include/cmsis_gcc.h ****   \brief   Breakpoint
 359:Drivers/CMSIS/Include/cmsis_gcc.h ****   \details Causes the processor to enter Debug state.
 360:Drivers/CMSIS/Include/cmsis_gcc.h ****            Debug tools can use this to investigate system state when the instruction at a particula
 361:Drivers/CMSIS/Include/cmsis_gcc.h ****   \param [in]    value  is ignored by the processor.
 362:Drivers/CMSIS/Include/cmsis_gcc.h ****                  If required, a debugger can use it to store additional information about the break
 363:Drivers/CMSIS/Include/cmsis_gcc.h ****  */
 364:Drivers/CMSIS/Include/cmsis_gcc.h **** #define __BKPT(value)                       __ASM volatile ("bkpt "#value)
 365:Drivers/CMSIS/Include/cmsis_gcc.h **** 
 366:Drivers/CMSIS/Include/cmsis_gcc.h **** 
 367:Drivers/CMSIS/Include/cmsis_gcc.h **** /**
ARM GAS  C:\Users\BENJAM~1\AppData\Local\Temp\ccXObaO1.s 			page 25


 368:Drivers/CMSIS/Include/cmsis_gcc.h ****   \brief   Reverse bit order of value
 369:Drivers/CMSIS/Include/cmsis_gcc.h ****   \details Reverses the bit order of the given value.
 370:Drivers/CMSIS/Include/cmsis_gcc.h ****   \param [in]    value  Value to reverse
 371:Drivers/CMSIS/Include/cmsis_gcc.h ****   \return               Reversed value
 372:Drivers/CMSIS/Include/cmsis_gcc.h ****  */
 373:Drivers/CMSIS/Include/cmsis_gcc.h **** __STATIC_FORCEINLINE uint32_t __RBIT(uint32_t value)
 374:Drivers/CMSIS/Include/cmsis_gcc.h **** {
 375:Drivers/CMSIS/Include/cmsis_gcc.h ****   uint32_t result;
 376:Drivers/CMSIS/Include/cmsis_gcc.h **** 
 377:Drivers/CMSIS/Include/cmsis_gcc.h **** #if ((defined (__ARM_ARCH_7M__      ) && (__ARM_ARCH_7M__      == 1)) || \
 378:Drivers/CMSIS/Include/cmsis_gcc.h ****      (defined (__ARM_ARCH_7EM__     ) && (__ARM_ARCH_7EM__     == 1)) || \
 379:Drivers/CMSIS/Include/cmsis_gcc.h ****      (defined (__ARM_ARCH_8M_MAIN__ ) && (__ARM_ARCH_8M_MAIN__ == 1))    )
 380:Drivers/CMSIS/Include/cmsis_gcc.h ****    __ASM ("rbit %0, %1" : "=r" (result) : "r" (value) );
 381:Drivers/CMSIS/Include/cmsis_gcc.h **** #else
 382:Drivers/CMSIS/Include/cmsis_gcc.h ****   uint32_t s = (4U /*sizeof(v)*/ * 8U) - 1U; /* extra shift needed at end */
 383:Drivers/CMSIS/Include/cmsis_gcc.h **** 
 384:Drivers/CMSIS/Include/cmsis_gcc.h ****   result = value;                      /* r will be reversed bits of v; first get LSB of v */
 385:Drivers/CMSIS/Include/cmsis_gcc.h ****   for (value >>= 1U; value != 0U; value >>= 1U)
 386:Drivers/CMSIS/Include/cmsis_gcc.h ****   {
 387:Drivers/CMSIS/Include/cmsis_gcc.h ****     result <<= 1U;
 388:Drivers/CMSIS/Include/cmsis_gcc.h ****     result |= value & 1U;
 389:Drivers/CMSIS/Include/cmsis_gcc.h ****     s--;
 390:Drivers/CMSIS/Include/cmsis_gcc.h ****   }
 391:Drivers/CMSIS/Include/cmsis_gcc.h ****   result <<= s;                        /* shift when v's highest bits are zero */
 392:Drivers/CMSIS/Include/cmsis_gcc.h **** #endif
 393:Drivers/CMSIS/Include/cmsis_gcc.h ****   return result;
 394:Drivers/CMSIS/Include/cmsis_gcc.h **** }
 395:Drivers/CMSIS/Include/cmsis_gcc.h **** 
 396:Drivers/CMSIS/Include/cmsis_gcc.h **** 
 397:Drivers/CMSIS/Include/cmsis_gcc.h **** /**
 398:Drivers/CMSIS/Include/cmsis_gcc.h ****   \brief   Count leading zeros
 399:Drivers/CMSIS/Include/cmsis_gcc.h ****   \details Counts the number of leading zeros of a data value.
 400:Drivers/CMSIS/Include/cmsis_gcc.h ****   \param [in]  value  Value to count the leading zeros
 401:Drivers/CMSIS/Include/cmsis_gcc.h ****   \return             number of leading zeros in value
 402:Drivers/CMSIS/Include/cmsis_gcc.h ****  */
 403:Drivers/CMSIS/Include/cmsis_gcc.h **** __STATIC_FORCEINLINE uint8_t __CLZ(uint32_t value)
 404:Drivers/CMSIS/Include/cmsis_gcc.h **** {
 405:Drivers/CMSIS/Include/cmsis_gcc.h ****   /* Even though __builtin_clz produces a CLZ instruction on ARM, formally
 406:Drivers/CMSIS/Include/cmsis_gcc.h ****      __builtin_clz(0) is undefined behaviour, so handle this case specially.
 407:Drivers/CMSIS/Include/cmsis_gcc.h ****      This guarantees ARM-compatible results if happening to compile on a non-ARM
 408:Drivers/CMSIS/Include/cmsis_gcc.h ****      target, and ensures the compiler doesn't decide to activate any
 409:Drivers/CMSIS/Include/cmsis_gcc.h ****      optimisations using the logic "value was passed to __builtin_clz, so it
 410:Drivers/CMSIS/Include/cmsis_gcc.h ****      is non-zero".
 411:Drivers/CMSIS/Include/cmsis_gcc.h ****      ARM GCC 7.3 and possibly earlier will optimise this test away, leaving a
 412:Drivers/CMSIS/Include/cmsis_gcc.h ****      single CLZ instruction.
 413:Drivers/CMSIS/Include/cmsis_gcc.h ****    */
 414:Drivers/CMSIS/Include/cmsis_gcc.h ****   if (value == 0U)
 415:Drivers/CMSIS/Include/cmsis_gcc.h ****   {
 416:Drivers/CMSIS/Include/cmsis_gcc.h ****     return 32U;
 417:Drivers/CMSIS/Include/cmsis_gcc.h ****   }
 418:Drivers/CMSIS/Include/cmsis_gcc.h ****   return __builtin_clz(value);
 419:Drivers/CMSIS/Include/cmsis_gcc.h **** }
 420:Drivers/CMSIS/Include/cmsis_gcc.h **** 
 421:Drivers/CMSIS/Include/cmsis_gcc.h **** 
 422:Drivers/CMSIS/Include/cmsis_gcc.h **** #if ((defined (__ARM_ARCH_7M__      ) && (__ARM_ARCH_7M__      == 1)) || \
 423:Drivers/CMSIS/Include/cmsis_gcc.h ****      (defined (__ARM_ARCH_7EM__     ) && (__ARM_ARCH_7EM__     == 1)) || \
 424:Drivers/CMSIS/Include/cmsis_gcc.h ****      (defined (__ARM_ARCH_8M_MAIN__ ) && (__ARM_ARCH_8M_MAIN__ == 1)) || \
ARM GAS  C:\Users\BENJAM~1\AppData\Local\Temp\ccXObaO1.s 			page 26


 425:Drivers/CMSIS/Include/cmsis_gcc.h ****      (defined (__ARM_ARCH_8M_BASE__ ) && (__ARM_ARCH_8M_BASE__ == 1))    )
 426:Drivers/CMSIS/Include/cmsis_gcc.h **** /**
 427:Drivers/CMSIS/Include/cmsis_gcc.h ****   \brief   LDR Exclusive (8 bit)
 428:Drivers/CMSIS/Include/cmsis_gcc.h ****   \details Executes a exclusive LDR instruction for 8 bit value.
 429:Drivers/CMSIS/Include/cmsis_gcc.h ****   \param [in]    ptr  Pointer to data
 430:Drivers/CMSIS/Include/cmsis_gcc.h ****   \return             value of type uint8_t at (*ptr)
 431:Drivers/CMSIS/Include/cmsis_gcc.h ****  */
 432:Drivers/CMSIS/Include/cmsis_gcc.h **** __STATIC_FORCEINLINE uint8_t __LDREXB(volatile uint8_t *addr)
 433:Drivers/CMSIS/Include/cmsis_gcc.h **** {
 434:Drivers/CMSIS/Include/cmsis_gcc.h ****     uint32_t result;
 435:Drivers/CMSIS/Include/cmsis_gcc.h **** 
 436:Drivers/CMSIS/Include/cmsis_gcc.h **** #if (__GNUC__ > 4) || (__GNUC__ == 4 && __GNUC_MINOR__ >= 8)
 437:Drivers/CMSIS/Include/cmsis_gcc.h ****    __ASM volatile ("ldrexb %0, %1" : "=r" (result) : "Q" (*addr) );
 438:Drivers/CMSIS/Include/cmsis_gcc.h **** #else
 439:Drivers/CMSIS/Include/cmsis_gcc.h ****     /* Prior to GCC 4.8, "Q" will be expanded to [rx, #0] which is not
 440:Drivers/CMSIS/Include/cmsis_gcc.h ****        accepted by assembler. So has to use following less efficient pattern.
 441:Drivers/CMSIS/Include/cmsis_gcc.h ****     */
 442:Drivers/CMSIS/Include/cmsis_gcc.h ****    __ASM volatile ("ldrexb %0, [%1]" : "=r" (result) : "r" (addr) : "memory" );
 443:Drivers/CMSIS/Include/cmsis_gcc.h **** #endif
 444:Drivers/CMSIS/Include/cmsis_gcc.h ****    return ((uint8_t) result);    /* Add explicit type cast here */
 445:Drivers/CMSIS/Include/cmsis_gcc.h **** }
 446:Drivers/CMSIS/Include/cmsis_gcc.h **** 
 447:Drivers/CMSIS/Include/cmsis_gcc.h **** 
 448:Drivers/CMSIS/Include/cmsis_gcc.h **** /**
 449:Drivers/CMSIS/Include/cmsis_gcc.h ****   \brief   LDR Exclusive (16 bit)
 450:Drivers/CMSIS/Include/cmsis_gcc.h ****   \details Executes a exclusive LDR instruction for 16 bit values.
 451:Drivers/CMSIS/Include/cmsis_gcc.h ****   \param [in]    ptr  Pointer to data
 452:Drivers/CMSIS/Include/cmsis_gcc.h ****   \return        value of type uint16_t at (*ptr)
 453:Drivers/CMSIS/Include/cmsis_gcc.h ****  */
 454:Drivers/CMSIS/Include/cmsis_gcc.h **** __STATIC_FORCEINLINE uint16_t __LDREXH(volatile uint16_t *addr)
 455:Drivers/CMSIS/Include/cmsis_gcc.h **** {
 456:Drivers/CMSIS/Include/cmsis_gcc.h ****     uint32_t result;
 457:Drivers/CMSIS/Include/cmsis_gcc.h **** 
 458:Drivers/CMSIS/Include/cmsis_gcc.h **** #if (__GNUC__ > 4) || (__GNUC__ == 4 && __GNUC_MINOR__ >= 8)
 459:Drivers/CMSIS/Include/cmsis_gcc.h ****    __ASM volatile ("ldrexh %0, %1" : "=r" (result) : "Q" (*addr) );
 460:Drivers/CMSIS/Include/cmsis_gcc.h **** #else
 461:Drivers/CMSIS/Include/cmsis_gcc.h ****     /* Prior to GCC 4.8, "Q" will be expanded to [rx, #0] which is not
 462:Drivers/CMSIS/Include/cmsis_gcc.h ****        accepted by assembler. So has to use following less efficient pattern.
 463:Drivers/CMSIS/Include/cmsis_gcc.h ****     */
 464:Drivers/CMSIS/Include/cmsis_gcc.h ****    __ASM volatile ("ldrexh %0, [%1]" : "=r" (result) : "r" (addr) : "memory" );
 465:Drivers/CMSIS/Include/cmsis_gcc.h **** #endif
 466:Drivers/CMSIS/Include/cmsis_gcc.h ****    return ((uint16_t) result);    /* Add explicit type cast here */
 467:Drivers/CMSIS/Include/cmsis_gcc.h **** }
 468:Drivers/CMSIS/Include/cmsis_gcc.h **** 
 469:Drivers/CMSIS/Include/cmsis_gcc.h **** 
 470:Drivers/CMSIS/Include/cmsis_gcc.h **** /**
 471:Drivers/CMSIS/Include/cmsis_gcc.h ****   \brief   LDR Exclusive (32 bit)
 472:Drivers/CMSIS/Include/cmsis_gcc.h ****   \details Executes a exclusive LDR instruction for 32 bit values.
 473:Drivers/CMSIS/Include/cmsis_gcc.h ****   \param [in]    ptr  Pointer to data
 474:Drivers/CMSIS/Include/cmsis_gcc.h ****   \return        value of type uint32_t at (*ptr)
 475:Drivers/CMSIS/Include/cmsis_gcc.h ****  */
 476:Drivers/CMSIS/Include/cmsis_gcc.h **** __STATIC_FORCEINLINE uint32_t __LDREXW(volatile uint32_t *addr)
 477:Drivers/CMSIS/Include/cmsis_gcc.h **** {
 478:Drivers/CMSIS/Include/cmsis_gcc.h ****     uint32_t result;
 479:Drivers/CMSIS/Include/cmsis_gcc.h **** 
 480:Drivers/CMSIS/Include/cmsis_gcc.h ****    __ASM volatile ("ldrex %0, %1" : "=r" (result) : "Q" (*addr) );
 481:Drivers/CMSIS/Include/cmsis_gcc.h ****    return(result);
ARM GAS  C:\Users\BENJAM~1\AppData\Local\Temp\ccXObaO1.s 			page 27


 482:Drivers/CMSIS/Include/cmsis_gcc.h **** }
 483:Drivers/CMSIS/Include/cmsis_gcc.h **** 
 484:Drivers/CMSIS/Include/cmsis_gcc.h **** 
 485:Drivers/CMSIS/Include/cmsis_gcc.h **** /**
 486:Drivers/CMSIS/Include/cmsis_gcc.h ****   \brief   STR Exclusive (8 bit)
 487:Drivers/CMSIS/Include/cmsis_gcc.h ****   \details Executes a exclusive STR instruction for 8 bit values.
 488:Drivers/CMSIS/Include/cmsis_gcc.h ****   \param [in]  value  Value to store
 489:Drivers/CMSIS/Include/cmsis_gcc.h ****   \param [in]    ptr  Pointer to location
 490:Drivers/CMSIS/Include/cmsis_gcc.h ****   \return          0  Function succeeded
 491:Drivers/CMSIS/Include/cmsis_gcc.h ****   \return          1  Function failed
 492:Drivers/CMSIS/Include/cmsis_gcc.h ****  */
 493:Drivers/CMSIS/Include/cmsis_gcc.h **** __STATIC_FORCEINLINE uint32_t __STREXB(uint8_t value, volatile uint8_t *addr)
 494:Drivers/CMSIS/Include/cmsis_gcc.h **** {
 495:Drivers/CMSIS/Include/cmsis_gcc.h ****    uint32_t result;
 496:Drivers/CMSIS/Include/cmsis_gcc.h **** 
 497:Drivers/CMSIS/Include/cmsis_gcc.h ****    __ASM volatile ("strexb %0, %2, %1" : "=&r" (result), "=Q" (*addr) : "r" ((uint32_t)value) );
 498:Drivers/CMSIS/Include/cmsis_gcc.h ****    return(result);
 499:Drivers/CMSIS/Include/cmsis_gcc.h **** }
 500:Drivers/CMSIS/Include/cmsis_gcc.h **** 
 501:Drivers/CMSIS/Include/cmsis_gcc.h **** 
 502:Drivers/CMSIS/Include/cmsis_gcc.h **** /**
 503:Drivers/CMSIS/Include/cmsis_gcc.h ****   \brief   STR Exclusive (16 bit)
 504:Drivers/CMSIS/Include/cmsis_gcc.h ****   \details Executes a exclusive STR instruction for 16 bit values.
 505:Drivers/CMSIS/Include/cmsis_gcc.h ****   \param [in]  value  Value to store
 506:Drivers/CMSIS/Include/cmsis_gcc.h ****   \param [in]    ptr  Pointer to location
 507:Drivers/CMSIS/Include/cmsis_gcc.h ****   \return          0  Function succeeded
 508:Drivers/CMSIS/Include/cmsis_gcc.h ****   \return          1  Function failed
 509:Drivers/CMSIS/Include/cmsis_gcc.h ****  */
 510:Drivers/CMSIS/Include/cmsis_gcc.h **** __STATIC_FORCEINLINE uint32_t __STREXH(uint16_t value, volatile uint16_t *addr)
 511:Drivers/CMSIS/Include/cmsis_gcc.h **** {
 512:Drivers/CMSIS/Include/cmsis_gcc.h ****    uint32_t result;
 513:Drivers/CMSIS/Include/cmsis_gcc.h **** 
 514:Drivers/CMSIS/Include/cmsis_gcc.h ****    __ASM volatile ("strexh %0, %2, %1" : "=&r" (result), "=Q" (*addr) : "r" ((uint32_t)value) );
 515:Drivers/CMSIS/Include/cmsis_gcc.h ****    return(result);
 516:Drivers/CMSIS/Include/cmsis_gcc.h **** }
 517:Drivers/CMSIS/Include/cmsis_gcc.h **** 
 518:Drivers/CMSIS/Include/cmsis_gcc.h **** 
 519:Drivers/CMSIS/Include/cmsis_gcc.h **** /**
 520:Drivers/CMSIS/Include/cmsis_gcc.h ****   \brief   STR Exclusive (32 bit)
 521:Drivers/CMSIS/Include/cmsis_gcc.h ****   \details Executes a exclusive STR instruction for 32 bit values.
 522:Drivers/CMSIS/Include/cmsis_gcc.h ****   \param [in]  value  Value to store
 523:Drivers/CMSIS/Include/cmsis_gcc.h ****   \param [in]    ptr  Pointer to location
 524:Drivers/CMSIS/Include/cmsis_gcc.h ****   \return          0  Function succeeded
 525:Drivers/CMSIS/Include/cmsis_gcc.h ****   \return          1  Function failed
 526:Drivers/CMSIS/Include/cmsis_gcc.h ****  */
 527:Drivers/CMSIS/Include/cmsis_gcc.h **** __STATIC_FORCEINLINE uint32_t __STREXW(uint32_t value, volatile uint32_t *addr)
 528:Drivers/CMSIS/Include/cmsis_gcc.h **** {
 529:Drivers/CMSIS/Include/cmsis_gcc.h ****    uint32_t result;
 530:Drivers/CMSIS/Include/cmsis_gcc.h **** 
 531:Drivers/CMSIS/Include/cmsis_gcc.h ****    __ASM volatile ("strex %0, %2, %1" : "=&r" (result), "=Q" (*addr) : "r" (value) );
 532:Drivers/CMSIS/Include/cmsis_gcc.h ****    return(result);
 533:Drivers/CMSIS/Include/cmsis_gcc.h **** }
 534:Drivers/CMSIS/Include/cmsis_gcc.h **** 
 535:Drivers/CMSIS/Include/cmsis_gcc.h **** 
 536:Drivers/CMSIS/Include/cmsis_gcc.h **** /**
 537:Drivers/CMSIS/Include/cmsis_gcc.h ****   \brief   Remove the exclusive lock
 538:Drivers/CMSIS/Include/cmsis_gcc.h ****   \details Removes the exclusive lock which is created by LDREX.
ARM GAS  C:\Users\BENJAM~1\AppData\Local\Temp\ccXObaO1.s 			page 28


 539:Drivers/CMSIS/Include/cmsis_gcc.h ****  */
 540:Drivers/CMSIS/Include/cmsis_gcc.h **** __STATIC_FORCEINLINE void __CLREX(void)
 541:Drivers/CMSIS/Include/cmsis_gcc.h **** {
 542:Drivers/CMSIS/Include/cmsis_gcc.h ****   __ASM volatile ("clrex" ::: "memory");
 543:Drivers/CMSIS/Include/cmsis_gcc.h **** }
 544:Drivers/CMSIS/Include/cmsis_gcc.h **** 
 545:Drivers/CMSIS/Include/cmsis_gcc.h **** #endif /* ((defined (__ARM_ARCH_7M__      ) && (__ARM_ARCH_7M__      == 1)) || \
 546:Drivers/CMSIS/Include/cmsis_gcc.h ****            (defined (__ARM_ARCH_7EM__     ) && (__ARM_ARCH_7EM__     == 1)) || \
 547:Drivers/CMSIS/Include/cmsis_gcc.h ****            (defined (__ARM_ARCH_8M_MAIN__ ) && (__ARM_ARCH_8M_MAIN__ == 1)) || \
 548:Drivers/CMSIS/Include/cmsis_gcc.h ****            (defined (__ARM_ARCH_8M_BASE__ ) && (__ARM_ARCH_8M_BASE__ == 1))    ) */
 549:Drivers/CMSIS/Include/cmsis_gcc.h **** 
 550:Drivers/CMSIS/Include/cmsis_gcc.h **** 
 551:Drivers/CMSIS/Include/cmsis_gcc.h **** #if ((defined (__ARM_ARCH_7M__      ) && (__ARM_ARCH_7M__      == 1)) || \
 552:Drivers/CMSIS/Include/cmsis_gcc.h ****      (defined (__ARM_ARCH_7EM__     ) && (__ARM_ARCH_7EM__     == 1)) || \
 553:Drivers/CMSIS/Include/cmsis_gcc.h ****      (defined (__ARM_ARCH_8M_MAIN__ ) && (__ARM_ARCH_8M_MAIN__ == 1))    )
 554:Drivers/CMSIS/Include/cmsis_gcc.h **** /**
 555:Drivers/CMSIS/Include/cmsis_gcc.h ****   \brief   Signed Saturate
 556:Drivers/CMSIS/Include/cmsis_gcc.h ****   \details Saturates a signed value.
 557:Drivers/CMSIS/Include/cmsis_gcc.h ****   \param [in]  ARG1  Value to be saturated
 558:Drivers/CMSIS/Include/cmsis_gcc.h ****   \param [in]  ARG2  Bit position to saturate to (1..32)
 559:Drivers/CMSIS/Include/cmsis_gcc.h ****   \return             Saturated value
 560:Drivers/CMSIS/Include/cmsis_gcc.h ****  */
 561:Drivers/CMSIS/Include/cmsis_gcc.h **** #define __SSAT(ARG1, ARG2) \
 562:Drivers/CMSIS/Include/cmsis_gcc.h **** __extension__ \
 563:Drivers/CMSIS/Include/cmsis_gcc.h **** ({                          \
 564:Drivers/CMSIS/Include/cmsis_gcc.h ****   int32_t __RES, __ARG1 = (ARG1); \
 565:Drivers/CMSIS/Include/cmsis_gcc.h ****   __ASM volatile ("ssat %0, %1, %2" : "=r" (__RES) :  "I" (ARG2), "r" (__ARG1) : "cc" ); \
 566:Drivers/CMSIS/Include/cmsis_gcc.h ****   __RES; \
 567:Drivers/CMSIS/Include/cmsis_gcc.h ****  })
 568:Drivers/CMSIS/Include/cmsis_gcc.h **** 
 569:Drivers/CMSIS/Include/cmsis_gcc.h **** 
 570:Drivers/CMSIS/Include/cmsis_gcc.h **** /**
 571:Drivers/CMSIS/Include/cmsis_gcc.h ****   \brief   Unsigned Saturate
 572:Drivers/CMSIS/Include/cmsis_gcc.h ****   \details Saturates an unsigned value.
 573:Drivers/CMSIS/Include/cmsis_gcc.h ****   \param [in]  ARG1  Value to be saturated
 574:Drivers/CMSIS/Include/cmsis_gcc.h ****   \param [in]  ARG2  Bit position to saturate to (0..31)
 575:Drivers/CMSIS/Include/cmsis_gcc.h ****   \return             Saturated value
 576:Drivers/CMSIS/Include/cmsis_gcc.h ****  */
 577:Drivers/CMSIS/Include/cmsis_gcc.h **** #define __USAT(ARG1, ARG2) \
 578:Drivers/CMSIS/Include/cmsis_gcc.h **** __extension__ \
 579:Drivers/CMSIS/Include/cmsis_gcc.h **** ({                          \
 580:Drivers/CMSIS/Include/cmsis_gcc.h ****   uint32_t __RES, __ARG1 = (ARG1); \
 581:Drivers/CMSIS/Include/cmsis_gcc.h ****   __ASM volatile ("usat %0, %1, %2" : "=r" (__RES) :  "I" (ARG2), "r" (__ARG1) : "cc" ); \
 582:Drivers/CMSIS/Include/cmsis_gcc.h ****   __RES; \
 583:Drivers/CMSIS/Include/cmsis_gcc.h ****  })
 584:Drivers/CMSIS/Include/cmsis_gcc.h **** 
 585:Drivers/CMSIS/Include/cmsis_gcc.h **** 
 586:Drivers/CMSIS/Include/cmsis_gcc.h **** /**
 587:Drivers/CMSIS/Include/cmsis_gcc.h ****   \brief   Rotate Right with Extend (32 bit)
 588:Drivers/CMSIS/Include/cmsis_gcc.h ****   \details Moves each bit of a bitstring right by one bit.
 589:Drivers/CMSIS/Include/cmsis_gcc.h ****            The carry input is shifted in at the left end of the bitstring.
 590:Drivers/CMSIS/Include/cmsis_gcc.h ****   \param [in]    value  Value to rotate
 591:Drivers/CMSIS/Include/cmsis_gcc.h ****   \return               Rotated value
 592:Drivers/CMSIS/Include/cmsis_gcc.h ****  */
 593:Drivers/CMSIS/Include/cmsis_gcc.h **** __STATIC_FORCEINLINE uint32_t __RRX(uint32_t value)
 594:Drivers/CMSIS/Include/cmsis_gcc.h **** {
 595:Drivers/CMSIS/Include/cmsis_gcc.h ****   uint32_t result;
ARM GAS  C:\Users\BENJAM~1\AppData\Local\Temp\ccXObaO1.s 			page 29


 596:Drivers/CMSIS/Include/cmsis_gcc.h **** 
 597:Drivers/CMSIS/Include/cmsis_gcc.h ****   __ASM volatile ("rrx %0, %1" : __CMSIS_GCC_OUT_REG (result) : __CMSIS_GCC_USE_REG (value) );
 598:Drivers/CMSIS/Include/cmsis_gcc.h ****   return(result);
 599:Drivers/CMSIS/Include/cmsis_gcc.h **** }
 600:Drivers/CMSIS/Include/cmsis_gcc.h **** 
 601:Drivers/CMSIS/Include/cmsis_gcc.h **** 
 602:Drivers/CMSIS/Include/cmsis_gcc.h **** /**
 603:Drivers/CMSIS/Include/cmsis_gcc.h ****   \brief   LDRT Unprivileged (8 bit)
 604:Drivers/CMSIS/Include/cmsis_gcc.h ****   \details Executes a Unprivileged LDRT instruction for 8 bit value.
 605:Drivers/CMSIS/Include/cmsis_gcc.h ****   \param [in]    ptr  Pointer to data
 606:Drivers/CMSIS/Include/cmsis_gcc.h ****   \return             value of type uint8_t at (*ptr)
 607:Drivers/CMSIS/Include/cmsis_gcc.h ****  */
 608:Drivers/CMSIS/Include/cmsis_gcc.h **** __STATIC_FORCEINLINE uint8_t __LDRBT(volatile uint8_t *ptr)
 609:Drivers/CMSIS/Include/cmsis_gcc.h **** {
 610:Drivers/CMSIS/Include/cmsis_gcc.h ****     uint32_t result;
 611:Drivers/CMSIS/Include/cmsis_gcc.h **** 
 612:Drivers/CMSIS/Include/cmsis_gcc.h **** #if (__GNUC__ > 4) || (__GNUC__ == 4 && __GNUC_MINOR__ >= 8)
 613:Drivers/CMSIS/Include/cmsis_gcc.h ****    __ASM volatile ("ldrbt %0, %1" : "=r" (result) : "Q" (*ptr) );
 614:Drivers/CMSIS/Include/cmsis_gcc.h **** #else
 615:Drivers/CMSIS/Include/cmsis_gcc.h ****     /* Prior to GCC 4.8, "Q" will be expanded to [rx, #0] which is not
 616:Drivers/CMSIS/Include/cmsis_gcc.h ****        accepted by assembler. So has to use following less efficient pattern.
 617:Drivers/CMSIS/Include/cmsis_gcc.h ****     */
 618:Drivers/CMSIS/Include/cmsis_gcc.h ****    __ASM volatile ("ldrbt %0, [%1]" : "=r" (result) : "r" (ptr) : "memory" );
 619:Drivers/CMSIS/Include/cmsis_gcc.h **** #endif
 620:Drivers/CMSIS/Include/cmsis_gcc.h ****    return ((uint8_t) result);    /* Add explicit type cast here */
 621:Drivers/CMSIS/Include/cmsis_gcc.h **** }
 622:Drivers/CMSIS/Include/cmsis_gcc.h **** 
 623:Drivers/CMSIS/Include/cmsis_gcc.h **** 
 624:Drivers/CMSIS/Include/cmsis_gcc.h **** /**
 625:Drivers/CMSIS/Include/cmsis_gcc.h ****   \brief   LDRT Unprivileged (16 bit)
 626:Drivers/CMSIS/Include/cmsis_gcc.h ****   \details Executes a Unprivileged LDRT instruction for 16 bit values.
 627:Drivers/CMSIS/Include/cmsis_gcc.h ****   \param [in]    ptr  Pointer to data
 628:Drivers/CMSIS/Include/cmsis_gcc.h ****   \return        value of type uint16_t at (*ptr)
 629:Drivers/CMSIS/Include/cmsis_gcc.h ****  */
 630:Drivers/CMSIS/Include/cmsis_gcc.h **** __STATIC_FORCEINLINE uint16_t __LDRHT(volatile uint16_t *ptr)
 631:Drivers/CMSIS/Include/cmsis_gcc.h **** {
 632:Drivers/CMSIS/Include/cmsis_gcc.h ****     uint32_t result;
 633:Drivers/CMSIS/Include/cmsis_gcc.h **** 
 634:Drivers/CMSIS/Include/cmsis_gcc.h **** #if (__GNUC__ > 4) || (__GNUC__ == 4 && __GNUC_MINOR__ >= 8)
 635:Drivers/CMSIS/Include/cmsis_gcc.h ****    __ASM volatile ("ldrht %0, %1" : "=r" (result) : "Q" (*ptr) );
 636:Drivers/CMSIS/Include/cmsis_gcc.h **** #else
 637:Drivers/CMSIS/Include/cmsis_gcc.h ****     /* Prior to GCC 4.8, "Q" will be expanded to [rx, #0] which is not
 638:Drivers/CMSIS/Include/cmsis_gcc.h ****        accepted by assembler. So has to use following less efficient pattern.
 639:Drivers/CMSIS/Include/cmsis_gcc.h ****     */
 640:Drivers/CMSIS/Include/cmsis_gcc.h ****    __ASM volatile ("ldrht %0, [%1]" : "=r" (result) : "r" (ptr) : "memory" );
 641:Drivers/CMSIS/Include/cmsis_gcc.h **** #endif
 642:Drivers/CMSIS/Include/cmsis_gcc.h ****    return ((uint16_t) result);    /* Add explicit type cast here */
 643:Drivers/CMSIS/Include/cmsis_gcc.h **** }
 644:Drivers/CMSIS/Include/cmsis_gcc.h **** 
 645:Drivers/CMSIS/Include/cmsis_gcc.h **** 
 646:Drivers/CMSIS/Include/cmsis_gcc.h **** /**
 647:Drivers/CMSIS/Include/cmsis_gcc.h ****   \brief   LDRT Unprivileged (32 bit)
 648:Drivers/CMSIS/Include/cmsis_gcc.h ****   \details Executes a Unprivileged LDRT instruction for 32 bit values.
 649:Drivers/CMSIS/Include/cmsis_gcc.h ****   \param [in]    ptr  Pointer to data
 650:Drivers/CMSIS/Include/cmsis_gcc.h ****   \return        value of type uint32_t at (*ptr)
 651:Drivers/CMSIS/Include/cmsis_gcc.h ****  */
 652:Drivers/CMSIS/Include/cmsis_gcc.h **** __STATIC_FORCEINLINE uint32_t __LDRT(volatile uint32_t *ptr)
ARM GAS  C:\Users\BENJAM~1\AppData\Local\Temp\ccXObaO1.s 			page 30


 653:Drivers/CMSIS/Include/cmsis_gcc.h **** {
 654:Drivers/CMSIS/Include/cmsis_gcc.h ****     uint32_t result;
 655:Drivers/CMSIS/Include/cmsis_gcc.h **** 
 656:Drivers/CMSIS/Include/cmsis_gcc.h ****    __ASM volatile ("ldrt %0, %1" : "=r" (result) : "Q" (*ptr) );
 657:Drivers/CMSIS/Include/cmsis_gcc.h ****    return(result);
 658:Drivers/CMSIS/Include/cmsis_gcc.h **** }
 659:Drivers/CMSIS/Include/cmsis_gcc.h **** 
 660:Drivers/CMSIS/Include/cmsis_gcc.h **** 
 661:Drivers/CMSIS/Include/cmsis_gcc.h **** /**
 662:Drivers/CMSIS/Include/cmsis_gcc.h ****   \brief   STRT Unprivileged (8 bit)
 663:Drivers/CMSIS/Include/cmsis_gcc.h ****   \details Executes a Unprivileged STRT instruction for 8 bit values.
 664:Drivers/CMSIS/Include/cmsis_gcc.h ****   \param [in]  value  Value to store
 665:Drivers/CMSIS/Include/cmsis_gcc.h ****   \param [in]    ptr  Pointer to location
 666:Drivers/CMSIS/Include/cmsis_gcc.h ****  */
 667:Drivers/CMSIS/Include/cmsis_gcc.h **** __STATIC_FORCEINLINE void __STRBT(uint8_t value, volatile uint8_t *ptr)
 668:Drivers/CMSIS/Include/cmsis_gcc.h **** {
 669:Drivers/CMSIS/Include/cmsis_gcc.h ****    __ASM volatile ("strbt %1, %0" : "=Q" (*ptr) : "r" ((uint32_t)value) );
 670:Drivers/CMSIS/Include/cmsis_gcc.h **** }
 671:Drivers/CMSIS/Include/cmsis_gcc.h **** 
 672:Drivers/CMSIS/Include/cmsis_gcc.h **** 
 673:Drivers/CMSIS/Include/cmsis_gcc.h **** /**
 674:Drivers/CMSIS/Include/cmsis_gcc.h ****   \brief   STRT Unprivileged (16 bit)
 675:Drivers/CMSIS/Include/cmsis_gcc.h ****   \details Executes a Unprivileged STRT instruction for 16 bit values.
 676:Drivers/CMSIS/Include/cmsis_gcc.h ****   \param [in]  value  Value to store
 677:Drivers/CMSIS/Include/cmsis_gcc.h ****   \param [in]    ptr  Pointer to location
 678:Drivers/CMSIS/Include/cmsis_gcc.h ****  */
 679:Drivers/CMSIS/Include/cmsis_gcc.h **** __STATIC_FORCEINLINE void __STRHT(uint16_t value, volatile uint16_t *ptr)
 680:Drivers/CMSIS/Include/cmsis_gcc.h **** {
 681:Drivers/CMSIS/Include/cmsis_gcc.h ****    __ASM volatile ("strht %1, %0" : "=Q" (*ptr) : "r" ((uint32_t)value) );
 682:Drivers/CMSIS/Include/cmsis_gcc.h **** }
 683:Drivers/CMSIS/Include/cmsis_gcc.h **** 
 684:Drivers/CMSIS/Include/cmsis_gcc.h **** 
 685:Drivers/CMSIS/Include/cmsis_gcc.h **** /**
 686:Drivers/CMSIS/Include/cmsis_gcc.h ****   \brief   STRT Unprivileged (32 bit)
 687:Drivers/CMSIS/Include/cmsis_gcc.h ****   \details Executes a Unprivileged STRT instruction for 32 bit values.
 688:Drivers/CMSIS/Include/cmsis_gcc.h ****   \param [in]  value  Value to store
 689:Drivers/CMSIS/Include/cmsis_gcc.h ****   \param [in]    ptr  Pointer to location
 690:Drivers/CMSIS/Include/cmsis_gcc.h ****  */
 691:Drivers/CMSIS/Include/cmsis_gcc.h **** __STATIC_FORCEINLINE void __STRT(uint32_t value, volatile uint32_t *ptr)
 692:Drivers/CMSIS/Include/cmsis_gcc.h **** {
 693:Drivers/CMSIS/Include/cmsis_gcc.h ****    __ASM volatile ("strt %1, %0" : "=Q" (*ptr) : "r" (value) );
 694:Drivers/CMSIS/Include/cmsis_gcc.h **** }
 695:Drivers/CMSIS/Include/cmsis_gcc.h **** 
 696:Drivers/CMSIS/Include/cmsis_gcc.h **** #else  /* ((defined (__ARM_ARCH_7M__      ) && (__ARM_ARCH_7M__      == 1)) || \
 697:Drivers/CMSIS/Include/cmsis_gcc.h ****            (defined (__ARM_ARCH_7EM__     ) && (__ARM_ARCH_7EM__     == 1)) || \
 698:Drivers/CMSIS/Include/cmsis_gcc.h ****            (defined (__ARM_ARCH_8M_MAIN__ ) && (__ARM_ARCH_8M_MAIN__ == 1))    ) */
 699:Drivers/CMSIS/Include/cmsis_gcc.h **** 
 700:Drivers/CMSIS/Include/cmsis_gcc.h **** /**
 701:Drivers/CMSIS/Include/cmsis_gcc.h ****   \brief   Signed Saturate
 702:Drivers/CMSIS/Include/cmsis_gcc.h ****   \details Saturates a signed value.
 703:Drivers/CMSIS/Include/cmsis_gcc.h ****   \param [in]  value  Value to be saturated
 704:Drivers/CMSIS/Include/cmsis_gcc.h ****   \param [in]    sat  Bit position to saturate to (1..32)
 705:Drivers/CMSIS/Include/cmsis_gcc.h ****   \return             Saturated value
 706:Drivers/CMSIS/Include/cmsis_gcc.h ****  */
 707:Drivers/CMSIS/Include/cmsis_gcc.h **** __STATIC_FORCEINLINE int32_t __SSAT(int32_t val, uint32_t sat)
 708:Drivers/CMSIS/Include/cmsis_gcc.h **** {
 709:Drivers/CMSIS/Include/cmsis_gcc.h ****   if ((sat >= 1U) && (sat <= 32U))
ARM GAS  C:\Users\BENJAM~1\AppData\Local\Temp\ccXObaO1.s 			page 31


 710:Drivers/CMSIS/Include/cmsis_gcc.h ****   {
 711:Drivers/CMSIS/Include/cmsis_gcc.h ****     const int32_t max = (int32_t)((1U << (sat - 1U)) - 1U);
 712:Drivers/CMSIS/Include/cmsis_gcc.h ****     const int32_t min = -1 - max ;
 713:Drivers/CMSIS/Include/cmsis_gcc.h ****     if (val > max)
 714:Drivers/CMSIS/Include/cmsis_gcc.h ****     {
 715:Drivers/CMSIS/Include/cmsis_gcc.h ****       return max;
 716:Drivers/CMSIS/Include/cmsis_gcc.h ****     }
 717:Drivers/CMSIS/Include/cmsis_gcc.h ****     else if (val < min)
 718:Drivers/CMSIS/Include/cmsis_gcc.h ****     {
 719:Drivers/CMSIS/Include/cmsis_gcc.h ****       return min;
 720:Drivers/CMSIS/Include/cmsis_gcc.h ****     }
 721:Drivers/CMSIS/Include/cmsis_gcc.h ****   }
 722:Drivers/CMSIS/Include/cmsis_gcc.h ****   return val;
 723:Drivers/CMSIS/Include/cmsis_gcc.h **** }
 724:Drivers/CMSIS/Include/cmsis_gcc.h **** 
 725:Drivers/CMSIS/Include/cmsis_gcc.h **** /**
 726:Drivers/CMSIS/Include/cmsis_gcc.h ****   \brief   Unsigned Saturate
 727:Drivers/CMSIS/Include/cmsis_gcc.h ****   \details Saturates an unsigned value.
 728:Drivers/CMSIS/Include/cmsis_gcc.h ****   \param [in]  value  Value to be saturated
 729:Drivers/CMSIS/Include/cmsis_gcc.h ****   \param [in]    sat  Bit position to saturate to (0..31)
 730:Drivers/CMSIS/Include/cmsis_gcc.h ****   \return             Saturated value
 731:Drivers/CMSIS/Include/cmsis_gcc.h ****  */
 732:Drivers/CMSIS/Include/cmsis_gcc.h **** __STATIC_FORCEINLINE uint32_t __USAT(int32_t val, uint32_t sat)
 733:Drivers/CMSIS/Include/cmsis_gcc.h **** {
 734:Drivers/CMSIS/Include/cmsis_gcc.h ****   if (sat <= 31U)
 735:Drivers/CMSIS/Include/cmsis_gcc.h ****   {
 736:Drivers/CMSIS/Include/cmsis_gcc.h ****     const uint32_t max = ((1U << sat) - 1U);
 737:Drivers/CMSIS/Include/cmsis_gcc.h ****     if (val > (int32_t)max)
 738:Drivers/CMSIS/Include/cmsis_gcc.h ****     {
 739:Drivers/CMSIS/Include/cmsis_gcc.h ****       return max;
 740:Drivers/CMSIS/Include/cmsis_gcc.h ****     }
 741:Drivers/CMSIS/Include/cmsis_gcc.h ****     else if (val < 0)
 742:Drivers/CMSIS/Include/cmsis_gcc.h ****     {
 743:Drivers/CMSIS/Include/cmsis_gcc.h ****       return 0U;
 744:Drivers/CMSIS/Include/cmsis_gcc.h ****     }
 745:Drivers/CMSIS/Include/cmsis_gcc.h ****   }
 746:Drivers/CMSIS/Include/cmsis_gcc.h ****   return (uint32_t)val;
 747:Drivers/CMSIS/Include/cmsis_gcc.h **** }
 748:Drivers/CMSIS/Include/cmsis_gcc.h **** 
 749:Drivers/CMSIS/Include/cmsis_gcc.h **** #endif /* ((defined (__ARM_ARCH_7M__      ) && (__ARM_ARCH_7M__      == 1)) || \
 750:Drivers/CMSIS/Include/cmsis_gcc.h ****            (defined (__ARM_ARCH_7EM__     ) && (__ARM_ARCH_7EM__     == 1)) || \
 751:Drivers/CMSIS/Include/cmsis_gcc.h ****            (defined (__ARM_ARCH_8M_MAIN__ ) && (__ARM_ARCH_8M_MAIN__ == 1))    ) */
 752:Drivers/CMSIS/Include/cmsis_gcc.h **** 
 753:Drivers/CMSIS/Include/cmsis_gcc.h **** 
 754:Drivers/CMSIS/Include/cmsis_gcc.h **** #if ((defined (__ARM_ARCH_8M_MAIN__ ) && (__ARM_ARCH_8M_MAIN__ == 1)) || \
 755:Drivers/CMSIS/Include/cmsis_gcc.h ****      (defined (__ARM_ARCH_8M_BASE__ ) && (__ARM_ARCH_8M_BASE__ == 1))    )
 756:Drivers/CMSIS/Include/cmsis_gcc.h **** /**
 757:Drivers/CMSIS/Include/cmsis_gcc.h ****   \brief   Load-Acquire (8 bit)
 758:Drivers/CMSIS/Include/cmsis_gcc.h ****   \details Executes a LDAB instruction for 8 bit value.
 759:Drivers/CMSIS/Include/cmsis_gcc.h ****   \param [in]    ptr  Pointer to data
 760:Drivers/CMSIS/Include/cmsis_gcc.h ****   \return             value of type uint8_t at (*ptr)
 761:Drivers/CMSIS/Include/cmsis_gcc.h ****  */
 762:Drivers/CMSIS/Include/cmsis_gcc.h **** __STATIC_FORCEINLINE uint8_t __LDAB(volatile uint8_t *ptr)
 763:Drivers/CMSIS/Include/cmsis_gcc.h **** {
 764:Drivers/CMSIS/Include/cmsis_gcc.h ****     uint32_t result;
 765:Drivers/CMSIS/Include/cmsis_gcc.h **** 
 766:Drivers/CMSIS/Include/cmsis_gcc.h ****    __ASM volatile ("ldab %0, %1" : "=r" (result) : "Q" (*ptr) : "memory" );
ARM GAS  C:\Users\BENJAM~1\AppData\Local\Temp\ccXObaO1.s 			page 32


 767:Drivers/CMSIS/Include/cmsis_gcc.h ****    return ((uint8_t) result);
 768:Drivers/CMSIS/Include/cmsis_gcc.h **** }
 769:Drivers/CMSIS/Include/cmsis_gcc.h **** 
 770:Drivers/CMSIS/Include/cmsis_gcc.h **** 
 771:Drivers/CMSIS/Include/cmsis_gcc.h **** /**
 772:Drivers/CMSIS/Include/cmsis_gcc.h ****   \brief   Load-Acquire (16 bit)
 773:Drivers/CMSIS/Include/cmsis_gcc.h ****   \details Executes a LDAH instruction for 16 bit values.
 774:Drivers/CMSIS/Include/cmsis_gcc.h ****   \param [in]    ptr  Pointer to data
 775:Drivers/CMSIS/Include/cmsis_gcc.h ****   \return        value of type uint16_t at (*ptr)
 776:Drivers/CMSIS/Include/cmsis_gcc.h ****  */
 777:Drivers/CMSIS/Include/cmsis_gcc.h **** __STATIC_FORCEINLINE uint16_t __LDAH(volatile uint16_t *ptr)
 778:Drivers/CMSIS/Include/cmsis_gcc.h **** {
 779:Drivers/CMSIS/Include/cmsis_gcc.h ****     uint32_t result;
 780:Drivers/CMSIS/Include/cmsis_gcc.h **** 
 781:Drivers/CMSIS/Include/cmsis_gcc.h ****    __ASM volatile ("ldah %0, %1" : "=r" (result) : "Q" (*ptr) : "memory" );
 782:Drivers/CMSIS/Include/cmsis_gcc.h ****    return ((uint16_t) result);
 783:Drivers/CMSIS/Include/cmsis_gcc.h **** }
 784:Drivers/CMSIS/Include/cmsis_gcc.h **** 
 785:Drivers/CMSIS/Include/cmsis_gcc.h **** 
 786:Drivers/CMSIS/Include/cmsis_gcc.h **** /**
 787:Drivers/CMSIS/Include/cmsis_gcc.h ****   \brief   Load-Acquire (32 bit)
 788:Drivers/CMSIS/Include/cmsis_gcc.h ****   \details Executes a LDA instruction for 32 bit values.
 789:Drivers/CMSIS/Include/cmsis_gcc.h ****   \param [in]    ptr  Pointer to data
 790:Drivers/CMSIS/Include/cmsis_gcc.h ****   \return        value of type uint32_t at (*ptr)
 791:Drivers/CMSIS/Include/cmsis_gcc.h ****  */
 792:Drivers/CMSIS/Include/cmsis_gcc.h **** __STATIC_FORCEINLINE uint32_t __LDA(volatile uint32_t *ptr)
 793:Drivers/CMSIS/Include/cmsis_gcc.h **** {
 794:Drivers/CMSIS/Include/cmsis_gcc.h ****     uint32_t result;
 795:Drivers/CMSIS/Include/cmsis_gcc.h **** 
 796:Drivers/CMSIS/Include/cmsis_gcc.h ****    __ASM volatile ("lda %0, %1" : "=r" (result) : "Q" (*ptr) : "memory" );
 797:Drivers/CMSIS/Include/cmsis_gcc.h ****    return(result);
 798:Drivers/CMSIS/Include/cmsis_gcc.h **** }
 799:Drivers/CMSIS/Include/cmsis_gcc.h **** 
 800:Drivers/CMSIS/Include/cmsis_gcc.h **** 
 801:Drivers/CMSIS/Include/cmsis_gcc.h **** /**
 802:Drivers/CMSIS/Include/cmsis_gcc.h ****   \brief   Store-Release (8 bit)
 803:Drivers/CMSIS/Include/cmsis_gcc.h ****   \details Executes a STLB instruction for 8 bit values.
 804:Drivers/CMSIS/Include/cmsis_gcc.h ****   \param [in]  value  Value to store
 805:Drivers/CMSIS/Include/cmsis_gcc.h ****   \param [in]    ptr  Pointer to location
 806:Drivers/CMSIS/Include/cmsis_gcc.h ****  */
 807:Drivers/CMSIS/Include/cmsis_gcc.h **** __STATIC_FORCEINLINE void __STLB(uint8_t value, volatile uint8_t *ptr)
 808:Drivers/CMSIS/Include/cmsis_gcc.h **** {
 809:Drivers/CMSIS/Include/cmsis_gcc.h ****    __ASM volatile ("stlb %1, %0" : "=Q" (*ptr) : "r" ((uint32_t)value) : "memory" );
 810:Drivers/CMSIS/Include/cmsis_gcc.h **** }
 811:Drivers/CMSIS/Include/cmsis_gcc.h **** 
 812:Drivers/CMSIS/Include/cmsis_gcc.h **** 
 813:Drivers/CMSIS/Include/cmsis_gcc.h **** /**
 814:Drivers/CMSIS/Include/cmsis_gcc.h ****   \brief   Store-Release (16 bit)
 815:Drivers/CMSIS/Include/cmsis_gcc.h ****   \details Executes a STLH instruction for 16 bit values.
 816:Drivers/CMSIS/Include/cmsis_gcc.h ****   \param [in]  value  Value to store
 817:Drivers/CMSIS/Include/cmsis_gcc.h ****   \param [in]    ptr  Pointer to location
 818:Drivers/CMSIS/Include/cmsis_gcc.h ****  */
 819:Drivers/CMSIS/Include/cmsis_gcc.h **** __STATIC_FORCEINLINE void __STLH(uint16_t value, volatile uint16_t *ptr)
 820:Drivers/CMSIS/Include/cmsis_gcc.h **** {
 821:Drivers/CMSIS/Include/cmsis_gcc.h ****    __ASM volatile ("stlh %1, %0" : "=Q" (*ptr) : "r" ((uint32_t)value) : "memory" );
 822:Drivers/CMSIS/Include/cmsis_gcc.h **** }
 823:Drivers/CMSIS/Include/cmsis_gcc.h **** 
ARM GAS  C:\Users\BENJAM~1\AppData\Local\Temp\ccXObaO1.s 			page 33


 824:Drivers/CMSIS/Include/cmsis_gcc.h **** 
 825:Drivers/CMSIS/Include/cmsis_gcc.h **** /**
 826:Drivers/CMSIS/Include/cmsis_gcc.h ****   \brief   Store-Release (32 bit)
 827:Drivers/CMSIS/Include/cmsis_gcc.h ****   \details Executes a STL instruction for 32 bit values.
 828:Drivers/CMSIS/Include/cmsis_gcc.h ****   \param [in]  value  Value to store
 829:Drivers/CMSIS/Include/cmsis_gcc.h ****   \param [in]    ptr  Pointer to location
 830:Drivers/CMSIS/Include/cmsis_gcc.h ****  */
 831:Drivers/CMSIS/Include/cmsis_gcc.h **** __STATIC_FORCEINLINE void __STL(uint32_t value, volatile uint32_t *ptr)
 832:Drivers/CMSIS/Include/cmsis_gcc.h **** {
 833:Drivers/CMSIS/Include/cmsis_gcc.h ****    __ASM volatile ("stl %1, %0" : "=Q" (*ptr) : "r" ((uint32_t)value) : "memory" );
 834:Drivers/CMSIS/Include/cmsis_gcc.h **** }
 835:Drivers/CMSIS/Include/cmsis_gcc.h **** 
 836:Drivers/CMSIS/Include/cmsis_gcc.h **** 
 837:Drivers/CMSIS/Include/cmsis_gcc.h **** /**
 838:Drivers/CMSIS/Include/cmsis_gcc.h ****   \brief   Load-Acquire Exclusive (8 bit)
 839:Drivers/CMSIS/Include/cmsis_gcc.h ****   \details Executes a LDAB exclusive instruction for 8 bit value.
 840:Drivers/CMSIS/Include/cmsis_gcc.h ****   \param [in]    ptr  Pointer to data
 841:Drivers/CMSIS/Include/cmsis_gcc.h ****   \return             value of type uint8_t at (*ptr)
 842:Drivers/CMSIS/Include/cmsis_gcc.h ****  */
 843:Drivers/CMSIS/Include/cmsis_gcc.h **** __STATIC_FORCEINLINE uint8_t __LDAEXB(volatile uint8_t *ptr)
 844:Drivers/CMSIS/Include/cmsis_gcc.h **** {
 845:Drivers/CMSIS/Include/cmsis_gcc.h ****     uint32_t result;
 846:Drivers/CMSIS/Include/cmsis_gcc.h **** 
 847:Drivers/CMSIS/Include/cmsis_gcc.h ****    __ASM volatile ("ldaexb %0, %1" : "=r" (result) : "Q" (*ptr) : "memory" );
 848:Drivers/CMSIS/Include/cmsis_gcc.h ****    return ((uint8_t) result);
 849:Drivers/CMSIS/Include/cmsis_gcc.h **** }
 850:Drivers/CMSIS/Include/cmsis_gcc.h **** 
 851:Drivers/CMSIS/Include/cmsis_gcc.h **** 
 852:Drivers/CMSIS/Include/cmsis_gcc.h **** /**
 853:Drivers/CMSIS/Include/cmsis_gcc.h ****   \brief   Load-Acquire Exclusive (16 bit)
 854:Drivers/CMSIS/Include/cmsis_gcc.h ****   \details Executes a LDAH exclusive instruction for 16 bit values.
 855:Drivers/CMSIS/Include/cmsis_gcc.h ****   \param [in]    ptr  Pointer to data
 856:Drivers/CMSIS/Include/cmsis_gcc.h ****   \return        value of type uint16_t at (*ptr)
 857:Drivers/CMSIS/Include/cmsis_gcc.h ****  */
 858:Drivers/CMSIS/Include/cmsis_gcc.h **** __STATIC_FORCEINLINE uint16_t __LDAEXH(volatile uint16_t *ptr)
 859:Drivers/CMSIS/Include/cmsis_gcc.h **** {
 860:Drivers/CMSIS/Include/cmsis_gcc.h ****     uint32_t result;
 861:Drivers/CMSIS/Include/cmsis_gcc.h **** 
 862:Drivers/CMSIS/Include/cmsis_gcc.h ****    __ASM volatile ("ldaexh %0, %1" : "=r" (result) : "Q" (*ptr) : "memory" );
 863:Drivers/CMSIS/Include/cmsis_gcc.h ****    return ((uint16_t) result);
 864:Drivers/CMSIS/Include/cmsis_gcc.h **** }
 865:Drivers/CMSIS/Include/cmsis_gcc.h **** 
 866:Drivers/CMSIS/Include/cmsis_gcc.h **** 
 867:Drivers/CMSIS/Include/cmsis_gcc.h **** /**
 868:Drivers/CMSIS/Include/cmsis_gcc.h ****   \brief   Load-Acquire Exclusive (32 bit)
 869:Drivers/CMSIS/Include/cmsis_gcc.h ****   \details Executes a LDA exclusive instruction for 32 bit values.
 870:Drivers/CMSIS/Include/cmsis_gcc.h ****   \param [in]    ptr  Pointer to data
 871:Drivers/CMSIS/Include/cmsis_gcc.h ****   \return        value of type uint32_t at (*ptr)
 872:Drivers/CMSIS/Include/cmsis_gcc.h ****  */
 873:Drivers/CMSIS/Include/cmsis_gcc.h **** __STATIC_FORCEINLINE uint32_t __LDAEX(volatile uint32_t *ptr)
 874:Drivers/CMSIS/Include/cmsis_gcc.h **** {
 875:Drivers/CMSIS/Include/cmsis_gcc.h ****     uint32_t result;
 876:Drivers/CMSIS/Include/cmsis_gcc.h **** 
 877:Drivers/CMSIS/Include/cmsis_gcc.h ****    __ASM volatile ("ldaex %0, %1" : "=r" (result) : "Q" (*ptr) : "memory" );
 878:Drivers/CMSIS/Include/cmsis_gcc.h ****    return(result);
 879:Drivers/CMSIS/Include/cmsis_gcc.h **** }
 880:Drivers/CMSIS/Include/cmsis_gcc.h **** 
ARM GAS  C:\Users\BENJAM~1\AppData\Local\Temp\ccXObaO1.s 			page 34


 881:Drivers/CMSIS/Include/cmsis_gcc.h **** 
 882:Drivers/CMSIS/Include/cmsis_gcc.h **** /**
 883:Drivers/CMSIS/Include/cmsis_gcc.h ****   \brief   Store-Release Exclusive (8 bit)
 884:Drivers/CMSIS/Include/cmsis_gcc.h ****   \details Executes a STLB exclusive instruction for 8 bit values.
 885:Drivers/CMSIS/Include/cmsis_gcc.h ****   \param [in]  value  Value to store
 886:Drivers/CMSIS/Include/cmsis_gcc.h ****   \param [in]    ptr  Pointer to location
 887:Drivers/CMSIS/Include/cmsis_gcc.h ****   \return          0  Function succeeded
 888:Drivers/CMSIS/Include/cmsis_gcc.h ****   \return          1  Function failed
 889:Drivers/CMSIS/Include/cmsis_gcc.h ****  */
 890:Drivers/CMSIS/Include/cmsis_gcc.h **** __STATIC_FORCEINLINE uint32_t __STLEXB(uint8_t value, volatile uint8_t *ptr)
 891:Drivers/CMSIS/Include/cmsis_gcc.h **** {
 892:Drivers/CMSIS/Include/cmsis_gcc.h ****    uint32_t result;
 893:Drivers/CMSIS/Include/cmsis_gcc.h **** 
 894:Drivers/CMSIS/Include/cmsis_gcc.h ****    __ASM volatile ("stlexb %0, %2, %1" : "=&r" (result), "=Q" (*ptr) : "r" ((uint32_t)value) : "mem
 895:Drivers/CMSIS/Include/cmsis_gcc.h ****    return(result);
 896:Drivers/CMSIS/Include/cmsis_gcc.h **** }
 897:Drivers/CMSIS/Include/cmsis_gcc.h **** 
 898:Drivers/CMSIS/Include/cmsis_gcc.h **** 
 899:Drivers/CMSIS/Include/cmsis_gcc.h **** /**
 900:Drivers/CMSIS/Include/cmsis_gcc.h ****   \brief   Store-Release Exclusive (16 bit)
 901:Drivers/CMSIS/Include/cmsis_gcc.h ****   \details Executes a STLH exclusive instruction for 16 bit values.
 902:Drivers/CMSIS/Include/cmsis_gcc.h ****   \param [in]  value  Value to store
 903:Drivers/CMSIS/Include/cmsis_gcc.h ****   \param [in]    ptr  Pointer to location
 904:Drivers/CMSIS/Include/cmsis_gcc.h ****   \return          0  Function succeeded
 905:Drivers/CMSIS/Include/cmsis_gcc.h ****   \return          1  Function failed
 906:Drivers/CMSIS/Include/cmsis_gcc.h ****  */
 907:Drivers/CMSIS/Include/cmsis_gcc.h **** __STATIC_FORCEINLINE uint32_t __STLEXH(uint16_t value, volatile uint16_t *ptr)
 908:Drivers/CMSIS/Include/cmsis_gcc.h **** {
 909:Drivers/CMSIS/Include/cmsis_gcc.h ****    uint32_t result;
 910:Drivers/CMSIS/Include/cmsis_gcc.h **** 
 911:Drivers/CMSIS/Include/cmsis_gcc.h ****    __ASM volatile ("stlexh %0, %2, %1" : "=&r" (result), "=Q" (*ptr) : "r" ((uint32_t)value) : "mem
 912:Drivers/CMSIS/Include/cmsis_gcc.h ****    return(result);
 913:Drivers/CMSIS/Include/cmsis_gcc.h **** }
 914:Drivers/CMSIS/Include/cmsis_gcc.h **** 
 915:Drivers/CMSIS/Include/cmsis_gcc.h **** 
 916:Drivers/CMSIS/Include/cmsis_gcc.h **** /**
 917:Drivers/CMSIS/Include/cmsis_gcc.h ****   \brief   Store-Release Exclusive (32 bit)
 918:Drivers/CMSIS/Include/cmsis_gcc.h ****   \details Executes a STL exclusive instruction for 32 bit values.
 919:Drivers/CMSIS/Include/cmsis_gcc.h ****   \param [in]  value  Value to store
 920:Drivers/CMSIS/Include/cmsis_gcc.h ****   \param [in]    ptr  Pointer to location
 921:Drivers/CMSIS/Include/cmsis_gcc.h ****   \return          0  Function succeeded
 922:Drivers/CMSIS/Include/cmsis_gcc.h ****   \return          1  Function failed
 923:Drivers/CMSIS/Include/cmsis_gcc.h ****  */
 924:Drivers/CMSIS/Include/cmsis_gcc.h **** __STATIC_FORCEINLINE uint32_t __STLEX(uint32_t value, volatile uint32_t *ptr)
 925:Drivers/CMSIS/Include/cmsis_gcc.h **** {
 926:Drivers/CMSIS/Include/cmsis_gcc.h ****    uint32_t result;
 927:Drivers/CMSIS/Include/cmsis_gcc.h **** 
 928:Drivers/CMSIS/Include/cmsis_gcc.h ****    __ASM volatile ("stlex %0, %2, %1" : "=&r" (result), "=Q" (*ptr) : "r" ((uint32_t)value) : "memo
 929:Drivers/CMSIS/Include/cmsis_gcc.h ****    return(result);
 930:Drivers/CMSIS/Include/cmsis_gcc.h **** }
 931:Drivers/CMSIS/Include/cmsis_gcc.h **** 
 932:Drivers/CMSIS/Include/cmsis_gcc.h **** #endif /* ((defined (__ARM_ARCH_8M_MAIN__ ) && (__ARM_ARCH_8M_MAIN__ == 1)) || \
 933:Drivers/CMSIS/Include/cmsis_gcc.h ****            (defined (__ARM_ARCH_8M_BASE__ ) && (__ARM_ARCH_8M_BASE__ == 1))    ) */
 934:Drivers/CMSIS/Include/cmsis_gcc.h **** 
 935:Drivers/CMSIS/Include/cmsis_gcc.h **** /*@}*/ /* end of group CMSIS_Core_InstructionInterface */
 936:Drivers/CMSIS/Include/cmsis_gcc.h **** 
 937:Drivers/CMSIS/Include/cmsis_gcc.h **** 
ARM GAS  C:\Users\BENJAM~1\AppData\Local\Temp\ccXObaO1.s 			page 35


 938:Drivers/CMSIS/Include/cmsis_gcc.h **** /* ###########################  Core Function Access  ########################### */
 939:Drivers/CMSIS/Include/cmsis_gcc.h **** /** \ingroup  CMSIS_Core_FunctionInterface
 940:Drivers/CMSIS/Include/cmsis_gcc.h ****     \defgroup CMSIS_Core_RegAccFunctions CMSIS Core Register Access Functions
 941:Drivers/CMSIS/Include/cmsis_gcc.h ****   @{
 942:Drivers/CMSIS/Include/cmsis_gcc.h ****  */
 943:Drivers/CMSIS/Include/cmsis_gcc.h **** 
 944:Drivers/CMSIS/Include/cmsis_gcc.h **** /**
 945:Drivers/CMSIS/Include/cmsis_gcc.h ****   \brief   Enable IRQ Interrupts
 946:Drivers/CMSIS/Include/cmsis_gcc.h ****   \details Enables IRQ interrupts by clearing special-purpose register PRIMASK.
 947:Drivers/CMSIS/Include/cmsis_gcc.h ****            Can only be executed in Privileged modes.
 948:Drivers/CMSIS/Include/cmsis_gcc.h ****  */
 949:Drivers/CMSIS/Include/cmsis_gcc.h **** __STATIC_FORCEINLINE void __enable_irq(void)
 950:Drivers/CMSIS/Include/cmsis_gcc.h **** {
 951:Drivers/CMSIS/Include/cmsis_gcc.h ****   __ASM volatile ("cpsie i" : : : "memory");
 952:Drivers/CMSIS/Include/cmsis_gcc.h **** }
 953:Drivers/CMSIS/Include/cmsis_gcc.h **** 
 954:Drivers/CMSIS/Include/cmsis_gcc.h **** 
 955:Drivers/CMSIS/Include/cmsis_gcc.h **** /**
 956:Drivers/CMSIS/Include/cmsis_gcc.h ****   \brief   Disable IRQ Interrupts
 957:Drivers/CMSIS/Include/cmsis_gcc.h ****   \details Disables IRQ interrupts by setting special-purpose register PRIMASK.
 958:Drivers/CMSIS/Include/cmsis_gcc.h ****            Can only be executed in Privileged modes.
 959:Drivers/CMSIS/Include/cmsis_gcc.h ****  */
 960:Drivers/CMSIS/Include/cmsis_gcc.h **** __STATIC_FORCEINLINE void __disable_irq(void)
 394              		.loc 2 960 27 view .LVU83
 395              	.LBB9:
 961:Drivers/CMSIS/Include/cmsis_gcc.h **** {
 962:Drivers/CMSIS/Include/cmsis_gcc.h ****   __ASM volatile ("cpsid i" : : : "memory");
 396              		.loc 2 962 3 view .LVU84
 397              		.syntax unified
 398              	@ 962 "Drivers/CMSIS/Include/cmsis_gcc.h" 1
 399 0000 72B6     		cpsid i
 400              	@ 0 "" 2
 401              		.thumb
 402              		.syntax unified
 403              	.L15:
 404              	.LBE9:
 405              	.LBE8:
 604:Core/Src/main.c ****   while (1)
 406              		.loc 1 604 3 view .LVU85
 605:Core/Src/main.c ****   {
 606:Core/Src/main.c ****   }
 407              		.loc 1 606 3 view .LVU86
 604:Core/Src/main.c ****   while (1)
 408              		.loc 1 604 9 view .LVU87
 409 0002 FEE7     		b	.L15
 410              		.cfi_endproc
 411              	.LFE144:
 413              		.section	.text.MX_TIM2_Init,"ax",%progbits
 414              		.align	1
 415              		.syntax unified
 416              		.thumb
 417              		.thumb_func
 419              	MX_TIM2_Init:
 420              	.LFB139:
 361:Core/Src/main.c **** 
 421              		.loc 1 361 1 view -0
 422              		.cfi_startproc
ARM GAS  C:\Users\BENJAM~1\AppData\Local\Temp\ccXObaO1.s 			page 36


 423              		@ args = 0, pretend = 0, frame = 56
 424              		@ frame_needed = 0, uses_anonymous_args = 0
 425 0000 00B5     		push	{lr}
 426              	.LCFI7:
 427              		.cfi_def_cfa_offset 4
 428              		.cfi_offset 14, -4
 429 0002 8FB0     		sub	sp, sp, #60
 430              	.LCFI8:
 431              		.cfi_def_cfa_offset 64
 367:Core/Src/main.c ****   TIM_MasterConfigTypeDef sMasterConfig = {0};
 432              		.loc 1 367 3 view .LVU89
 367:Core/Src/main.c ****   TIM_MasterConfigTypeDef sMasterConfig = {0};
 433              		.loc 1 367 26 is_stmt 0 view .LVU90
 434 0004 0023     		movs	r3, #0
 435 0006 0A93     		str	r3, [sp, #40]
 436 0008 0B93     		str	r3, [sp, #44]
 437 000a 0C93     		str	r3, [sp, #48]
 438 000c 0D93     		str	r3, [sp, #52]
 368:Core/Src/main.c ****   TIM_OC_InitTypeDef sConfigOC = {0};
 439              		.loc 1 368 3 is_stmt 1 view .LVU91
 368:Core/Src/main.c ****   TIM_OC_InitTypeDef sConfigOC = {0};
 440              		.loc 1 368 27 is_stmt 0 view .LVU92
 441 000e 0893     		str	r3, [sp, #32]
 442 0010 0993     		str	r3, [sp, #36]
 369:Core/Src/main.c **** 
 443              		.loc 1 369 3 is_stmt 1 view .LVU93
 369:Core/Src/main.c **** 
 444              		.loc 1 369 22 is_stmt 0 view .LVU94
 445 0012 0193     		str	r3, [sp, #4]
 446 0014 0293     		str	r3, [sp, #8]
 447 0016 0393     		str	r3, [sp, #12]
 448 0018 0493     		str	r3, [sp, #16]
 449 001a 0593     		str	r3, [sp, #20]
 450 001c 0693     		str	r3, [sp, #24]
 451 001e 0793     		str	r3, [sp, #28]
 374:Core/Src/main.c ****   htim2.Init.Prescaler = 0;
 452              		.loc 1 374 3 is_stmt 1 view .LVU95
 374:Core/Src/main.c ****   htim2.Init.Prescaler = 0;
 453              		.loc 1 374 18 is_stmt 0 view .LVU96
 454 0020 3548     		ldr	r0, .L30
 455 0022 4FF08042 		mov	r2, #1073741824
 456 0026 0260     		str	r2, [r0]
 375:Core/Src/main.c ****   htim2.Init.CounterMode = TIM_COUNTERMODE_UP;
 457              		.loc 1 375 3 is_stmt 1 view .LVU97
 375:Core/Src/main.c ****   htim2.Init.CounterMode = TIM_COUNTERMODE_UP;
 458              		.loc 1 375 24 is_stmt 0 view .LVU98
 459 0028 4360     		str	r3, [r0, #4]
 376:Core/Src/main.c ****   htim2.Init.Period = 4294967295;
 460              		.loc 1 376 3 is_stmt 1 view .LVU99
 376:Core/Src/main.c ****   htim2.Init.Period = 4294967295;
 461              		.loc 1 376 26 is_stmt 0 view .LVU100
 462 002a 8360     		str	r3, [r0, #8]
 377:Core/Src/main.c ****   htim2.Init.ClockDivision = TIM_CLOCKDIVISION_DIV1;
 463              		.loc 1 377 3 is_stmt 1 view .LVU101
 377:Core/Src/main.c ****   htim2.Init.ClockDivision = TIM_CLOCKDIVISION_DIV1;
 464              		.loc 1 377 21 is_stmt 0 view .LVU102
 465 002c 4FF0FF32 		mov	r2, #-1
ARM GAS  C:\Users\BENJAM~1\AppData\Local\Temp\ccXObaO1.s 			page 37


 466 0030 C260     		str	r2, [r0, #12]
 378:Core/Src/main.c ****   htim2.Init.AutoReloadPreload = TIM_AUTORELOAD_PRELOAD_DISABLE;
 467              		.loc 1 378 3 is_stmt 1 view .LVU103
 378:Core/Src/main.c ****   htim2.Init.AutoReloadPreload = TIM_AUTORELOAD_PRELOAD_DISABLE;
 468              		.loc 1 378 28 is_stmt 0 view .LVU104
 469 0032 0361     		str	r3, [r0, #16]
 379:Core/Src/main.c ****   if (HAL_TIM_Base_Init(&htim2) != HAL_OK)
 470              		.loc 1 379 3 is_stmt 1 view .LVU105
 379:Core/Src/main.c ****   if (HAL_TIM_Base_Init(&htim2) != HAL_OK)
 471              		.loc 1 379 32 is_stmt 0 view .LVU106
 472 0034 8361     		str	r3, [r0, #24]
 380:Core/Src/main.c ****   {
 473              		.loc 1 380 3 is_stmt 1 view .LVU107
 380:Core/Src/main.c ****   {
 474              		.loc 1 380 7 is_stmt 0 view .LVU108
 475 0036 FFF7FEFF 		bl	HAL_TIM_Base_Init
 476              	.LVL19:
 380:Core/Src/main.c ****   {
 477              		.loc 1 380 6 discriminator 1 view .LVU109
 478 003a 0028     		cmp	r0, #0
 479 003c 50D1     		bne	.L24
 384:Core/Src/main.c ****   if (HAL_TIM_ConfigClockSource(&htim2, &sClockSourceConfig) != HAL_OK)
 480              		.loc 1 384 3 is_stmt 1 view .LVU110
 384:Core/Src/main.c ****   if (HAL_TIM_ConfigClockSource(&htim2, &sClockSourceConfig) != HAL_OK)
 481              		.loc 1 384 34 is_stmt 0 view .LVU111
 482 003e 4FF48053 		mov	r3, #4096
 483 0042 0A93     		str	r3, [sp, #40]
 385:Core/Src/main.c ****   {
 484              		.loc 1 385 3 is_stmt 1 view .LVU112
 385:Core/Src/main.c ****   {
 485              		.loc 1 385 7 is_stmt 0 view .LVU113
 486 0044 0AA9     		add	r1, sp, #40
 487 0046 2C48     		ldr	r0, .L30
 488 0048 FFF7FEFF 		bl	HAL_TIM_ConfigClockSource
 489              	.LVL20:
 385:Core/Src/main.c ****   {
 490              		.loc 1 385 6 discriminator 1 view .LVU114
 491 004c 0028     		cmp	r0, #0
 492 004e 49D1     		bne	.L25
 389:Core/Src/main.c ****   {
 493              		.loc 1 389 3 is_stmt 1 view .LVU115
 389:Core/Src/main.c ****   {
 494              		.loc 1 389 7 is_stmt 0 view .LVU116
 495 0050 2948     		ldr	r0, .L30
 496 0052 FFF7FEFF 		bl	HAL_TIM_OC_Init
 497              	.LVL21:
 389:Core/Src/main.c ****   {
 498              		.loc 1 389 6 discriminator 1 view .LVU117
 499 0056 0028     		cmp	r0, #0
 500 0058 46D1     		bne	.L26
 393:Core/Src/main.c ****   sMasterConfig.MasterSlaveMode = TIM_MASTERSLAVEMODE_DISABLE;
 501              		.loc 1 393 3 is_stmt 1 view .LVU118
 393:Core/Src/main.c ****   sMasterConfig.MasterSlaveMode = TIM_MASTERSLAVEMODE_DISABLE;
 502              		.loc 1 393 37 is_stmt 0 view .LVU119
 503 005a 0023     		movs	r3, #0
 504 005c 0893     		str	r3, [sp, #32]
 394:Core/Src/main.c ****   if (HAL_TIMEx_MasterConfigSynchronization(&htim2, &sMasterConfig) != HAL_OK)
ARM GAS  C:\Users\BENJAM~1\AppData\Local\Temp\ccXObaO1.s 			page 38


 505              		.loc 1 394 3 is_stmt 1 view .LVU120
 394:Core/Src/main.c ****   if (HAL_TIMEx_MasterConfigSynchronization(&htim2, &sMasterConfig) != HAL_OK)
 506              		.loc 1 394 33 is_stmt 0 view .LVU121
 507 005e 0993     		str	r3, [sp, #36]
 395:Core/Src/main.c ****   {
 508              		.loc 1 395 3 is_stmt 1 view .LVU122
 395:Core/Src/main.c ****   {
 509              		.loc 1 395 7 is_stmt 0 view .LVU123
 510 0060 08A9     		add	r1, sp, #32
 511 0062 2548     		ldr	r0, .L30
 512 0064 FFF7FEFF 		bl	HAL_TIMEx_MasterConfigSynchronization
 513              	.LVL22:
 395:Core/Src/main.c ****   {
 514              		.loc 1 395 6 discriminator 1 view .LVU124
 515 0068 0028     		cmp	r0, #0
 516 006a 3FD1     		bne	.L27
 399:Core/Src/main.c ****   sConfigOC.Pulse = 0;
 517              		.loc 1 399 3 is_stmt 1 view .LVU125
 399:Core/Src/main.c ****   sConfigOC.Pulse = 0;
 518              		.loc 1 399 20 is_stmt 0 view .LVU126
 519 006c 0022     		movs	r2, #0
 520 006e 0192     		str	r2, [sp, #4]
 400:Core/Src/main.c ****   sConfigOC.OCPolarity = TIM_OCPOLARITY_HIGH;
 521              		.loc 1 400 3 is_stmt 1 view .LVU127
 400:Core/Src/main.c ****   sConfigOC.OCPolarity = TIM_OCPOLARITY_HIGH;
 522              		.loc 1 400 19 is_stmt 0 view .LVU128
 523 0070 0292     		str	r2, [sp, #8]
 401:Core/Src/main.c ****   sConfigOC.OCFastMode = TIM_OCFAST_DISABLE;
 524              		.loc 1 401 3 is_stmt 1 view .LVU129
 401:Core/Src/main.c ****   sConfigOC.OCFastMode = TIM_OCFAST_DISABLE;
 525              		.loc 1 401 24 is_stmt 0 view .LVU130
 526 0072 0392     		str	r2, [sp, #12]
 402:Core/Src/main.c ****   if (HAL_TIM_OC_ConfigChannel(&htim2, &sConfigOC, TIM_CHANNEL_1) != HAL_OK)
 527              		.loc 1 402 3 is_stmt 1 view .LVU131
 402:Core/Src/main.c ****   if (HAL_TIM_OC_ConfigChannel(&htim2, &sConfigOC, TIM_CHANNEL_1) != HAL_OK)
 528              		.loc 1 402 24 is_stmt 0 view .LVU132
 529 0074 0592     		str	r2, [sp, #20]
 403:Core/Src/main.c ****   {
 530              		.loc 1 403 3 is_stmt 1 view .LVU133
 403:Core/Src/main.c ****   {
 531              		.loc 1 403 7 is_stmt 0 view .LVU134
 532 0076 01A9     		add	r1, sp, #4
 533 0078 1F48     		ldr	r0, .L30
 534 007a FFF7FEFF 		bl	HAL_TIM_OC_ConfigChannel
 535              	.LVL23:
 403:Core/Src/main.c ****   {
 536              		.loc 1 403 6 discriminator 1 view .LVU135
 537 007e 0028     		cmp	r0, #0
 538 0080 36D1     		bne	.L28
 409:Core/Src/main.c **** 
 539              		.loc 1 409 3 is_stmt 1 view .LVU136
 540              	.LBB10:
 409:Core/Src/main.c **** 
 541              		.loc 1 409 3 view .LVU137
 542 0082 0023     		movs	r3, #0
 543 0084 0093     		str	r3, [sp]
 409:Core/Src/main.c **** 
ARM GAS  C:\Users\BENJAM~1\AppData\Local\Temp\ccXObaO1.s 			page 39


 544              		.loc 1 409 3 view .LVU138
 545 0086 1D4A     		ldr	r2, .L30+4
 546 0088 116B     		ldr	r1, [r2, #48]
 547 008a 41F40011 		orr	r1, r1, #2097152
 548 008e 1163     		str	r1, [r2, #48]
 409:Core/Src/main.c **** 
 549              		.loc 1 409 3 view .LVU139
 550 0090 126B     		ldr	r2, [r2, #48]
 551 0092 02F40012 		and	r2, r2, #2097152
 552 0096 0092     		str	r2, [sp]
 409:Core/Src/main.c **** 
 553              		.loc 1 409 3 view .LVU140
 554 0098 009A     		ldr	r2, [sp]
 555              	.LBE10:
 409:Core/Src/main.c **** 
 556              		.loc 1 409 3 view .LVU141
 411:Core/Src/main.c ****   hdma_tim2_ch1.Init.Channel = DMA_CHANNEL_3;         // TIM2_CH1 is on channel 3
 557              		.loc 1 411 3 view .LVU142
 411:Core/Src/main.c ****   hdma_tim2_ch1.Init.Channel = DMA_CHANNEL_3;         // TIM2_CH1 is on channel 3
 558              		.loc 1 411 26 is_stmt 0 view .LVU143
 559 009a 1948     		ldr	r0, .L30+8
 560 009c 194A     		ldr	r2, .L30+12
 561 009e 0260     		str	r2, [r0]
 412:Core/Src/main.c ****   hdma_tim2_ch1.Init.Direction = DMA_MEMORY_TO_PERIPH; // Memory -> TIM3->CCR3
 562              		.loc 1 412 3 is_stmt 1 view .LVU144
 412:Core/Src/main.c ****   hdma_tim2_ch1.Init.Direction = DMA_MEMORY_TO_PERIPH; // Memory -> TIM3->CCR3
 563              		.loc 1 412 30 is_stmt 0 view .LVU145
 564 00a0 4FF0C062 		mov	r2, #100663296
 565 00a4 4260     		str	r2, [r0, #4]
 413:Core/Src/main.c ****   hdma_tim2_ch1.Init.PeriphInc = DMA_PINC_DISABLE;    // Peripheral address fixed
 566              		.loc 1 413 3 is_stmt 1 view .LVU146
 413:Core/Src/main.c ****   hdma_tim2_ch1.Init.PeriphInc = DMA_PINC_DISABLE;    // Peripheral address fixed
 567              		.loc 1 413 32 is_stmt 0 view .LVU147
 568 00a6 4022     		movs	r2, #64
 569 00a8 8260     		str	r2, [r0, #8]
 414:Core/Src/main.c ****   hdma_tim2_ch1.Init.MemInc = DMA_MINC_ENABLE;        // Memory address increments
 570              		.loc 1 414 3 is_stmt 1 view .LVU148
 414:Core/Src/main.c ****   hdma_tim2_ch1.Init.MemInc = DMA_MINC_ENABLE;        // Memory address increments
 571              		.loc 1 414 32 is_stmt 0 view .LVU149
 572 00aa C360     		str	r3, [r0, #12]
 415:Core/Src/main.c ****   hdma_tim2_ch1.Init.PeriphDataAlignment = DMA_PDATAALIGN_WORD;
 573              		.loc 1 415 3 is_stmt 1 view .LVU150
 415:Core/Src/main.c ****   hdma_tim2_ch1.Init.PeriphDataAlignment = DMA_PDATAALIGN_WORD;
 574              		.loc 1 415 29 is_stmt 0 view .LVU151
 575 00ac 4FF48062 		mov	r2, #1024
 576 00b0 0261     		str	r2, [r0, #16]
 416:Core/Src/main.c ****   hdma_tim2_ch1.Init.MemDataAlignment = DMA_MDATAALIGN_WORD;
 577              		.loc 1 416 3 is_stmt 1 view .LVU152
 416:Core/Src/main.c ****   hdma_tim2_ch1.Init.MemDataAlignment = DMA_MDATAALIGN_WORD;
 578              		.loc 1 416 42 is_stmt 0 view .LVU153
 579 00b2 4FF48052 		mov	r2, #4096
 580 00b6 4261     		str	r2, [r0, #20]
 417:Core/Src/main.c ****   hdma_tim2_ch1.Init.Mode = DMA_CIRCULAR;            // Repeat LUT automatically
 581              		.loc 1 417 3 is_stmt 1 view .LVU154
 417:Core/Src/main.c ****   hdma_tim2_ch1.Init.Mode = DMA_CIRCULAR;            // Repeat LUT automatically
 582              		.loc 1 417 39 is_stmt 0 view .LVU155
 583 00b8 4FF48042 		mov	r2, #16384
ARM GAS  C:\Users\BENJAM~1\AppData\Local\Temp\ccXObaO1.s 			page 40


 584 00bc 8261     		str	r2, [r0, #24]
 418:Core/Src/main.c ****   hdma_tim2_ch1.Init.Priority = DMA_PRIORITY_HIGH;
 585              		.loc 1 418 3 is_stmt 1 view .LVU156
 418:Core/Src/main.c ****   hdma_tim2_ch1.Init.Priority = DMA_PRIORITY_HIGH;
 586              		.loc 1 418 27 is_stmt 0 view .LVU157
 587 00be 4FF48072 		mov	r2, #256
 588 00c2 C261     		str	r2, [r0, #28]
 419:Core/Src/main.c ****   hdma_tim2_ch1.Init.FIFOMode = DMA_FIFOMODE_DISABLE;
 589              		.loc 1 419 3 is_stmt 1 view .LVU158
 419:Core/Src/main.c ****   hdma_tim2_ch1.Init.FIFOMode = DMA_FIFOMODE_DISABLE;
 590              		.loc 1 419 31 is_stmt 0 view .LVU159
 591 00c4 4FF40032 		mov	r2, #131072
 592 00c8 0262     		str	r2, [r0, #32]
 420:Core/Src/main.c **** 
 593              		.loc 1 420 3 is_stmt 1 view .LVU160
 420:Core/Src/main.c **** 
 594              		.loc 1 420 31 is_stmt 0 view .LVU161
 595 00ca 4362     		str	r3, [r0, #36]
 422:Core/Src/main.c ****   {
 596              		.loc 1 422 3 is_stmt 1 view .LVU162
 422:Core/Src/main.c ****   {
 597              		.loc 1 422 7 is_stmt 0 view .LVU163
 598 00cc FFF7FEFF 		bl	HAL_DMA_Init
 599              	.LVL24:
 422:Core/Src/main.c ****   {
 600              		.loc 1 422 6 discriminator 1 view .LVU164
 601 00d0 80B9     		cbnz	r0, .L29
 428:Core/Src/main.c ****   /* USER CODE END TIM2_Init 2 */
 602              		.loc 1 428 3 is_stmt 1 view .LVU165
 428:Core/Src/main.c ****   /* USER CODE END TIM2_Init 2 */
 603              		.loc 1 428 3 view .LVU166
 604 00d2 094A     		ldr	r2, .L30
 605 00d4 0A4B     		ldr	r3, .L30+8
 606 00d6 5362     		str	r3, [r2, #36]
 428:Core/Src/main.c ****   /* USER CODE END TIM2_Init 2 */
 607              		.loc 1 428 3 view .LVU167
 608 00d8 9A63     		str	r2, [r3, #56]
 428:Core/Src/main.c ****   /* USER CODE END TIM2_Init 2 */
 609              		.loc 1 428 3 view .LVU168
 431:Core/Src/main.c **** 
 610              		.loc 1 431 1 is_stmt 0 view .LVU169
 611 00da 0FB0     		add	sp, sp, #60
 612              	.LCFI9:
 613              		.cfi_remember_state
 614              		.cfi_def_cfa_offset 4
 615              		@ sp needed
 616 00dc 5DF804FB 		ldr	pc, [sp], #4
 617              	.L24:
 618              	.LCFI10:
 619              		.cfi_restore_state
 382:Core/Src/main.c ****   }
 620              		.loc 1 382 5 is_stmt 1 view .LVU170
 621 00e0 FFF7FEFF 		bl	Error_Handler
 622              	.LVL25:
 623              	.L25:
 387:Core/Src/main.c ****   }
 624              		.loc 1 387 5 view .LVU171
ARM GAS  C:\Users\BENJAM~1\AppData\Local\Temp\ccXObaO1.s 			page 41


 625 00e4 FFF7FEFF 		bl	Error_Handler
 626              	.LVL26:
 627              	.L26:
 391:Core/Src/main.c ****   }
 628              		.loc 1 391 5 view .LVU172
 629 00e8 FFF7FEFF 		bl	Error_Handler
 630              	.LVL27:
 631              	.L27:
 397:Core/Src/main.c ****   }
 632              		.loc 1 397 5 view .LVU173
 633 00ec FFF7FEFF 		bl	Error_Handler
 634              	.LVL28:
 635              	.L28:
 405:Core/Src/main.c ****   }
 636              		.loc 1 405 5 view .LVU174
 637 00f0 FFF7FEFF 		bl	Error_Handler
 638              	.LVL29:
 639              	.L29:
 424:Core/Src/main.c ****   }
 640              		.loc 1 424 7 view .LVU175
 641 00f4 FFF7FEFF 		bl	Error_Handler
 642              	.LVL30:
 643              	.L31:
 644              		.align	2
 645              	.L30:
 646 00f8 00000000 		.word	htim2
 647 00fc 00380240 		.word	1073887232
 648 0100 00000000 		.word	hdma_tim2_ch1
 649 0104 88600240 		.word	1073897608
 650              		.cfi_endproc
 651              	.LFE139:
 653              		.section	.text.MX_TIM3_Init,"ax",%progbits
 654              		.align	1
 655              		.syntax unified
 656              		.thumb
 657              		.thumb_func
 659              	MX_TIM3_Init:
 660              	.LFB140:
 439:Core/Src/main.c **** 
 661              		.loc 1 439 1 view -0
 662              		.cfi_startproc
 663              		@ args = 0, pretend = 0, frame = 56
 664              		@ frame_needed = 0, uses_anonymous_args = 0
 665 0000 00B5     		push	{lr}
 666              	.LCFI11:
 667              		.cfi_def_cfa_offset 4
 668              		.cfi_offset 14, -4
 669 0002 8FB0     		sub	sp, sp, #60
 670              	.LCFI12:
 671              		.cfi_def_cfa_offset 64
 445:Core/Src/main.c ****   TIM_MasterConfigTypeDef sMasterConfig = {0};
 672              		.loc 1 445 3 view .LVU177
 445:Core/Src/main.c ****   TIM_MasterConfigTypeDef sMasterConfig = {0};
 673              		.loc 1 445 26 is_stmt 0 view .LVU178
 674 0004 0023     		movs	r3, #0
 675 0006 0A93     		str	r3, [sp, #40]
 676 0008 0B93     		str	r3, [sp, #44]
ARM GAS  C:\Users\BENJAM~1\AppData\Local\Temp\ccXObaO1.s 			page 42


 677 000a 0C93     		str	r3, [sp, #48]
 678 000c 0D93     		str	r3, [sp, #52]
 446:Core/Src/main.c ****   TIM_OC_InitTypeDef sConfigOC = {0};
 679              		.loc 1 446 3 is_stmt 1 view .LVU179
 446:Core/Src/main.c ****   TIM_OC_InitTypeDef sConfigOC = {0};
 680              		.loc 1 446 27 is_stmt 0 view .LVU180
 681 000e 0893     		str	r3, [sp, #32]
 682 0010 0993     		str	r3, [sp, #36]
 447:Core/Src/main.c **** 
 683              		.loc 1 447 3 is_stmt 1 view .LVU181
 447:Core/Src/main.c **** 
 684              		.loc 1 447 22 is_stmt 0 view .LVU182
 685 0012 0193     		str	r3, [sp, #4]
 686 0014 0293     		str	r3, [sp, #8]
 687 0016 0393     		str	r3, [sp, #12]
 688 0018 0493     		str	r3, [sp, #16]
 689 001a 0593     		str	r3, [sp, #20]
 690 001c 0693     		str	r3, [sp, #24]
 691 001e 0793     		str	r3, [sp, #28]
 452:Core/Src/main.c ****   htim3.Init.Prescaler = 0;
 692              		.loc 1 452 3 is_stmt 1 view .LVU183
 452:Core/Src/main.c ****   htim3.Init.Prescaler = 0;
 693              		.loc 1 452 18 is_stmt 0 view .LVU184
 694 0020 1E48     		ldr	r0, .L44
 695 0022 1F4A     		ldr	r2, .L44+4
 696 0024 0260     		str	r2, [r0]
 453:Core/Src/main.c ****   htim3.Init.CounterMode = TIM_COUNTERMODE_UP;
 697              		.loc 1 453 3 is_stmt 1 view .LVU185
 453:Core/Src/main.c ****   htim3.Init.CounterMode = TIM_COUNTERMODE_UP;
 698              		.loc 1 453 24 is_stmt 0 view .LVU186
 699 0026 4360     		str	r3, [r0, #4]
 454:Core/Src/main.c ****   htim3.Init.Period = 65535;
 700              		.loc 1 454 3 is_stmt 1 view .LVU187
 454:Core/Src/main.c ****   htim3.Init.Period = 65535;
 701              		.loc 1 454 26 is_stmt 0 view .LVU188
 702 0028 8360     		str	r3, [r0, #8]
 455:Core/Src/main.c ****   htim3.Init.ClockDivision = TIM_CLOCKDIVISION_DIV1;
 703              		.loc 1 455 3 is_stmt 1 view .LVU189
 455:Core/Src/main.c ****   htim3.Init.ClockDivision = TIM_CLOCKDIVISION_DIV1;
 704              		.loc 1 455 21 is_stmt 0 view .LVU190
 705 002a 4FF6FF72 		movw	r2, #65535
 706 002e C260     		str	r2, [r0, #12]
 456:Core/Src/main.c ****   htim3.Init.AutoReloadPreload = TIM_AUTORELOAD_PRELOAD_DISABLE;
 707              		.loc 1 456 3 is_stmt 1 view .LVU191
 456:Core/Src/main.c ****   htim3.Init.AutoReloadPreload = TIM_AUTORELOAD_PRELOAD_DISABLE;
 708              		.loc 1 456 28 is_stmt 0 view .LVU192
 709 0030 0361     		str	r3, [r0, #16]
 457:Core/Src/main.c ****   if (HAL_TIM_Base_Init(&htim3) != HAL_OK)
 710              		.loc 1 457 3 is_stmt 1 view .LVU193
 457:Core/Src/main.c ****   if (HAL_TIM_Base_Init(&htim3) != HAL_OK)
 711              		.loc 1 457 32 is_stmt 0 view .LVU194
 712 0032 8361     		str	r3, [r0, #24]
 458:Core/Src/main.c ****   {
 713              		.loc 1 458 3 is_stmt 1 view .LVU195
 458:Core/Src/main.c ****   {
 714              		.loc 1 458 7 is_stmt 0 view .LVU196
 715 0034 FFF7FEFF 		bl	HAL_TIM_Base_Init
ARM GAS  C:\Users\BENJAM~1\AppData\Local\Temp\ccXObaO1.s 			page 43


 716              	.LVL31:
 458:Core/Src/main.c ****   {
 717              		.loc 1 458 6 discriminator 1 view .LVU197
 718 0038 28BB     		cbnz	r0, .L39
 462:Core/Src/main.c ****   if (HAL_TIM_ConfigClockSource(&htim3, &sClockSourceConfig) != HAL_OK)
 719              		.loc 1 462 3 is_stmt 1 view .LVU198
 462:Core/Src/main.c ****   if (HAL_TIM_ConfigClockSource(&htim3, &sClockSourceConfig) != HAL_OK)
 720              		.loc 1 462 34 is_stmt 0 view .LVU199
 721 003a 4FF48053 		mov	r3, #4096
 722 003e 0A93     		str	r3, [sp, #40]
 463:Core/Src/main.c ****   {
 723              		.loc 1 463 3 is_stmt 1 view .LVU200
 463:Core/Src/main.c ****   {
 724              		.loc 1 463 7 is_stmt 0 view .LVU201
 725 0040 0AA9     		add	r1, sp, #40
 726 0042 1648     		ldr	r0, .L44
 727 0044 FFF7FEFF 		bl	HAL_TIM_ConfigClockSource
 728              	.LVL32:
 463:Core/Src/main.c ****   {
 729              		.loc 1 463 6 discriminator 1 view .LVU202
 730 0048 F8B9     		cbnz	r0, .L40
 467:Core/Src/main.c ****   {
 731              		.loc 1 467 3 is_stmt 1 view .LVU203
 467:Core/Src/main.c ****   {
 732              		.loc 1 467 7 is_stmt 0 view .LVU204
 733 004a 1448     		ldr	r0, .L44
 734 004c FFF7FEFF 		bl	HAL_TIM_PWM_Init
 735              	.LVL33:
 467:Core/Src/main.c ****   {
 736              		.loc 1 467 6 discriminator 1 view .LVU205
 737 0050 E8B9     		cbnz	r0, .L41
 471:Core/Src/main.c ****   sMasterConfig.MasterSlaveMode = TIM_MASTERSLAVEMODE_DISABLE;
 738              		.loc 1 471 3 is_stmt 1 view .LVU206
 471:Core/Src/main.c ****   sMasterConfig.MasterSlaveMode = TIM_MASTERSLAVEMODE_DISABLE;
 739              		.loc 1 471 37 is_stmt 0 view .LVU207
 740 0052 0023     		movs	r3, #0
 741 0054 0893     		str	r3, [sp, #32]
 472:Core/Src/main.c ****   if (HAL_TIMEx_MasterConfigSynchronization(&htim3, &sMasterConfig) != HAL_OK)
 742              		.loc 1 472 3 is_stmt 1 view .LVU208
 472:Core/Src/main.c ****   if (HAL_TIMEx_MasterConfigSynchronization(&htim3, &sMasterConfig) != HAL_OK)
 743              		.loc 1 472 33 is_stmt 0 view .LVU209
 744 0056 0993     		str	r3, [sp, #36]
 473:Core/Src/main.c ****   {
 745              		.loc 1 473 3 is_stmt 1 view .LVU210
 473:Core/Src/main.c ****   {
 746              		.loc 1 473 7 is_stmt 0 view .LVU211
 747 0058 08A9     		add	r1, sp, #32
 748 005a 1048     		ldr	r0, .L44
 749 005c FFF7FEFF 		bl	HAL_TIMEx_MasterConfigSynchronization
 750              	.LVL34:
 473:Core/Src/main.c ****   {
 751              		.loc 1 473 6 discriminator 1 view .LVU212
 752 0060 B8B9     		cbnz	r0, .L42
 477:Core/Src/main.c ****   sConfigOC.Pulse = 0;
 753              		.loc 1 477 3 is_stmt 1 view .LVU213
 477:Core/Src/main.c ****   sConfigOC.Pulse = 0;
 754              		.loc 1 477 20 is_stmt 0 view .LVU214
ARM GAS  C:\Users\BENJAM~1\AppData\Local\Temp\ccXObaO1.s 			page 44


 755 0062 6023     		movs	r3, #96
 756 0064 0193     		str	r3, [sp, #4]
 478:Core/Src/main.c ****   sConfigOC.OCPolarity = TIM_OCPOLARITY_HIGH;
 757              		.loc 1 478 3 is_stmt 1 view .LVU215
 478:Core/Src/main.c ****   sConfigOC.OCPolarity = TIM_OCPOLARITY_HIGH;
 758              		.loc 1 478 19 is_stmt 0 view .LVU216
 759 0066 0023     		movs	r3, #0
 760 0068 0293     		str	r3, [sp, #8]
 479:Core/Src/main.c ****   sConfigOC.OCFastMode = TIM_OCFAST_DISABLE;
 761              		.loc 1 479 3 is_stmt 1 view .LVU217
 479:Core/Src/main.c ****   sConfigOC.OCFastMode = TIM_OCFAST_DISABLE;
 762              		.loc 1 479 24 is_stmt 0 view .LVU218
 763 006a 0393     		str	r3, [sp, #12]
 480:Core/Src/main.c ****   if (HAL_TIM_PWM_ConfigChannel(&htim3, &sConfigOC, TIM_CHANNEL_3) != HAL_OK)
 764              		.loc 1 480 3 is_stmt 1 view .LVU219
 480:Core/Src/main.c ****   if (HAL_TIM_PWM_ConfigChannel(&htim3, &sConfigOC, TIM_CHANNEL_3) != HAL_OK)
 765              		.loc 1 480 24 is_stmt 0 view .LVU220
 766 006c 0593     		str	r3, [sp, #20]
 481:Core/Src/main.c ****   {
 767              		.loc 1 481 3 is_stmt 1 view .LVU221
 481:Core/Src/main.c ****   {
 768              		.loc 1 481 7 is_stmt 0 view .LVU222
 769 006e 0822     		movs	r2, #8
 770 0070 01A9     		add	r1, sp, #4
 771 0072 0A48     		ldr	r0, .L44
 772 0074 FFF7FEFF 		bl	HAL_TIM_PWM_ConfigChannel
 773              	.LVL35:
 481:Core/Src/main.c ****   {
 774              		.loc 1 481 6 discriminator 1 view .LVU223
 775 0078 68B9     		cbnz	r0, .L43
 488:Core/Src/main.c **** 
 776              		.loc 1 488 3 is_stmt 1 view .LVU224
 777 007a 0848     		ldr	r0, .L44
 778 007c FFF7FEFF 		bl	HAL_TIM_MspPostInit
 779              	.LVL36:
 490:Core/Src/main.c **** 
 780              		.loc 1 490 1 is_stmt 0 view .LVU225
 781 0080 0FB0     		add	sp, sp, #60
 782              	.LCFI13:
 783              		.cfi_remember_state
 784              		.cfi_def_cfa_offset 4
 785              		@ sp needed
 786 0082 5DF804FB 		ldr	pc, [sp], #4
 787              	.L39:
 788              	.LCFI14:
 789              		.cfi_restore_state
 460:Core/Src/main.c ****   }
 790              		.loc 1 460 5 is_stmt 1 view .LVU226
 791 0086 FFF7FEFF 		bl	Error_Handler
 792              	.LVL37:
 793              	.L40:
 465:Core/Src/main.c ****   }
 794              		.loc 1 465 5 view .LVU227
 795 008a FFF7FEFF 		bl	Error_Handler
 796              	.LVL38:
 797              	.L41:
 469:Core/Src/main.c ****   }
ARM GAS  C:\Users\BENJAM~1\AppData\Local\Temp\ccXObaO1.s 			page 45


 798              		.loc 1 469 5 view .LVU228
 799 008e FFF7FEFF 		bl	Error_Handler
 800              	.LVL39:
 801              	.L42:
 475:Core/Src/main.c ****   }
 802              		.loc 1 475 5 view .LVU229
 803 0092 FFF7FEFF 		bl	Error_Handler
 804              	.LVL40:
 805              	.L43:
 483:Core/Src/main.c ****   }
 806              		.loc 1 483 5 view .LVU230
 807 0096 FFF7FEFF 		bl	Error_Handler
 808              	.LVL41:
 809              	.L45:
 810 009a 00BF     		.align	2
 811              	.L44:
 812 009c 00000000 		.word	htim3
 813 00a0 00040040 		.word	1073742848
 814              		.cfi_endproc
 815              	.LFE140:
 817              		.section	.text.SystemClock_Config,"ax",%progbits
 818              		.align	1
 819              		.global	SystemClock_Config
 820              		.syntax unified
 821              		.thumb
 822              		.thumb_func
 824              	SystemClock_Config:
 825              	.LFB138:
 319:Core/Src/main.c ****   RCC_OscInitTypeDef RCC_OscInitStruct = {0};
 826              		.loc 1 319 1 view -0
 827              		.cfi_startproc
 828              		@ args = 0, pretend = 0, frame = 80
 829              		@ frame_needed = 0, uses_anonymous_args = 0
 830 0000 00B5     		push	{lr}
 831              	.LCFI15:
 832              		.cfi_def_cfa_offset 4
 833              		.cfi_offset 14, -4
 834 0002 95B0     		sub	sp, sp, #84
 835              	.LCFI16:
 836              		.cfi_def_cfa_offset 88
 320:Core/Src/main.c ****   RCC_ClkInitTypeDef RCC_ClkInitStruct = {0};
 837              		.loc 1 320 3 view .LVU232
 320:Core/Src/main.c ****   RCC_ClkInitTypeDef RCC_ClkInitStruct = {0};
 838              		.loc 1 320 22 is_stmt 0 view .LVU233
 839 0004 3422     		movs	r2, #52
 840 0006 0021     		movs	r1, #0
 841 0008 07A8     		add	r0, sp, #28
 842 000a FFF7FEFF 		bl	memset
 843              	.LVL42:
 321:Core/Src/main.c **** 
 844              		.loc 1 321 3 is_stmt 1 view .LVU234
 321:Core/Src/main.c **** 
 845              		.loc 1 321 22 is_stmt 0 view .LVU235
 846 000e 0023     		movs	r3, #0
 847 0010 0293     		str	r3, [sp, #8]
 848 0012 0393     		str	r3, [sp, #12]
 849 0014 0493     		str	r3, [sp, #16]
ARM GAS  C:\Users\BENJAM~1\AppData\Local\Temp\ccXObaO1.s 			page 46


 850 0016 0593     		str	r3, [sp, #20]
 851 0018 0693     		str	r3, [sp, #24]
 325:Core/Src/main.c ****   __HAL_PWR_VOLTAGESCALING_CONFIG(PWR_REGULATOR_VOLTAGE_SCALE3);
 852              		.loc 1 325 3 is_stmt 1 view .LVU236
 853              	.LBB11:
 325:Core/Src/main.c ****   __HAL_PWR_VOLTAGESCALING_CONFIG(PWR_REGULATOR_VOLTAGE_SCALE3);
 854              		.loc 1 325 3 view .LVU237
 855 001a 0093     		str	r3, [sp]
 325:Core/Src/main.c ****   __HAL_PWR_VOLTAGESCALING_CONFIG(PWR_REGULATOR_VOLTAGE_SCALE3);
 856              		.loc 1 325 3 view .LVU238
 857 001c 194A     		ldr	r2, .L52
 858 001e 116C     		ldr	r1, [r2, #64]
 859 0020 41F08051 		orr	r1, r1, #268435456
 860 0024 1164     		str	r1, [r2, #64]
 325:Core/Src/main.c ****   __HAL_PWR_VOLTAGESCALING_CONFIG(PWR_REGULATOR_VOLTAGE_SCALE3);
 861              		.loc 1 325 3 view .LVU239
 862 0026 126C     		ldr	r2, [r2, #64]
 863 0028 02F08052 		and	r2, r2, #268435456
 864 002c 0092     		str	r2, [sp]
 325:Core/Src/main.c ****   __HAL_PWR_VOLTAGESCALING_CONFIG(PWR_REGULATOR_VOLTAGE_SCALE3);
 865              		.loc 1 325 3 view .LVU240
 866 002e 009A     		ldr	r2, [sp]
 867              	.LBE11:
 325:Core/Src/main.c ****   __HAL_PWR_VOLTAGESCALING_CONFIG(PWR_REGULATOR_VOLTAGE_SCALE3);
 868              		.loc 1 325 3 view .LVU241
 326:Core/Src/main.c **** 
 869              		.loc 1 326 3 view .LVU242
 870              	.LBB12:
 326:Core/Src/main.c **** 
 871              		.loc 1 326 3 view .LVU243
 872 0030 0193     		str	r3, [sp, #4]
 326:Core/Src/main.c **** 
 873              		.loc 1 326 3 view .LVU244
 874 0032 1549     		ldr	r1, .L52+4
 875 0034 0A68     		ldr	r2, [r1]
 876 0036 22F44042 		bic	r2, r2, #49152
 877 003a 42F48042 		orr	r2, r2, #16384
 878 003e 0A60     		str	r2, [r1]
 326:Core/Src/main.c **** 
 879              		.loc 1 326 3 view .LVU245
 880 0040 0A68     		ldr	r2, [r1]
 881 0042 02F44042 		and	r2, r2, #49152
 882 0046 0192     		str	r2, [sp, #4]
 326:Core/Src/main.c **** 
 883              		.loc 1 326 3 view .LVU246
 884 0048 019A     		ldr	r2, [sp, #4]
 885              	.LBE12:
 326:Core/Src/main.c **** 
 886              		.loc 1 326 3 view .LVU247
 331:Core/Src/main.c ****   RCC_OscInitStruct.HSIState = RCC_HSI_ON;
 887              		.loc 1 331 3 view .LVU248
 331:Core/Src/main.c ****   RCC_OscInitStruct.HSIState = RCC_HSI_ON;
 888              		.loc 1 331 36 is_stmt 0 view .LVU249
 889 004a 0222     		movs	r2, #2
 890 004c 0792     		str	r2, [sp, #28]
 332:Core/Src/main.c ****   RCC_OscInitStruct.HSICalibrationValue = RCC_HSICALIBRATION_DEFAULT;
 891              		.loc 1 332 3 is_stmt 1 view .LVU250
ARM GAS  C:\Users\BENJAM~1\AppData\Local\Temp\ccXObaO1.s 			page 47


 332:Core/Src/main.c ****   RCC_OscInitStruct.HSICalibrationValue = RCC_HSICALIBRATION_DEFAULT;
 892              		.loc 1 332 30 is_stmt 0 view .LVU251
 893 004e 0122     		movs	r2, #1
 894 0050 0A92     		str	r2, [sp, #40]
 333:Core/Src/main.c ****   RCC_OscInitStruct.PLL.PLLState = RCC_PLL_NONE;
 895              		.loc 1 333 3 is_stmt 1 view .LVU252
 333:Core/Src/main.c ****   RCC_OscInitStruct.PLL.PLLState = RCC_PLL_NONE;
 896              		.loc 1 333 41 is_stmt 0 view .LVU253
 897 0052 1022     		movs	r2, #16
 898 0054 0B92     		str	r2, [sp, #44]
 334:Core/Src/main.c ****   if (HAL_RCC_OscConfig(&RCC_OscInitStruct) != HAL_OK)
 899              		.loc 1 334 3 is_stmt 1 view .LVU254
 334:Core/Src/main.c ****   if (HAL_RCC_OscConfig(&RCC_OscInitStruct) != HAL_OK)
 900              		.loc 1 334 34 is_stmt 0 view .LVU255
 901 0056 0D93     		str	r3, [sp, #52]
 335:Core/Src/main.c ****   {
 902              		.loc 1 335 3 is_stmt 1 view .LVU256
 335:Core/Src/main.c ****   {
 903              		.loc 1 335 7 is_stmt 0 view .LVU257
 904 0058 07A8     		add	r0, sp, #28
 905 005a FFF7FEFF 		bl	HAL_RCC_OscConfig
 906              	.LVL43:
 335:Core/Src/main.c ****   {
 907              		.loc 1 335 6 discriminator 1 view .LVU258
 908 005e 68B9     		cbnz	r0, .L50
 342:Core/Src/main.c ****                               |RCC_CLOCKTYPE_PCLK1|RCC_CLOCKTYPE_PCLK2;
 909              		.loc 1 342 3 is_stmt 1 view .LVU259
 342:Core/Src/main.c ****                               |RCC_CLOCKTYPE_PCLK1|RCC_CLOCKTYPE_PCLK2;
 910              		.loc 1 342 31 is_stmt 0 view .LVU260
 911 0060 0F23     		movs	r3, #15
 912 0062 0293     		str	r3, [sp, #8]
 344:Core/Src/main.c ****   RCC_ClkInitStruct.AHBCLKDivider = RCC_SYSCLK_DIV1;
 913              		.loc 1 344 3 is_stmt 1 view .LVU261
 344:Core/Src/main.c ****   RCC_ClkInitStruct.AHBCLKDivider = RCC_SYSCLK_DIV1;
 914              		.loc 1 344 34 is_stmt 0 view .LVU262
 915 0064 0021     		movs	r1, #0
 916 0066 0391     		str	r1, [sp, #12]
 345:Core/Src/main.c ****   RCC_ClkInitStruct.APB1CLKDivider = RCC_HCLK_DIV1;
 917              		.loc 1 345 3 is_stmt 1 view .LVU263
 345:Core/Src/main.c ****   RCC_ClkInitStruct.APB1CLKDivider = RCC_HCLK_DIV1;
 918              		.loc 1 345 35 is_stmt 0 view .LVU264
 919 0068 0491     		str	r1, [sp, #16]
 346:Core/Src/main.c ****   RCC_ClkInitStruct.APB2CLKDivider = RCC_HCLK_DIV1;
 920              		.loc 1 346 3 is_stmt 1 view .LVU265
 346:Core/Src/main.c ****   RCC_ClkInitStruct.APB2CLKDivider = RCC_HCLK_DIV1;
 921              		.loc 1 346 36 is_stmt 0 view .LVU266
 922 006a 0591     		str	r1, [sp, #20]
 347:Core/Src/main.c **** 
 923              		.loc 1 347 3 is_stmt 1 view .LVU267
 347:Core/Src/main.c **** 
 924              		.loc 1 347 36 is_stmt 0 view .LVU268
 925 006c 0691     		str	r1, [sp, #24]
 349:Core/Src/main.c ****   {
 926              		.loc 1 349 3 is_stmt 1 view .LVU269
 349:Core/Src/main.c ****   {
 927              		.loc 1 349 7 is_stmt 0 view .LVU270
 928 006e 02A8     		add	r0, sp, #8
ARM GAS  C:\Users\BENJAM~1\AppData\Local\Temp\ccXObaO1.s 			page 48


 929 0070 FFF7FEFF 		bl	HAL_RCC_ClockConfig
 930              	.LVL44:
 349:Core/Src/main.c ****   {
 931              		.loc 1 349 6 discriminator 1 view .LVU271
 932 0074 20B9     		cbnz	r0, .L51
 353:Core/Src/main.c **** 
 933              		.loc 1 353 1 view .LVU272
 934 0076 15B0     		add	sp, sp, #84
 935              	.LCFI17:
 936              		.cfi_remember_state
 937              		.cfi_def_cfa_offset 4
 938              		@ sp needed
 939 0078 5DF804FB 		ldr	pc, [sp], #4
 940              	.L50:
 941              	.LCFI18:
 942              		.cfi_restore_state
 337:Core/Src/main.c ****   }
 943              		.loc 1 337 5 is_stmt 1 view .LVU273
 944 007c FFF7FEFF 		bl	Error_Handler
 945              	.LVL45:
 946              	.L51:
 351:Core/Src/main.c ****   }
 947              		.loc 1 351 5 view .LVU274
 948 0080 FFF7FEFF 		bl	Error_Handler
 949              	.LVL46:
 950              	.L53:
 951              		.align	2
 952              	.L52:
 953 0084 00380240 		.word	1073887232
 954 0088 00700040 		.word	1073770496
 955              		.cfi_endproc
 956              	.LFE138:
 958              		.section	.rodata.main.str1.4,"aMS",%progbits,1
 959              		.align	2
 960              	.LC1:
 961 0000 53696E65 		.ascii	"Sine\000"
 961      00
 962              		.section	.text.main,"ax",%progbits
 963              		.align	1
 964              		.global	main
 965              		.syntax unified
 966              		.thumb
 967              		.thumb_func
 969              	main:
 970              	.LFB137:
 256:Core/Src/main.c **** 
 971              		.loc 1 256 1 view -0
 972              		.cfi_startproc
 973              		@ args = 0, pretend = 0, frame = 0
 974              		@ frame_needed = 0, uses_anonymous_args = 0
 975 0000 10B5     		push	{r4, lr}
 976              	.LCFI19:
 977              		.cfi_def_cfa_offset 8
 978              		.cfi_offset 4, -8
 979              		.cfi_offset 14, -4
 265:Core/Src/main.c **** 
 980              		.loc 1 265 3 view .LVU276
ARM GAS  C:\Users\BENJAM~1\AppData\Local\Temp\ccXObaO1.s 			page 49


 981 0002 FFF7FEFF 		bl	HAL_Init
 982              	.LVL47:
 272:Core/Src/main.c **** 
 983              		.loc 1 272 3 view .LVU277
 984 0006 FFF7FEFF 		bl	SystemClock_Config
 985              	.LVL48:
 279:Core/Src/main.c ****   MX_DMA_Init();
 986              		.loc 1 279 3 view .LVU278
 987 000a FFF7FEFF 		bl	MX_GPIO_Init
 988              	.LVL49:
 280:Core/Src/main.c ****   MX_TIM2_Init();
 989              		.loc 1 280 3 view .LVU279
 990 000e FFF7FEFF 		bl	MX_DMA_Init
 991              	.LVL50:
 281:Core/Src/main.c ****   MX_TIM3_Init();
 992              		.loc 1 281 3 view .LVU280
 993 0012 FFF7FEFF 		bl	MX_TIM2_Init
 994              	.LVL51:
 282:Core/Src/main.c ****   /* USER CODE BEGIN 2 */
 995              		.loc 1 282 3 view .LVU281
 996 0016 FFF7FEFF 		bl	MX_TIM3_Init
 997              	.LVL52:
 285:Core/Src/main.c **** 
 998              		.loc 1 285 3 view .LVU282
 999 001a 0821     		movs	r1, #8
 1000 001c 0F48     		ldr	r0, .L57
 1001 001e FFF7FEFF 		bl	HAL_TIM_PWM_Start
 1002              	.LVL53:
 288:Core/Src/main.c **** 
 1003              		.loc 1 288 3 view .LVU283
 1004 0022 0F4C     		ldr	r4, .L57+4
 1005 0024 0021     		movs	r1, #0
 1006 0026 2046     		mov	r0, r4
 1007 0028 FFF7FEFF 		bl	HAL_TIM_OC_Start
 1008              	.LVL54:
 291:Core/Src/main.c ****   HAL_DMA_Start_IT(&hdma_tim2_ch1, (uint32_t)Sin_LUT, (uint32_t)&TIM3->CCR3, NS);
 1009              		.loc 1 291 3 view .LVU284
 292:Core/Src/main.c **** 
 1010              		.loc 1 292 3 view .LVU285
 1011 002c 4FF48073 		mov	r3, #256
 1012 0030 0C4A     		ldr	r2, .L57+8
 1013 0032 0D49     		ldr	r1, .L57+12
 1014 0034 0D48     		ldr	r0, .L57+16
 1015 0036 FFF7FEFF 		bl	HAL_DMA_Start_IT
 1016              	.LVL55:
 295:Core/Src/main.c ****   lcd_command(CLEAR);
 1017              		.loc 1 295 3 view .LVU286
 1018 003a FFF7FEFF 		bl	init_LCD
 1019              	.LVL56:
 296:Core/Src/main.c ****   lcd_putstring("Waveform: ");
 1020              		.loc 1 296 3 view .LVU287
 1021 003e 0120     		movs	r0, #1
 1022 0040 FFF7FEFF 		bl	lcd_command
 1023              	.LVL57:
 297:Core/Src/main.c ****   lcd_putstring("Sine");
 1024              		.loc 1 297 3 view .LVU288
 1025 0044 0A48     		ldr	r0, .L57+20
ARM GAS  C:\Users\BENJAM~1\AppData\Local\Temp\ccXObaO1.s 			page 50


 1026 0046 FFF7FEFF 		bl	lcd_putstring
 1027              	.LVL58:
 298:Core/Src/main.c ****   // TODO: Enable DMA (start transfer from LUT to CCR)
 1028              		.loc 1 298 3 view .LVU289
 1029 004a 0A48     		ldr	r0, .L57+24
 1030 004c FFF7FEFF 		bl	lcd_putstring
 1031              	.LVL59:
 300:Core/Src/main.c ****   /* USER CODE END 2 */
 1032              		.loc 1 300 3 view .LVU290
 1033 0050 2268     		ldr	r2, [r4]
 1034 0052 D368     		ldr	r3, [r2, #12]
 1035 0054 43F40073 		orr	r3, r3, #512
 1036 0058 D360     		str	r3, [r2, #12]
 1037              	.L55:
 305:Core/Src/main.c ****   {
 1038              		.loc 1 305 3 view .LVU291
 310:Core/Src/main.c ****   /* USER CODE END 3 */
 1039              		.loc 1 310 3 view .LVU292
 305:Core/Src/main.c ****   {
 1040              		.loc 1 305 9 view .LVU293
 1041 005a FEE7     		b	.L55
 1042              	.L58:
 1043              		.align	2
 1044              	.L57:
 1045 005c 00000000 		.word	htim3
 1046 0060 00000000 		.word	htim2
 1047 0064 3C040040 		.word	1073742908
 1048 0068 00000000 		.word	Sin_LUT
 1049 006c 00000000 		.word	hdma_tim2_ch1
 1050 0070 00000000 		.word	.LC0
 1051 0074 00000000 		.word	.LC1
 1052              		.cfi_endproc
 1053              	.LFE137:
 1055              		.global	waveform_LUTs
 1056              		.section	.data.waveform_LUTs,"aw"
 1057              		.align	2
 1060              	waveform_LUTs:
 1061 0000 00000000 		.word	Sin_LUT
 1062 0004 00000000 		.word	Saw_LUT
 1063 0008 00000000 		.word	Triangle_LUT
 1064 000c 00000000 		.word	Piano_LUT
 1065 0010 00000000 		.word	Guitar_LUT
 1066 0014 00000000 		.word	Drum_LUT
 1067              		.global	TIM2_Ticks
 1068              		.section	.data.TIM2_Ticks,"aw"
 1069              		.align	2
 1072              	TIM2_Ticks:
 1073 0000 8E000000 		.word	142
 1074              		.global	Drum_LUT
 1075              		.section	.data.Drum_LUT,"aw"
 1076              		.align	2
 1079              	Drum_LUT:
 1080 0000 FF070000 		.word	2047
 1081 0004 8B000000 		.word	139
 1082 0008 720D0000 		.word	3442
 1083 000c AD080000 		.word	2221
 1084 0010 5A070000 		.word	1882
ARM GAS  C:\Users\BENJAM~1\AppData\Local\Temp\ccXObaO1.s 			page 51


 1085 0014 97060000 		.word	1687
 1086 0018 B2080000 		.word	2226
 1087 001c C7070000 		.word	1991
 1088 0020 E8070000 		.word	2024
 1089 0024 FF0F0000 		.word	4095
 1090 0028 AE0C0000 		.word	3246
 1091 002c F8090000 		.word	2552
 1092 0030 4A070000 		.word	1866
 1093 0034 DB060000 		.word	1755
 1094 0038 7B080000 		.word	2171
 1095 003c DC070000 		.word	2012
 1096 0040 00080000 		.word	2048
 1097 0044 6D0D0000 		.word	3437
 1098 0048 68080000 		.word	2152
 1099 004c 7E080000 		.word	2174
 1100 0050 24080000 		.word	2084
 1101 0054 FD070000 		.word	2045
 1102 0058 FB070000 		.word	2043
 1103 005c FE070000 		.word	2046
 1104 0060 05080000 		.word	2053
 1105 0064 DA020000 		.word	730
 1106 0068 9C030000 		.word	924
 1107 006c 15070000 		.word	1813
 1108 0070 F5090000 		.word	2549
 1109 0074 17070000 		.word	1815
 1110 0078 A6080000 		.word	2214
 1111 007c 9F070000 		.word	1951
 1112 0080 D8070000 		.word	2008
 1113 0084 13070000 		.word	1811
 1114 0088 AB070000 		.word	1963
 1115 008c 33080000 		.word	2099
 1116 0090 FF070000 		.word	2047
 1117 0094 0B080000 		.word	2059
 1118 0098 F3070000 		.word	2035
 1119 009c FC070000 		.word	2044
 1120 00a0 FA070000 		.word	2042
 1121 00a4 D1070000 		.word	2001
 1122 00a8 94080000 		.word	2196
 1123 00ac 31080000 		.word	2097
 1124 00b0 FB070000 		.word	2043
 1125 00b4 01080000 		.word	2049
 1126 00b8 F5070000 		.word	2037
 1127 00bc 00080000 		.word	2048
 1128 00c0 FC070000 		.word	2044
 1129 00c4 960F0000 		.word	3990
 1130 00c8 B2080000 		.word	2226
 1131 00cc CF080000 		.word	2255
 1132 00d0 2B080000 		.word	2091
 1133 00d4 01080000 		.word	2049
 1134 00d8 05080000 		.word	2053
 1135 00dc 0C080000 		.word	2060
 1136 00e0 0F080000 		.word	2063
 1137 00e4 B9050000 		.word	1465
 1138 00e8 3A080000 		.word	2106
 1139 00ec F1070000 		.word	2033
 1140 00f0 FE070000 		.word	2046
 1141 00f4 9F050000 		.word	1439
ARM GAS  C:\Users\BENJAM~1\AppData\Local\Temp\ccXObaO1.s 			page 52


 1142 00f8 3C050000 		.word	1340
 1143 00fc 74040000 		.word	1140
 1144 0100 B0070000 		.word	1968
 1145 0104 00010000 		.word	256
 1146 0108 6E030000 		.word	878
 1147 010c C2080000 		.word	2242
 1148 0110 A0080000 		.word	2208
 1149 0114 21080000 		.word	2081
 1150 0118 70070000 		.word	1904
 1151 011c 17080000 		.word	2071
 1152 0120 04080000 		.word	2052
 1153 0124 11080000 		.word	2065
 1154 0128 7B080000 		.word	2171
 1155 012c 06080000 		.word	2054
 1156 0130 09080000 		.word	2057
 1157 0134 06080000 		.word	2054
 1158 0138 46080000 		.word	2118
 1159 013c FE070000 		.word	2046
 1160 0140 1C080000 		.word	2076
 1161 0144 3B030000 		.word	827
 1162 0148 51080000 		.word	2129
 1163 014c A1080000 		.word	2209
 1164 0150 49080000 		.word	2121
 1165 0154 06080000 		.word	2054
 1166 0158 08080000 		.word	2056
 1167 015c F6070000 		.word	2038
 1168 0160 05080000 		.word	2053
 1169 0164 7B0E0000 		.word	3707
 1170 0168 AE070000 		.word	1966
 1171 016c 27080000 		.word	2087
 1172 0170 F8050000 		.word	1528
 1173 0174 BF090000 		.word	2495
 1174 0178 18070000 		.word	1816
 1175 017c F8070000 		.word	2040
 1176 0180 28080000 		.word	2088
 1177 0184 12060000 		.word	1554
 1178 0188 DD070000 		.word	2013
 1179 018c 1F080000 		.word	2079
 1180 0190 F1070000 		.word	2033
 1181 0194 DF070000 		.word	2015
 1182 0198 04080000 		.word	2052
 1183 019c F8070000 		.word	2040
 1184 01a0 02080000 		.word	2050
 1185 01a4 50070000 		.word	1872
 1186 01a8 C6080000 		.word	2246
 1187 01ac 2E050000 		.word	1326
 1188 01b0 18090000 		.word	2328
 1189 01b4 78070000 		.word	1912
 1190 01b8 7F080000 		.word	2175
 1191 01bc C7070000 		.word	1991
 1192 01c0 04080000 		.word	2052
 1193 01c4 CA020000 		.word	714
 1194 01c8 00060000 		.word	1536
 1195 01cc DA070000 		.word	2010
 1196 01d0 08080000 		.word	2056
 1197 01d4 EC070000 		.word	2028
 1198 01d8 0E080000 		.word	2062
ARM GAS  C:\Users\BENJAM~1\AppData\Local\Temp\ccXObaO1.s 			page 53


 1199 01dc EC070000 		.word	2028
 1200 01e0 12080000 		.word	2066
 1201 01e4 2D070000 		.word	1837
 1202 01e8 65080000 		.word	2149
 1203 01ec FC070000 		.word	2044
 1204 01f0 DB070000 		.word	2011
 1205 01f4 5C0B0000 		.word	2908
 1206 01f8 600A0000 		.word	2656
 1207 01fc 21090000 		.word	2337
 1208 0200 CC080000 		.word	2252
 1209 0204 790F0000 		.word	3961
 1210 0208 52080000 		.word	2130
 1211 020c 84070000 		.word	1924
 1212 0210 F5050000 		.word	1525
 1213 0214 E7080000 		.word	2279
 1214 0218 F9070000 		.word	2041
 1215 021c DC070000 		.word	2012
 1216 0220 21080000 		.word	2081
 1217 0224 FC0F0000 		.word	4092
 1218 0228 7D080000 		.word	2173
 1219 022c 02080000 		.word	2050
 1220 0230 BA050000 		.word	1466
 1221 0234 F9080000 		.word	2297
 1222 0238 C4070000 		.word	1988
 1223 023c E4070000 		.word	2020
 1224 0240 CB070000 		.word	1995
 1225 0244 E7070000 		.word	2023
 1226 0248 B7050000 		.word	1463
 1227 024c 95070000 		.word	1941
 1228 0250 C0070000 		.word	1984
 1229 0254 EA070000 		.word	2026
 1230 0258 FB070000 		.word	2043
 1231 025c F9070000 		.word	2041
 1232 0260 CD070000 		.word	1997
 1233 0264 00000000 		.word	0
 1234 0268 D6080000 		.word	2262
 1235 026c C2070000 		.word	1986
 1236 0270 B3080000 		.word	2227
 1237 0274 63070000 		.word	1891
 1238 0278 61080000 		.word	2145
 1239 027c B0070000 		.word	1968
 1240 0280 62080000 		.word	2146
 1241 0284 83080000 		.word	2179
 1242 0288 1C080000 		.word	2076
 1243 028c F8070000 		.word	2040
 1244 0290 05080000 		.word	2053
 1245 0294 FD070000 		.word	2045
 1246 0298 F3070000 		.word	2035
 1247 029c 00080000 		.word	2048
 1248 02a0 0C080000 		.word	2060
 1249 02a4 1D070000 		.word	1821
 1250 02a8 54080000 		.word	2132
 1251 02ac E5070000 		.word	2021
 1252 02b0 29080000 		.word	2089
 1253 02b4 EC070000 		.word	2028
 1254 02b8 00080000 		.word	2048
 1255 02bc 04080000 		.word	2052
ARM GAS  C:\Users\BENJAM~1\AppData\Local\Temp\ccXObaO1.s 			page 54


 1256 02c0 F1060000 		.word	1777
 1257 02c4 64070000 		.word	1892
 1258 02c8 FD070000 		.word	2045
 1259 02cc 8E070000 		.word	1934
 1260 02d0 EE070000 		.word	2030
 1261 02d4 22080000 		.word	2082
 1262 02d8 07080000 		.word	2055
 1263 02dc 0D080000 		.word	2061
 1264 02e0 2B080000 		.word	2091
 1265 02e4 C3070000 		.word	1987
 1266 02e8 F2070000 		.word	2034
 1267 02ec 01080000 		.word	2049
 1268 02f0 350F0000 		.word	3893
 1269 02f4 BF050000 		.word	1471
 1270 02f8 0B050000 		.word	1291
 1271 02fc 58080000 		.word	2136
 1272 0300 B4070000 		.word	1972
 1273 0304 00000000 		.word	0
 1274 0308 BD080000 		.word	2237
 1275 030c BB070000 		.word	1979
 1276 0310 76090000 		.word	2422
 1277 0314 10070000 		.word	1808
 1278 0318 57080000 		.word	2135
 1279 031c 41080000 		.word	2113
 1280 0320 7D070000 		.word	1917
 1281 0324 91080000 		.word	2193
 1282 0328 11080000 		.word	2065
 1283 032c 1D080000 		.word	2077
 1284 0330 E9070000 		.word	2025
 1285 0334 12080000 		.word	2066
 1286 0338 13080000 		.word	2067
 1287 033c 01080000 		.word	2049
 1288 0340 E30F0000 		.word	4067
 1289 0344 740A0000 		.word	2676
 1290 0348 68080000 		.word	2152
 1291 034c B0070000 		.word	1968
 1292 0350 22080000 		.word	2082
 1293 0354 D9070000 		.word	2009
 1294 0358 0C080000 		.word	2060
 1295 035c 00080000 		.word	2048
 1296 0360 03000000 		.word	3
 1297 0364 A80C0000 		.word	3240
 1298 0368 69090000 		.word	2409
 1299 036c CE060000 		.word	1742
 1300 0370 1D080000 		.word	2077
 1301 0374 02080000 		.word	2050
 1302 0378 F5070000 		.word	2037
 1303 037c 46080000 		.word	2118
 1304 0380 8E060000 		.word	1678
 1305 0384 09080000 		.word	2057
 1306 0388 D5070000 		.word	2005
 1307 038c 13080000 		.word	2067
 1308 0390 FD070000 		.word	2045
 1309 0394 02080000 		.word	2050
 1310 0398 01080000 		.word	2049
 1311 039c 02080000 		.word	2050
 1312 03a0 85040000 		.word	1157
ARM GAS  C:\Users\BENJAM~1\AppData\Local\Temp\ccXObaO1.s 			page 55


 1313 03a4 0B0A0000 		.word	2571
 1314 03a8 7E040000 		.word	1150
 1315 03ac FC070000 		.word	2044
 1316 03b0 30080000 		.word	2096
 1317 03b4 7C080000 		.word	2172
 1318 03b8 D2070000 		.word	2002
 1319 03bc BA070000 		.word	1978
 1320 03c0 E90F0000 		.word	4073
 1321 03c4 330B0000 		.word	2867
 1322 03c8 43090000 		.word	2371
 1323 03cc FC070000 		.word	2044
 1324 03d0 FC070000 		.word	2044
 1325 03d4 F3070000 		.word	2035
 1326 03d8 F2070000 		.word	2034
 1327 03dc E9070000 		.word	2025
 1328 03e0 3D070000 		.word	1853
 1329 03e4 AF070000 		.word	1967
 1330 03e8 16080000 		.word	2070
 1331 03ec FE070000 		.word	2046
 1332 03f0 C4030000 		.word	964
 1333 03f4 1B0B0000 		.word	2843
 1334 03f8 A60A0000 		.word	2726
 1335 03fc 5E070000 		.word	1886
 1336              		.global	Guitar_LUT
 1337              		.section	.data.Guitar_LUT,"aw"
 1338              		.align	2
 1341              	Guitar_LUT:
 1342 0000 B2070000 		.word	1970
 1343 0004 86080000 		.word	2182
 1344 0008 73070000 		.word	1907
 1345 000c BF080000 		.word	2239
 1346 0010 39070000 		.word	1849
 1347 0014 7A070000 		.word	1914
 1348 0018 1B080000 		.word	2075
 1349 001c 69070000 		.word	1897
 1350 0020 B2070000 		.word	1970
 1351 0024 ED070000 		.word	2029
 1352 0028 20070000 		.word	1824
 1353 002c A5080000 		.word	2213
 1354 0030 65070000 		.word	1893
 1355 0034 0B070000 		.word	1803
 1356 0038 3E060000 		.word	1598
 1357 003c 44070000 		.word	1860
 1358 0040 7F080000 		.word	2175
 1359 0044 39070000 		.word	1849
 1360 0048 A6070000 		.word	1958
 1361 004c 09080000 		.word	2057
 1362 0050 97070000 		.word	1943
 1363 0054 94070000 		.word	1940
 1364 0058 BC070000 		.word	1980
 1365 005c A1070000 		.word	1953
 1366 0060 E4070000 		.word	2020
 1367 0064 BA070000 		.word	1978
 1368 0068 2B080000 		.word	2091
 1369 006c D6060000 		.word	1750
 1370 0070 B0070000 		.word	1968
 1371 0074 C5070000 		.word	1989
ARM GAS  C:\Users\BENJAM~1\AppData\Local\Temp\ccXObaO1.s 			page 56


 1372 0078 AF070000 		.word	1967
 1373 007c C2070000 		.word	1986
 1374 0080 AF070000 		.word	1967
 1375 0084 23070000 		.word	1827
 1376 0088 6E0A0000 		.word	2670
 1377 008c 17070000 		.word	1815
 1378 0090 7D080000 		.word	2173
 1379 0094 F0060000 		.word	1776
 1380 0098 2A070000 		.word	1834
 1381 009c 77090000 		.word	2423
 1382 00a0 C9060000 		.word	1737
 1383 00a4 98080000 		.word	2200
 1384 00a8 01070000 		.word	1793
 1385 00ac 2D070000 		.word	1837
 1386 00b0 73090000 		.word	2419
 1387 00b4 7A070000 		.word	1914
 1388 00b8 81080000 		.word	2177
 1389 00bc D5050000 		.word	1493
 1390 00c0 A0070000 		.word	1952
 1391 00c4 46080000 		.word	2118
 1392 00c8 4C070000 		.word	1868
 1393 00cc B5070000 		.word	1973
 1394 00d0 DE070000 		.word	2014
 1395 00d4 AD070000 		.word	1965
 1396 00d8 B5070000 		.word	1973
 1397 00dc 97070000 		.word	1943
 1398 00e0 A6070000 		.word	1958
 1399 00e4 CA070000 		.word	1994
 1400 00e8 85070000 		.word	1925
 1401 00ec 14080000 		.word	2068
 1402 00f0 39080000 		.word	2105
 1403 00f4 B5070000 		.word	1973
 1404 00f8 98070000 		.word	1944
 1405 00fc B4070000 		.word	1972
 1406 0100 AD070000 		.word	1965
 1407 0104 68060000 		.word	1640
 1408 0108 15080000 		.word	2069
 1409 010c 84070000 		.word	1924
 1410 0110 56070000 		.word	1878
 1411 0114 56080000 		.word	2134
 1412 0118 14070000 		.word	1812
 1413 011c B0070000 		.word	1968
 1414 0120 46080000 		.word	2118
 1415 0124 4B060000 		.word	1611
 1416 0128 48080000 		.word	2120
 1417 012c 06080000 		.word	2054
 1418 0130 7C070000 		.word	1916
 1419 0134 18070000 		.word	1816
 1420 0138 8E0A0000 		.word	2702
 1421 013c 0F070000 		.word	1807
 1422 0140 DD060000 		.word	1757
 1423 0144 8E080000 		.word	2190
 1424 0148 AD070000 		.word	1965
 1425 014c BE070000 		.word	1982
 1426 0150 99070000 		.word	1945
 1427 0154 B7070000 		.word	1975
 1428 0158 A5070000 		.word	1957
ARM GAS  C:\Users\BENJAM~1\AppData\Local\Temp\ccXObaO1.s 			page 57


 1429 015c AB070000 		.word	1963
 1430 0160 B4070000 		.word	1972
 1431 0164 B0070000 		.word	1968
 1432 0168 CE070000 		.word	1998
 1433 016c F2070000 		.word	2034
 1434 0170 E7060000 		.word	1767
 1435 0174 05080000 		.word	2053
 1436 0178 64070000 		.word	1892
 1437 017c A1070000 		.word	1953
 1438 0180 C1070000 		.word	1985
 1439 0184 98070000 		.word	1944
 1440 0188 AC070000 		.word	1964
 1441 018c 56070000 		.word	1878
 1442 0190 26080000 		.word	2086
 1443 0194 47070000 		.word	1863
 1444 0198 7F070000 		.word	1919
 1445 019c 33080000 		.word	2099
 1446 01a0 3C070000 		.word	1852
 1447 01a4 F2070000 		.word	2034
 1448 01a8 0C090000 		.word	2316
 1449 01ac B1070000 		.word	1969
 1450 01b0 80070000 		.word	1920
 1451 01b4 FD070000 		.word	2045
 1452 01b8 9F060000 		.word	1695
 1453 01bc BB060000 		.word	1723
 1454 01c0 AE060000 		.word	1710
 1455 01c4 7D060000 		.word	1661
 1456 01c8 41080000 		.word	2113
 1457 01cc 6E070000 		.word	1902
 1458 01d0 15090000 		.word	2325
 1459 01d4 78060000 		.word	1656
 1460 01d8 1C080000 		.word	2076
 1461 01dc DF070000 		.word	2015
 1462 01e0 CE060000 		.word	1742
 1463 01e4 4C080000 		.word	2124
 1464 01e8 27060000 		.word	1575
 1465 01ec F7060000 		.word	1783
 1466 01f0 79080000 		.word	2169
 1467 01f4 3F060000 		.word	1599
 1468 01f8 34090000 		.word	2356
 1469 01fc B9060000 		.word	1721
 1470 0200 72070000 		.word	1906
 1471 0204 13050000 		.word	1299
 1472 0208 A6080000 		.word	2214
 1473 020c AE080000 		.word	2222
 1474 0210 E8050000 		.word	1512
 1475 0214 92080000 		.word	2194
 1476 0218 90080000 		.word	2192
 1477 021c 2D060000 		.word	1581
 1478 0220 FF070000 		.word	2047
 1479 0224 9F080000 		.word	2207
 1480 0228 93060000 		.word	1683
 1481 022c 7A070000 		.word	1914
 1482 0230 8C080000 		.word	2188
 1483 0234 90070000 		.word	1936
 1484 0238 1D080000 		.word	2077
 1485 023c C1090000 		.word	2497
ARM GAS  C:\Users\BENJAM~1\AppData\Local\Temp\ccXObaO1.s 			page 58


 1486 0240 45060000 		.word	1605
 1487 0244 32070000 		.word	1842
 1488 0248 EB070000 		.word	2027
 1489 024c AA070000 		.word	1962
 1490 0250 8F070000 		.word	1935
 1491 0254 C7070000 		.word	1991
 1492 0258 C0070000 		.word	1984
 1493 025c A8070000 		.word	1960
 1494 0260 B4070000 		.word	1972
 1495 0264 4D070000 		.word	1869
 1496 0268 F1070000 		.word	2033
 1497 026c 00080000 		.word	2048
 1498 0270 7D070000 		.word	1917
 1499 0274 D1070000 		.word	2001
 1500 0278 A4070000 		.word	1956
 1501 027c AE070000 		.word	1966
 1502 0280 BC070000 		.word	1980
 1503 0284 1A070000 		.word	1818
 1504 0288 89070000 		.word	1929
 1505 028c 68070000 		.word	1896
 1506 0290 34090000 		.word	2356
 1507 0294 8C060000 		.word	1676
 1508 0298 13080000 		.word	2067
 1509 029c A0070000 		.word	1952
 1510 02a0 0A070000 		.word	1802
 1511 02a4 00090000 		.word	2304
 1512 02a8 75060000 		.word	1653
 1513 02ac C7070000 		.word	1991
 1514 02b0 2E080000 		.word	2094
 1515 02b4 29050000 		.word	1321
 1516 02b8 15090000 		.word	2325
 1517 02bc FF060000 		.word	1791
 1518 02c0 5B080000 		.word	2139
 1519 02c4 47080000 		.word	2119
 1520 02c8 8A070000 		.word	1930
 1521 02cc CA070000 		.word	1994
 1522 02d0 A9070000 		.word	1961
 1523 02d4 A6070000 		.word	1958
 1524 02d8 AA070000 		.word	1962
 1525 02dc BF070000 		.word	1983
 1526 02e0 BD070000 		.word	1981
 1527 02e4 B4060000 		.word	1716
 1528 02e8 65080000 		.word	2149
 1529 02ec 2E070000 		.word	1838
 1530 02f0 49070000 		.word	1865
 1531 02f4 D7070000 		.word	2007
 1532 02f8 94070000 		.word	1940
 1533 02fc AE070000 		.word	1966
 1534 0300 B6070000 		.word	1974
 1535 0304 D2060000 		.word	1746
 1536 0308 F5070000 		.word	2037
 1537 030c F3070000 		.word	2035
 1538 0310 29070000 		.word	1833
 1539 0314 09080000 		.word	2057
 1540 0318 B9070000 		.word	1977
 1541 031c 6D070000 		.word	1901
 1542 0320 F4070000 		.word	2036
ARM GAS  C:\Users\BENJAM~1\AppData\Local\Temp\ccXObaO1.s 			page 59


 1543 0324 01070000 		.word	1793
 1544 0328 10070000 		.word	1808
 1545 032c 66070000 		.word	1894
 1546 0330 50070000 		.word	1872
 1547 0334 87060000 		.word	1671
 1548 0338 83080000 		.word	2179
 1549 033c E7040000 		.word	1255
 1550 0340 B1070000 		.word	1969
 1551 0344 AB070000 		.word	1963
 1552 0348 95070000 		.word	1941
 1553 034c C4070000 		.word	1988
 1554 0350 A7070000 		.word	1959
 1555 0354 B0070000 		.word	1968
 1556 0358 DF070000 		.word	2015
 1557 035c 8A070000 		.word	1930
 1558 0360 B8070000 		.word	1976
 1559 0364 B1070000 		.word	1969
 1560 0368 71080000 		.word	2161
 1561 036c A9070000 		.word	1961
 1562 0370 CD070000 		.word	1997
 1563 0374 17080000 		.word	2071
 1564 0378 70070000 		.word	1904
 1565 037c AF070000 		.word	1967
 1566 0380 BF070000 		.word	1983
 1567 0384 36070000 		.word	1846
 1568 0388 C0080000 		.word	2240
 1569 038c A9060000 		.word	1705
 1570 0390 D7070000 		.word	2007
 1571 0394 67080000 		.word	2151
 1572 0398 E6060000 		.word	1766
 1573 039c F9070000 		.word	2041
 1574 03a0 03080000 		.word	2051
 1575 03a4 90070000 		.word	1936
 1576 03a8 18070000 		.word	1816
 1577 03ac 07080000 		.word	2055
 1578 03b0 AE060000 		.word	1710
 1579 03b4 2C070000 		.word	1836
 1580 03b8 85090000 		.word	2437
 1581 03bc D5090000 		.word	2517
 1582 03c0 02090000 		.word	2306
 1583 03c4 2F090000 		.word	2351
 1584 03c8 3D060000 		.word	1597
 1585 03cc 85070000 		.word	1925
 1586 03d0 3B080000 		.word	2107
 1587 03d4 C1060000 		.word	1729
 1588 03d8 8D090000 		.word	2445
 1589 03dc 94060000 		.word	1684
 1590 03e0 47070000 		.word	1863
 1591 03e4 1E080000 		.word	2078
 1592 03e8 27080000 		.word	2087
 1593 03ec 70090000 		.word	2416
 1594 03f0 A1060000 		.word	1697
 1595 03f4 8E020000 		.word	654
 1596 03f8 46080000 		.word	2118
 1597 03fc CD070000 		.word	1997
 1598              		.global	Piano_LUT
 1599              		.section	.data.Piano_LUT,"aw"
ARM GAS  C:\Users\BENJAM~1\AppData\Local\Temp\ccXObaO1.s 			page 60


 1600              		.align	2
 1603              	Piano_LUT:
 1604 0000 6D070000 		.word	1901
 1605 0004 D8030000 		.word	984
 1606 0008 53080000 		.word	2131
 1607 000c 5F070000 		.word	1887
 1608 0010 68070000 		.word	1896
 1609 0014 BB070000 		.word	1979
 1610 0018 60070000 		.word	1888
 1611 001c 95070000 		.word	1941
 1612 0020 50070000 		.word	1872
 1613 0024 56070000 		.word	1878
 1614 0028 75070000 		.word	1909
 1615 002c 6F070000 		.word	1903
 1616 0030 54070000 		.word	1876
 1617 0034 AD070000 		.word	1965
 1618 0038 FE060000 		.word	1790
 1619 003c F7060000 		.word	1783
 1620 0040 32070000 		.word	1842
 1621 0044 61070000 		.word	1889
 1622 0048 73080000 		.word	2163
 1623 004c 64070000 		.word	1892
 1624 0050 19070000 		.word	1817
 1625 0054 C3060000 		.word	1731
 1626 0058 89070000 		.word	1929
 1627 005c 65060000 		.word	1637
 1628 0060 F2060000 		.word	1778
 1629 0064 42070000 		.word	1858
 1630 0068 02090000 		.word	2306
 1631 006c 1C070000 		.word	1820
 1632 0070 09070000 		.word	1801
 1633 0074 BA0A0000 		.word	2746
 1634 0078 3D070000 		.word	1853
 1635 007c 9B060000 		.word	1691
 1636 0080 6D070000 		.word	1901
 1637 0084 23070000 		.word	1827
 1638 0088 2B070000 		.word	1835
 1639 008c 76070000 		.word	1910
 1640 0090 67070000 		.word	1895
 1641 0094 EE060000 		.word	1774
 1642 0098 50070000 		.word	1872
 1643 009c 64070000 		.word	1892
 1644 00a0 7E070000 		.word	1918
 1645 00a4 6E070000 		.word	1902
 1646 00a8 67070000 		.word	1895
 1647 00ac 83070000 		.word	1923
 1648 00b0 4E070000 		.word	1870
 1649 00b4 27060000 		.word	1575
 1650 00b8 63070000 		.word	1891
 1651 00bc 66070000 		.word	1894
 1652 00c0 7D070000 		.word	1917
 1653 00c4 0A070000 		.word	1802
 1654 00c8 35080000 		.word	2101
 1655 00cc DC060000 		.word	1756
 1656 00d0 10070000 		.word	1808
 1657 00d4 71070000 		.word	1905
 1658 00d8 B3090000 		.word	2483
ARM GAS  C:\Users\BENJAM~1\AppData\Local\Temp\ccXObaO1.s 			page 61


 1659 00dc DC070000 		.word	2012
 1660 00e0 16070000 		.word	1814
 1661 00e4 11070000 		.word	1809
 1662 00e8 F6060000 		.word	1782
 1663 00ec 23080000 		.word	2083
 1664 00f0 64070000 		.word	1892
 1665 00f4 280A0000 		.word	2600
 1666 00f8 FE060000 		.word	1790
 1667 00fc 66070000 		.word	1894
 1668 0100 73070000 		.word	1907
 1669 0104 50060000 		.word	1616
 1670 0108 80080000 		.word	2176
 1671 010c FA060000 		.word	1786
 1672 0110 4D080000 		.word	2125
 1673 0114 E8060000 		.word	1768
 1674 0118 74070000 		.word	1908
 1675 011c 83070000 		.word	1923
 1676 0120 45070000 		.word	1861
 1677 0124 36070000 		.word	1846
 1678 0128 58070000 		.word	1880
 1679 012c 74070000 		.word	1908
 1680 0130 54070000 		.word	1876
 1681 0134 09070000 		.word	1801
 1682 0138 68080000 		.word	2152
 1683 013c 34070000 		.word	1844
 1684 0140 2C070000 		.word	1836
 1685 0144 CF060000 		.word	1743
 1686 0148 D0080000 		.word	2256
 1687 014c 79070000 		.word	1913
 1688 0150 2E070000 		.word	1838
 1689 0154 F2070000 		.word	2034
 1690 0158 CC060000 		.word	1740
 1691 015c 3C060000 		.word	1596
 1692 0160 2C080000 		.word	2092
 1693 0164 C3070000 		.word	1987
 1694 0168 C9060000 		.word	1737
 1695 016c 7A070000 		.word	1914
 1696 0170 7D070000 		.word	1917
 1697 0174 F6030000 		.word	1014
 1698 0178 AD060000 		.word	1709
 1699 017c E8060000 		.word	1768
 1700 0180 DB070000 		.word	2011
 1701 0184 BB070000 		.word	1979
 1702 0188 52070000 		.word	1874
 1703 018c 89070000 		.word	1929
 1704 0190 6C070000 		.word	1900
 1705 0194 07070000 		.word	1799
 1706 0198 8E070000 		.word	1934
 1707 019c 6F070000 		.word	1903
 1708 01a0 5F070000 		.word	1887
 1709 01a4 7C070000 		.word	1916
 1710 01a8 6C070000 		.word	1900
 1711 01ac 78070000 		.word	1912
 1712 01b0 60070000 		.word	1888
 1713 01b4 BD080000 		.word	2237
 1714 01b8 31080000 		.word	2097
 1715 01bc EC070000 		.word	2028
ARM GAS  C:\Users\BENJAM~1\AppData\Local\Temp\ccXObaO1.s 			page 62


 1716 01c0 5B070000 		.word	1883
 1717 01c4 6E060000 		.word	1646
 1718 01c8 E5050000 		.word	1509
 1719 01cc F8070000 		.word	2040
 1720 01d0 76070000 		.word	1910
 1721 01d4 33070000 		.word	1843
 1722 01d8 BE070000 		.word	1982
 1723 01dc 39070000 		.word	1849
 1724 01e0 73070000 		.word	1907
 1725 01e4 4F0A0000 		.word	2639
 1726 01e8 EE080000 		.word	2286
 1727 01ec BC070000 		.word	1980
 1728 01f0 52070000 		.word	1874
 1729 01f4 45060000 		.word	1605
 1730 01f8 CF060000 		.word	1743
 1731 01fc 8B070000 		.word	1931
 1732 0200 47070000 		.word	1863
 1733 0204 97080000 		.word	2199
 1734 0208 21080000 		.word	2081
 1735 020c 6E070000 		.word	1902
 1736 0210 46080000 		.word	2118
 1737 0214 82070000 		.word	1922
 1738 0218 84070000 		.word	1924
 1739 021c 5B070000 		.word	1883
 1740 0220 77070000 		.word	1911
 1741 0224 3D070000 		.word	1853
 1742 0228 30070000 		.word	1840
 1743 022c 6D070000 		.word	1901
 1744 0230 69070000 		.word	1897
 1745 0234 44080000 		.word	2116
 1746 0238 CC070000 		.word	1996
 1747 023c 4B070000 		.word	1867
 1748 0240 11070000 		.word	1809
 1749 0244 5F060000 		.word	1631
 1750 0248 56080000 		.word	2134
 1751 024c 45070000 		.word	1861
 1752 0250 1A070000 		.word	1818
 1753 0254 48080000 		.word	2120
 1754 0258 10070000 		.word	1808
 1755 025c F0060000 		.word	1776
 1756 0260 CE080000 		.word	2254
 1757 0264 1D060000 		.word	1565
 1758 0268 8E070000 		.word	1934
 1759 026c 1A080000 		.word	2074
 1760 0270 3C070000 		.word	1852
 1761 0274 5E050000 		.word	1374
 1762 0278 75080000 		.word	2165
 1763 027c B6070000 		.word	1974
 1764 0280 65070000 		.word	1893
 1765 0284 69070000 		.word	1897
 1766 0288 42070000 		.word	1858
 1767 028c 59070000 		.word	1881
 1768 0290 48070000 		.word	1864
 1769 0294 B7070000 		.word	1975
 1770 0298 5B070000 		.word	1883
 1771 029c 74070000 		.word	1908
 1772 02a0 75070000 		.word	1909
ARM GAS  C:\Users\BENJAM~1\AppData\Local\Temp\ccXObaO1.s 			page 63


 1773 02a4 72070000 		.word	1906
 1774 02a8 5E070000 		.word	1886
 1775 02ac 5B070000 		.word	1883
 1776 02b0 5A070000 		.word	1882
 1777 02b4 EA070000 		.word	2026
 1778 02b8 1A070000 		.word	1818
 1779 02bc 65070000 		.word	1893
 1780 02c0 DF060000 		.word	1759
 1781 02c4 89080000 		.word	2185
 1782 02c8 FB070000 		.word	2043
 1783 02cc CE080000 		.word	2254
 1784 02d0 82030000 		.word	898
 1785 02d4 C6050000 		.word	1478
 1786 02d8 C7060000 		.word	1735
 1787 02dc 37070000 		.word	1847
 1788 02e0 85080000 		.word	2181
 1789 02e4 F5060000 		.word	1781
 1790 02e8 71050000 		.word	1393
 1791 02ec 03070000 		.word	1795
 1792 02f0 84060000 		.word	1668
 1793 02f4 F1060000 		.word	1777
 1794 02f8 73070000 		.word	1907
 1795 02fc B3070000 		.word	1971
 1796 0300 BE020000 		.word	702
 1797 0304 060B0000 		.word	2822
 1798 0308 A3060000 		.word	1699
 1799 030c 5A070000 		.word	1882
 1800 0310 E4070000 		.word	2020
 1801 0314 B0070000 		.word	1968
 1802 0318 97070000 		.word	1943
 1803 031c 74070000 		.word	1908
 1804 0320 BC070000 		.word	1980
 1805 0324 3F070000 		.word	1855
 1806 0328 80070000 		.word	1920
 1807 032c 73070000 		.word	1907
 1808 0330 FF080000 		.word	2303
 1809 0334 B4040000 		.word	1204
 1810 0338 DE070000 		.word	2014
 1811 033c 6B070000 		.word	1899
 1812 0340 3D070000 		.word	1853
 1813 0344 14060000 		.word	1556
 1814 0348 2D070000 		.word	1837
 1815 034c 37070000 		.word	1847
 1816 0350 67060000 		.word	1639
 1817 0354 6E070000 		.word	1902
 1818 0358 6D070000 		.word	1901
 1819 035c A3060000 		.word	1699
 1820 0360 F1070000 		.word	2033
 1821 0364 66080000 		.word	2150
 1822 0368 27070000 		.word	1831
 1823 036c 5C070000 		.word	1884
 1824 0370 6A090000 		.word	2410
 1825 0374 9E070000 		.word	1950
 1826 0378 BD060000 		.word	1725
 1827 037c 8D070000 		.word	1933
 1828 0380 DB060000 		.word	1755
 1829 0384 0C070000 		.word	1804
ARM GAS  C:\Users\BENJAM~1\AppData\Local\Temp\ccXObaO1.s 			page 64


 1830 0388 4D070000 		.word	1869
 1831 038c 68070000 		.word	1896
 1832 0390 9F070000 		.word	1951
 1833 0394 D4070000 		.word	2004
 1834 0398 51070000 		.word	1873
 1835 039c 89070000 		.word	1929
 1836 03a0 59070000 		.word	1881
 1837 03a4 5F070000 		.word	1887
 1838 03a8 6C070000 		.word	1900
 1839 03ac 60070000 		.word	1888
 1840 03b0 5F060000 		.word	1631
 1841 03b4 97060000 		.word	1687
 1842 03b8 6E070000 		.word	1902
 1843 03bc 9C060000 		.word	1692
 1844 03c0 420A0000 		.word	2626
 1845 03c4 52080000 		.word	2130
 1846 03c8 35070000 		.word	1845
 1847 03cc A9060000 		.word	1705
 1848 03d0 F1080000 		.word	2289
 1849 03d4 02080000 		.word	2050
 1850 03d8 82070000 		.word	1922
 1851 03dc 81070000 		.word	1921
 1852 03e0 D3020000 		.word	723
 1853 03e4 46050000 		.word	1350
 1854 03e8 CF080000 		.word	2255
 1855 03ec 82070000 		.word	1922
 1856 03f0 B7080000 		.word	2231
 1857 03f4 97080000 		.word	2199
 1858 03f8 56080000 		.word	2134
 1859 03fc C8070000 		.word	1992
 1860              		.global	Triangle_LUT
 1861              		.section	.data.Triangle_LUT,"aw"
 1862              		.align	2
 1865              	Triangle_LUT:
 1866 0000 00000000 		.word	0
 1867 0004 1F000000 		.word	31
 1868 0008 3F000000 		.word	63
 1869 000c 5F000000 		.word	95
 1870 0010 7F000000 		.word	127
 1871 0014 9F000000 		.word	159
 1872 0018 BF000000 		.word	191
 1873 001c DF000000 		.word	223
 1874 0020 FF000000 		.word	255
 1875 0024 1F010000 		.word	287
 1876 0028 3F010000 		.word	319
 1877 002c 5F010000 		.word	351
 1878 0030 7F010000 		.word	383
 1879 0034 9F010000 		.word	415
 1880 0038 BF010000 		.word	447
 1881 003c DF010000 		.word	479
 1882 0040 FF010000 		.word	511
 1883 0044 1F020000 		.word	543
 1884 0048 3F020000 		.word	575
 1885 004c 5F020000 		.word	607
 1886 0050 7F020000 		.word	639
 1887 0054 9F020000 		.word	671
 1888 0058 BF020000 		.word	703
ARM GAS  C:\Users\BENJAM~1\AppData\Local\Temp\ccXObaO1.s 			page 65


 1889 005c DF020000 		.word	735
 1890 0060 FF020000 		.word	767
 1891 0064 1F030000 		.word	799
 1892 0068 3F030000 		.word	831
 1893 006c 5F030000 		.word	863
 1894 0070 7F030000 		.word	895
 1895 0074 9F030000 		.word	927
 1896 0078 BF030000 		.word	959
 1897 007c DF030000 		.word	991
 1898 0080 FF030000 		.word	1023
 1899 0084 1F040000 		.word	1055
 1900 0088 3F040000 		.word	1087
 1901 008c 5F040000 		.word	1119
 1902 0090 7F040000 		.word	1151
 1903 0094 9F040000 		.word	1183
 1904 0098 BF040000 		.word	1215
 1905 009c DF040000 		.word	1247
 1906 00a0 FF040000 		.word	1279
 1907 00a4 1F050000 		.word	1311
 1908 00a8 3F050000 		.word	1343
 1909 00ac 5F050000 		.word	1375
 1910 00b0 7F050000 		.word	1407
 1911 00b4 9F050000 		.word	1439
 1912 00b8 BF050000 		.word	1471
 1913 00bc DF050000 		.word	1503
 1914 00c0 FF050000 		.word	1535
 1915 00c4 1F060000 		.word	1567
 1916 00c8 3F060000 		.word	1599
 1917 00cc 5F060000 		.word	1631
 1918 00d0 7F060000 		.word	1663
 1919 00d4 9F060000 		.word	1695
 1920 00d8 BF060000 		.word	1727
 1921 00dc DF060000 		.word	1759
 1922 00e0 FF060000 		.word	1791
 1923 00e4 1F070000 		.word	1823
 1924 00e8 3F070000 		.word	1855
 1925 00ec 5F070000 		.word	1887
 1926 00f0 7F070000 		.word	1919
 1927 00f4 9F070000 		.word	1951
 1928 00f8 BF070000 		.word	1983
 1929 00fc DF070000 		.word	2015
 1930 0100 FF070000 		.word	2047
 1931 0104 1F080000 		.word	2079
 1932 0108 3F080000 		.word	2111
 1933 010c 5F080000 		.word	2143
 1934 0110 7F080000 		.word	2175
 1935 0114 9F080000 		.word	2207
 1936 0118 BF080000 		.word	2239
 1937 011c DF080000 		.word	2271
 1938 0120 FF080000 		.word	2303
 1939 0124 1F090000 		.word	2335
 1940 0128 3F090000 		.word	2367
 1941 012c 5F090000 		.word	2399
 1942 0130 7F090000 		.word	2431
 1943 0134 9F090000 		.word	2463
 1944 0138 BF090000 		.word	2495
 1945 013c DF090000 		.word	2527
ARM GAS  C:\Users\BENJAM~1\AppData\Local\Temp\ccXObaO1.s 			page 66


 1946 0140 FF090000 		.word	2559
 1947 0144 1F0A0000 		.word	2591
 1948 0148 3F0A0000 		.word	2623
 1949 014c 5F0A0000 		.word	2655
 1950 0150 7F0A0000 		.word	2687
 1951 0154 9F0A0000 		.word	2719
 1952 0158 BF0A0000 		.word	2751
 1953 015c DF0A0000 		.word	2783
 1954 0160 FF0A0000 		.word	2815
 1955 0164 1F0B0000 		.word	2847
 1956 0168 3F0B0000 		.word	2879
 1957 016c 5F0B0000 		.word	2911
 1958 0170 7F0B0000 		.word	2943
 1959 0174 9F0B0000 		.word	2975
 1960 0178 BF0B0000 		.word	3007
 1961 017c DF0B0000 		.word	3039
 1962 0180 FF0B0000 		.word	3071
 1963 0184 1F0C0000 		.word	3103
 1964 0188 3F0C0000 		.word	3135
 1965 018c 5F0C0000 		.word	3167
 1966 0190 7F0C0000 		.word	3199
 1967 0194 9F0C0000 		.word	3231
 1968 0198 BF0C0000 		.word	3263
 1969 019c DF0C0000 		.word	3295
 1970 01a0 FF0C0000 		.word	3327
 1971 01a4 1F0D0000 		.word	3359
 1972 01a8 3F0D0000 		.word	3391
 1973 01ac 5F0D0000 		.word	3423
 1974 01b0 7F0D0000 		.word	3455
 1975 01b4 9F0D0000 		.word	3487
 1976 01b8 BF0D0000 		.word	3519
 1977 01bc DF0D0000 		.word	3551
 1978 01c0 FF0D0000 		.word	3583
 1979 01c4 1F0E0000 		.word	3615
 1980 01c8 3F0E0000 		.word	3647
 1981 01cc 5F0E0000 		.word	3679
 1982 01d0 7F0E0000 		.word	3711
 1983 01d4 9F0E0000 		.word	3743
 1984 01d8 BF0E0000 		.word	3775
 1985 01dc DF0E0000 		.word	3807
 1986 01e0 FF0E0000 		.word	3839
 1987 01e4 1F0F0000 		.word	3871
 1988 01e8 3F0F0000 		.word	3903
 1989 01ec 5F0F0000 		.word	3935
 1990 01f0 7F0F0000 		.word	3967
 1991 01f4 9F0F0000 		.word	3999
 1992 01f8 BF0F0000 		.word	4031
 1993 01fc DF0F0000 		.word	4063
 1994 0200 FF0F0000 		.word	4095
 1995 0204 DF0F0000 		.word	4063
 1996 0208 BF0F0000 		.word	4031
 1997 020c 9F0F0000 		.word	3999
 1998 0210 7F0F0000 		.word	3967
 1999 0214 5F0F0000 		.word	3935
 2000 0218 3F0F0000 		.word	3903
 2001 021c 1F0F0000 		.word	3871
 2002 0220 FF0E0000 		.word	3839
ARM GAS  C:\Users\BENJAM~1\AppData\Local\Temp\ccXObaO1.s 			page 67


 2003 0224 DF0E0000 		.word	3807
 2004 0228 BF0E0000 		.word	3775
 2005 022c 9F0E0000 		.word	3743
 2006 0230 7F0E0000 		.word	3711
 2007 0234 5F0E0000 		.word	3679
 2008 0238 3F0E0000 		.word	3647
 2009 023c 1F0E0000 		.word	3615
 2010 0240 FF0D0000 		.word	3583
 2011 0244 DF0D0000 		.word	3551
 2012 0248 BF0D0000 		.word	3519
 2013 024c 9F0D0000 		.word	3487
 2014 0250 7F0D0000 		.word	3455
 2015 0254 5F0D0000 		.word	3423
 2016 0258 3F0D0000 		.word	3391
 2017 025c 1F0D0000 		.word	3359
 2018 0260 FF0C0000 		.word	3327
 2019 0264 DF0C0000 		.word	3295
 2020 0268 BF0C0000 		.word	3263
 2021 026c 9F0C0000 		.word	3231
 2022 0270 7F0C0000 		.word	3199
 2023 0274 5F0C0000 		.word	3167
 2024 0278 3F0C0000 		.word	3135
 2025 027c 1F0C0000 		.word	3103
 2026 0280 FF0B0000 		.word	3071
 2027 0284 DF0B0000 		.word	3039
 2028 0288 BF0B0000 		.word	3007
 2029 028c 9F0B0000 		.word	2975
 2030 0290 7F0B0000 		.word	2943
 2031 0294 5F0B0000 		.word	2911
 2032 0298 3F0B0000 		.word	2879
 2033 029c 1F0B0000 		.word	2847
 2034 02a0 FF0A0000 		.word	2815
 2035 02a4 DF0A0000 		.word	2783
 2036 02a8 BF0A0000 		.word	2751
 2037 02ac 9F0A0000 		.word	2719
 2038 02b0 7F0A0000 		.word	2687
 2039 02b4 5F0A0000 		.word	2655
 2040 02b8 3F0A0000 		.word	2623
 2041 02bc 1F0A0000 		.word	2591
 2042 02c0 FF090000 		.word	2559
 2043 02c4 DF090000 		.word	2527
 2044 02c8 BF090000 		.word	2495
 2045 02cc 9F090000 		.word	2463
 2046 02d0 7F090000 		.word	2431
 2047 02d4 5F090000 		.word	2399
 2048 02d8 3F090000 		.word	2367
 2049 02dc 1F090000 		.word	2335
 2050 02e0 FF080000 		.word	2303
 2051 02e4 DF080000 		.word	2271
 2052 02e8 BF080000 		.word	2239
 2053 02ec 9F080000 		.word	2207
 2054 02f0 7F080000 		.word	2175
 2055 02f4 5F080000 		.word	2143
 2056 02f8 3F080000 		.word	2111
 2057 02fc 1F080000 		.word	2079
 2058 0300 FF070000 		.word	2047
 2059 0304 DF070000 		.word	2015
ARM GAS  C:\Users\BENJAM~1\AppData\Local\Temp\ccXObaO1.s 			page 68


 2060 0308 BF070000 		.word	1983
 2061 030c 9F070000 		.word	1951
 2062 0310 7F070000 		.word	1919
 2063 0314 5F070000 		.word	1887
 2064 0318 3F070000 		.word	1855
 2065 031c 1F070000 		.word	1823
 2066 0320 FF060000 		.word	1791
 2067 0324 DF060000 		.word	1759
 2068 0328 BF060000 		.word	1727
 2069 032c 9F060000 		.word	1695
 2070 0330 7F060000 		.word	1663
 2071 0334 5F060000 		.word	1631
 2072 0338 3F060000 		.word	1599
 2073 033c 1F060000 		.word	1567
 2074 0340 FF050000 		.word	1535
 2075 0344 DF050000 		.word	1503
 2076 0348 BF050000 		.word	1471
 2077 034c 9F050000 		.word	1439
 2078 0350 7F050000 		.word	1407
 2079 0354 5F050000 		.word	1375
 2080 0358 3F050000 		.word	1343
 2081 035c 1F050000 		.word	1311
 2082 0360 FF040000 		.word	1279
 2083 0364 DF040000 		.word	1247
 2084 0368 BF040000 		.word	1215
 2085 036c 9F040000 		.word	1183
 2086 0370 7F040000 		.word	1151
 2087 0374 5F040000 		.word	1119
 2088 0378 3F040000 		.word	1087
 2089 037c 1F040000 		.word	1055
 2090 0380 FF030000 		.word	1023
 2091 0384 DF030000 		.word	991
 2092 0388 BF030000 		.word	959
 2093 038c 9F030000 		.word	927
 2094 0390 7F030000 		.word	895
 2095 0394 5F030000 		.word	863
 2096 0398 3F030000 		.word	831
 2097 039c 1F030000 		.word	799
 2098 03a0 FF020000 		.word	767
 2099 03a4 DF020000 		.word	735
 2100 03a8 BF020000 		.word	703
 2101 03ac 9F020000 		.word	671
 2102 03b0 7F020000 		.word	639
 2103 03b4 5F020000 		.word	607
 2104 03b8 3F020000 		.word	575
 2105 03bc 1F020000 		.word	543
 2106 03c0 FF010000 		.word	511
 2107 03c4 DF010000 		.word	479
 2108 03c8 BF010000 		.word	447
 2109 03cc 9F010000 		.word	415
 2110 03d0 7F010000 		.word	383
 2111 03d4 5F010000 		.word	351
 2112 03d8 3F010000 		.word	319
 2113 03dc 1F010000 		.word	287
 2114 03e0 FF000000 		.word	255
 2115 03e4 DF000000 		.word	223
 2116 03e8 BF000000 		.word	191
ARM GAS  C:\Users\BENJAM~1\AppData\Local\Temp\ccXObaO1.s 			page 69


 2117 03ec 9F000000 		.word	159
 2118 03f0 7F000000 		.word	127
 2119 03f4 5F000000 		.word	95
 2120 03f8 3F000000 		.word	63
 2121 03fc 1F000000 		.word	31
 2122              		.global	Saw_LUT
 2123              		.section	.data.Saw_LUT,"aw"
 2124              		.align	2
 2127              	Saw_LUT:
 2128 0000 00000000 		.word	0
 2129 0004 10000000 		.word	16
 2130 0008 20000000 		.word	32
 2131 000c 30000000 		.word	48
 2132 0010 40000000 		.word	64
 2133 0014 50000000 		.word	80
 2134 0018 60000000 		.word	96
 2135 001c 70000000 		.word	112
 2136 0020 80000000 		.word	128
 2137 0024 90000000 		.word	144
 2138 0028 A0000000 		.word	160
 2139 002c B0000000 		.word	176
 2140 0030 C0000000 		.word	192
 2141 0034 D0000000 		.word	208
 2142 0038 E0000000 		.word	224
 2143 003c F0000000 		.word	240
 2144 0040 00010000 		.word	256
 2145 0044 11010000 		.word	273
 2146 0048 21010000 		.word	289
 2147 004c 31010000 		.word	305
 2148 0050 41010000 		.word	321
 2149 0054 51010000 		.word	337
 2150 0058 61010000 		.word	353
 2151 005c 71010000 		.word	369
 2152 0060 81010000 		.word	385
 2153 0064 91010000 		.word	401
 2154 0068 A1010000 		.word	417
 2155 006c B1010000 		.word	433
 2156 0070 C1010000 		.word	449
 2157 0074 D1010000 		.word	465
 2158 0078 E1010000 		.word	481
 2159 007c F1010000 		.word	497
 2160 0080 01020000 		.word	513
 2161 0084 11020000 		.word	529
 2162 0088 22020000 		.word	546
 2163 008c 32020000 		.word	562
 2164 0090 42020000 		.word	578
 2165 0094 52020000 		.word	594
 2166 0098 62020000 		.word	610
 2167 009c 72020000 		.word	626
 2168 00a0 82020000 		.word	642
 2169 00a4 92020000 		.word	658
 2170 00a8 A2020000 		.word	674
 2171 00ac B2020000 		.word	690
 2172 00b0 C2020000 		.word	706
 2173 00b4 D2020000 		.word	722
 2174 00b8 E2020000 		.word	738
 2175 00bc F2020000 		.word	754
ARM GAS  C:\Users\BENJAM~1\AppData\Local\Temp\ccXObaO1.s 			page 70


 2176 00c0 02030000 		.word	770
 2177 00c4 12030000 		.word	786
 2178 00c8 22030000 		.word	802
 2179 00cc 33030000 		.word	819
 2180 00d0 43030000 		.word	835
 2181 00d4 53030000 		.word	851
 2182 00d8 63030000 		.word	867
 2183 00dc 73030000 		.word	883
 2184 00e0 83030000 		.word	899
 2185 00e4 93030000 		.word	915
 2186 00e8 A3030000 		.word	931
 2187 00ec B3030000 		.word	947
 2188 00f0 C3030000 		.word	963
 2189 00f4 D3030000 		.word	979
 2190 00f8 E3030000 		.word	995
 2191 00fc F3030000 		.word	1011
 2192 0100 03040000 		.word	1027
 2193 0104 13040000 		.word	1043
 2194 0108 23040000 		.word	1059
 2195 010c 33040000 		.word	1075
 2196 0110 44040000 		.word	1092
 2197 0114 54040000 		.word	1108
 2198 0118 64040000 		.word	1124
 2199 011c 74040000 		.word	1140
 2200 0120 84040000 		.word	1156
 2201 0124 94040000 		.word	1172
 2202 0128 A4040000 		.word	1188
 2203 012c B4040000 		.word	1204
 2204 0130 C4040000 		.word	1220
 2205 0134 D4040000 		.word	1236
 2206 0138 E4040000 		.word	1252
 2207 013c F4040000 		.word	1268
 2208 0140 04050000 		.word	1284
 2209 0144 14050000 		.word	1300
 2210 0148 24050000 		.word	1316
 2211 014c 34050000 		.word	1332
 2212 0150 44050000 		.word	1348
 2213 0154 55050000 		.word	1365
 2214 0158 65050000 		.word	1381
 2215 015c 75050000 		.word	1397
 2216 0160 85050000 		.word	1413
 2217 0164 95050000 		.word	1429
 2218 0168 A5050000 		.word	1445
 2219 016c B5050000 		.word	1461
 2220 0170 C5050000 		.word	1477
 2221 0174 D5050000 		.word	1493
 2222 0178 E5050000 		.word	1509
 2223 017c F5050000 		.word	1525
 2224 0180 05060000 		.word	1541
 2225 0184 15060000 		.word	1557
 2226 0188 25060000 		.word	1573
 2227 018c 35060000 		.word	1589
 2228 0190 45060000 		.word	1605
 2229 0194 55060000 		.word	1621
 2230 0198 66060000 		.word	1638
 2231 019c 76060000 		.word	1654
 2232 01a0 86060000 		.word	1670
ARM GAS  C:\Users\BENJAM~1\AppData\Local\Temp\ccXObaO1.s 			page 71


 2233 01a4 96060000 		.word	1686
 2234 01a8 A6060000 		.word	1702
 2235 01ac B6060000 		.word	1718
 2236 01b0 C6060000 		.word	1734
 2237 01b4 D6060000 		.word	1750
 2238 01b8 E6060000 		.word	1766
 2239 01bc F6060000 		.word	1782
 2240 01c0 06070000 		.word	1798
 2241 01c4 16070000 		.word	1814
 2242 01c8 26070000 		.word	1830
 2243 01cc 36070000 		.word	1846
 2244 01d0 46070000 		.word	1862
 2245 01d4 56070000 		.word	1878
 2246 01d8 66070000 		.word	1894
 2247 01dc 77070000 		.word	1911
 2248 01e0 87070000 		.word	1927
 2249 01e4 97070000 		.word	1943
 2250 01e8 A7070000 		.word	1959
 2251 01ec B7070000 		.word	1975
 2252 01f0 C7070000 		.word	1991
 2253 01f4 D7070000 		.word	2007
 2254 01f8 E7070000 		.word	2023
 2255 01fc F7070000 		.word	2039
 2256 0200 07080000 		.word	2055
 2257 0204 17080000 		.word	2071
 2258 0208 27080000 		.word	2087
 2259 020c 37080000 		.word	2103
 2260 0210 47080000 		.word	2119
 2261 0214 57080000 		.word	2135
 2262 0218 67080000 		.word	2151
 2263 021c 77080000 		.word	2167
 2264 0220 88080000 		.word	2184
 2265 0224 98080000 		.word	2200
 2266 0228 A8080000 		.word	2216
 2267 022c B8080000 		.word	2232
 2268 0230 C8080000 		.word	2248
 2269 0234 D8080000 		.word	2264
 2270 0238 E8080000 		.word	2280
 2271 023c F8080000 		.word	2296
 2272 0240 08090000 		.word	2312
 2273 0244 18090000 		.word	2328
 2274 0248 28090000 		.word	2344
 2275 024c 38090000 		.word	2360
 2276 0250 48090000 		.word	2376
 2277 0254 58090000 		.word	2392
 2278 0258 68090000 		.word	2408
 2279 025c 78090000 		.word	2424
 2280 0260 88090000 		.word	2440
 2281 0264 99090000 		.word	2457
 2282 0268 A9090000 		.word	2473
 2283 026c B9090000 		.word	2489
 2284 0270 C9090000 		.word	2505
 2285 0274 D9090000 		.word	2521
 2286 0278 E9090000 		.word	2537
 2287 027c F9090000 		.word	2553
 2288 0280 090A0000 		.word	2569
 2289 0284 190A0000 		.word	2585
ARM GAS  C:\Users\BENJAM~1\AppData\Local\Temp\ccXObaO1.s 			page 72


 2290 0288 290A0000 		.word	2601
 2291 028c 390A0000 		.word	2617
 2292 0290 490A0000 		.word	2633
 2293 0294 590A0000 		.word	2649
 2294 0298 690A0000 		.word	2665
 2295 029c 790A0000 		.word	2681
 2296 02a0 890A0000 		.word	2697
 2297 02a4 990A0000 		.word	2713
 2298 02a8 AA0A0000 		.word	2730
 2299 02ac BA0A0000 		.word	2746
 2300 02b0 CA0A0000 		.word	2762
 2301 02b4 DA0A0000 		.word	2778
 2302 02b8 EA0A0000 		.word	2794
 2303 02bc FA0A0000 		.word	2810
 2304 02c0 0A0B0000 		.word	2826
 2305 02c4 1A0B0000 		.word	2842
 2306 02c8 2A0B0000 		.word	2858
 2307 02cc 3A0B0000 		.word	2874
 2308 02d0 4A0B0000 		.word	2890
 2309 02d4 5A0B0000 		.word	2906
 2310 02d8 6A0B0000 		.word	2922
 2311 02dc 7A0B0000 		.word	2938
 2312 02e0 8A0B0000 		.word	2954
 2313 02e4 9A0B0000 		.word	2970
 2314 02e8 AA0B0000 		.word	2986
 2315 02ec BB0B0000 		.word	3003
 2316 02f0 CB0B0000 		.word	3019
 2317 02f4 DB0B0000 		.word	3035
 2318 02f8 EB0B0000 		.word	3051
 2319 02fc FB0B0000 		.word	3067
 2320 0300 0B0C0000 		.word	3083
 2321 0304 1B0C0000 		.word	3099
 2322 0308 2B0C0000 		.word	3115
 2323 030c 3B0C0000 		.word	3131
 2324 0310 4B0C0000 		.word	3147
 2325 0314 5B0C0000 		.word	3163
 2326 0318 6B0C0000 		.word	3179
 2327 031c 7B0C0000 		.word	3195
 2328 0320 8B0C0000 		.word	3211
 2329 0324 9B0C0000 		.word	3227
 2330 0328 AB0C0000 		.word	3243
 2331 032c BB0C0000 		.word	3259
 2332 0330 CC0C0000 		.word	3276
 2333 0334 DC0C0000 		.word	3292
 2334 0338 EC0C0000 		.word	3308
 2335 033c FC0C0000 		.word	3324
 2336 0340 0C0D0000 		.word	3340
 2337 0344 1C0D0000 		.word	3356
 2338 0348 2C0D0000 		.word	3372
 2339 034c 3C0D0000 		.word	3388
 2340 0350 4C0D0000 		.word	3404
 2341 0354 5C0D0000 		.word	3420
 2342 0358 6C0D0000 		.word	3436
 2343 035c 7C0D0000 		.word	3452
 2344 0360 8C0D0000 		.word	3468
 2345 0364 9C0D0000 		.word	3484
 2346 0368 AC0D0000 		.word	3500
ARM GAS  C:\Users\BENJAM~1\AppData\Local\Temp\ccXObaO1.s 			page 73


 2347 036c BC0D0000 		.word	3516
 2348 0370 CC0D0000 		.word	3532
 2349 0374 DD0D0000 		.word	3549
 2350 0378 ED0D0000 		.word	3565
 2351 037c FD0D0000 		.word	3581
 2352 0380 0D0E0000 		.word	3597
 2353 0384 1D0E0000 		.word	3613
 2354 0388 2D0E0000 		.word	3629
 2355 038c 3D0E0000 		.word	3645
 2356 0390 4D0E0000 		.word	3661
 2357 0394 5D0E0000 		.word	3677
 2358 0398 6D0E0000 		.word	3693
 2359 039c 7D0E0000 		.word	3709
 2360 03a0 8D0E0000 		.word	3725
 2361 03a4 9D0E0000 		.word	3741
 2362 03a8 AD0E0000 		.word	3757
 2363 03ac BD0E0000 		.word	3773
 2364 03b0 CD0E0000 		.word	3789
 2365 03b4 DD0E0000 		.word	3805
 2366 03b8 EE0E0000 		.word	3822
 2367 03bc FE0E0000 		.word	3838
 2368 03c0 0E0F0000 		.word	3854
 2369 03c4 1E0F0000 		.word	3870
 2370 03c8 2E0F0000 		.word	3886
 2371 03cc 3E0F0000 		.word	3902
 2372 03d0 4E0F0000 		.word	3918
 2373 03d4 5E0F0000 		.word	3934
 2374 03d8 6E0F0000 		.word	3950
 2375 03dc 7E0F0000 		.word	3966
 2376 03e0 8E0F0000 		.word	3982
 2377 03e4 9E0F0000 		.word	3998
 2378 03e8 AE0F0000 		.word	4014
 2379 03ec BE0F0000 		.word	4030
 2380 03f0 CE0F0000 		.word	4046
 2381 03f4 DE0F0000 		.word	4062
 2382 03f8 EE0F0000 		.word	4078
 2383 03fc FF0F0000 		.word	4095
 2384              		.global	Sin_LUT
 2385              		.section	.data.Sin_LUT,"aw"
 2386              		.align	2
 2389              	Sin_LUT:
 2390 0000 FF070000 		.word	2047
 2391 0004 31080000 		.word	2097
 2392 0008 63080000 		.word	2147
 2393 000c 96080000 		.word	2198
 2394 0010 C8080000 		.word	2248
 2395 0014 FA080000 		.word	2298
 2396 0018 2B090000 		.word	2347
 2397 001c 5D090000 		.word	2397
 2398 0020 8E090000 		.word	2446
 2399 0024 C0090000 		.word	2496
 2400 0028 F1090000 		.word	2545
 2401 002c 210A0000 		.word	2593
 2402 0030 510A0000 		.word	2641
 2403 0034 810A0000 		.word	2689
 2404 0038 B10A0000 		.word	2737
 2405 003c E00A0000 		.word	2784
ARM GAS  C:\Users\BENJAM~1\AppData\Local\Temp\ccXObaO1.s 			page 74


 2406 0040 0F0B0000 		.word	2831
 2407 0044 3D0B0000 		.word	2877
 2408 0048 6A0B0000 		.word	2922
 2409 004c 980B0000 		.word	2968
 2410 0050 C40B0000 		.word	3012
 2411 0054 F00B0000 		.word	3056
 2412 0058 1C0C0000 		.word	3100
 2413 005c 460C0000 		.word	3142
 2414 0060 710C0000 		.word	3185
 2415 0064 9A0C0000 		.word	3226
 2416 0068 C30C0000 		.word	3267
 2417 006c EB0C0000 		.word	3307
 2418 0070 120D0000 		.word	3346
 2419 0074 380D0000 		.word	3384
 2420 0078 5E0D0000 		.word	3422
 2421 007c 830D0000 		.word	3459
 2422 0080 A70D0000 		.word	3495
 2423 0084 CA0D0000 		.word	3530
 2424 0088 EC0D0000 		.word	3564
 2425 008c 0D0E0000 		.word	3597
 2426 0090 2E0E0000 		.word	3630
 2427 0094 4D0E0000 		.word	3661
 2428 0098 6C0E0000 		.word	3692
 2429 009c 890E0000 		.word	3721
 2430 00a0 A50E0000 		.word	3749
 2431 00a4 C10E0000 		.word	3777
 2432 00a8 DB0E0000 		.word	3803
 2433 00ac F50E0000 		.word	3829
 2434 00b0 0D0F0000 		.word	3853
 2435 00b4 240F0000 		.word	3876
 2436 00b8 3A0F0000 		.word	3898
 2437 00bc 4F0F0000 		.word	3919
 2438 00c0 630F0000 		.word	3939
 2439 00c4 750F0000 		.word	3957
 2440 00c8 870F0000 		.word	3975
 2441 00cc 970F0000 		.word	3991
 2442 00d0 A60F0000 		.word	4006
 2443 00d4 B40F0000 		.word	4020
 2444 00d8 C10F0000 		.word	4033
 2445 00dc CD0F0000 		.word	4045
 2446 00e0 D70F0000 		.word	4055
 2447 00e4 E00F0000 		.word	4064
 2448 00e8 E80F0000 		.word	4072
 2449 00ec EF0F0000 		.word	4079
 2450 00f0 F50F0000 		.word	4085
 2451 00f4 F90F0000 		.word	4089
 2452 00f8 FC0F0000 		.word	4092
 2453 00fc FE0F0000 		.word	4094
 2454 0100 FF0F0000 		.word	4095
 2455 0104 FE0F0000 		.word	4094
 2456 0108 FC0F0000 		.word	4092
 2457 010c F90F0000 		.word	4089
 2458 0110 F50F0000 		.word	4085
 2459 0114 EF0F0000 		.word	4079
 2460 0118 E80F0000 		.word	4072
 2461 011c E00F0000 		.word	4064
 2462 0120 D70F0000 		.word	4055
ARM GAS  C:\Users\BENJAM~1\AppData\Local\Temp\ccXObaO1.s 			page 75


 2463 0124 CD0F0000 		.word	4045
 2464 0128 C10F0000 		.word	4033
 2465 012c B40F0000 		.word	4020
 2466 0130 A60F0000 		.word	4006
 2467 0134 970F0000 		.word	3991
 2468 0138 870F0000 		.word	3975
 2469 013c 750F0000 		.word	3957
 2470 0140 630F0000 		.word	3939
 2471 0144 4F0F0000 		.word	3919
 2472 0148 3A0F0000 		.word	3898
 2473 014c 240F0000 		.word	3876
 2474 0150 0D0F0000 		.word	3853
 2475 0154 F50E0000 		.word	3829
 2476 0158 DB0E0000 		.word	3803
 2477 015c C10E0000 		.word	3777
 2478 0160 A50E0000 		.word	3749
 2479 0164 890E0000 		.word	3721
 2480 0168 6C0E0000 		.word	3692
 2481 016c 4D0E0000 		.word	3661
 2482 0170 2E0E0000 		.word	3630
 2483 0174 0D0E0000 		.word	3597
 2484 0178 EC0D0000 		.word	3564
 2485 017c CA0D0000 		.word	3530
 2486 0180 A70D0000 		.word	3495
 2487 0184 830D0000 		.word	3459
 2488 0188 5E0D0000 		.word	3422
 2489 018c 380D0000 		.word	3384
 2490 0190 120D0000 		.word	3346
 2491 0194 EB0C0000 		.word	3307
 2492 0198 C30C0000 		.word	3267
 2493 019c 9A0C0000 		.word	3226
 2494 01a0 710C0000 		.word	3185
 2495 01a4 460C0000 		.word	3142
 2496 01a8 1C0C0000 		.word	3100
 2497 01ac F00B0000 		.word	3056
 2498 01b0 C40B0000 		.word	3012
 2499 01b4 980B0000 		.word	2968
 2500 01b8 6A0B0000 		.word	2922
 2501 01bc 3D0B0000 		.word	2877
 2502 01c0 0F0B0000 		.word	2831
 2503 01c4 E00A0000 		.word	2784
 2504 01c8 B10A0000 		.word	2737
 2505 01cc 810A0000 		.word	2689
 2506 01d0 510A0000 		.word	2641
 2507 01d4 210A0000 		.word	2593
 2508 01d8 F1090000 		.word	2545
 2509 01dc C0090000 		.word	2496
 2510 01e0 8E090000 		.word	2446
 2511 01e4 5D090000 		.word	2397
 2512 01e8 2B090000 		.word	2347
 2513 01ec FA080000 		.word	2298
 2514 01f0 C8080000 		.word	2248
 2515 01f4 96080000 		.word	2198
 2516 01f8 63080000 		.word	2147
 2517 01fc 31080000 		.word	2097
 2518 0200 FF070000 		.word	2047
 2519 0204 CD070000 		.word	1997
ARM GAS  C:\Users\BENJAM~1\AppData\Local\Temp\ccXObaO1.s 			page 76


 2520 0208 9B070000 		.word	1947
 2521 020c 68070000 		.word	1896
 2522 0210 36070000 		.word	1846
 2523 0214 04070000 		.word	1796
 2524 0218 D3060000 		.word	1747
 2525 021c A1060000 		.word	1697
 2526 0220 70060000 		.word	1648
 2527 0224 3E060000 		.word	1598
 2528 0228 0D060000 		.word	1549
 2529 022c DD050000 		.word	1501
 2530 0230 AD050000 		.word	1453
 2531 0234 7D050000 		.word	1405
 2532 0238 4D050000 		.word	1357
 2533 023c 1E050000 		.word	1310
 2534 0240 EF040000 		.word	1263
 2535 0244 C1040000 		.word	1217
 2536 0248 94040000 		.word	1172
 2537 024c 66040000 		.word	1126
 2538 0250 3A040000 		.word	1082
 2539 0254 0E040000 		.word	1038
 2540 0258 E2030000 		.word	994
 2541 025c B8030000 		.word	952
 2542 0260 8D030000 		.word	909
 2543 0264 64030000 		.word	868
 2544 0268 3B030000 		.word	827
 2545 026c 13030000 		.word	787
 2546 0270 EC020000 		.word	748
 2547 0274 C6020000 		.word	710
 2548 0278 A0020000 		.word	672
 2549 027c 7B020000 		.word	635
 2550 0280 57020000 		.word	599
 2551 0284 34020000 		.word	564
 2552 0288 12020000 		.word	530
 2553 028c F1010000 		.word	497
 2554 0290 D0010000 		.word	464
 2555 0294 B1010000 		.word	433
 2556 0298 92010000 		.word	402
 2557 029c 75010000 		.word	373
 2558 02a0 59010000 		.word	345
 2559 02a4 3D010000 		.word	317
 2560 02a8 23010000 		.word	291
 2561 02ac 09010000 		.word	265
 2562 02b0 F1000000 		.word	241
 2563 02b4 DA000000 		.word	218
 2564 02b8 C4000000 		.word	196
 2565 02bc AF000000 		.word	175
 2566 02c0 9B000000 		.word	155
 2567 02c4 89000000 		.word	137
 2568 02c8 77000000 		.word	119
 2569 02cc 67000000 		.word	103
 2570 02d0 58000000 		.word	88
 2571 02d4 4A000000 		.word	74
 2572 02d8 3D000000 		.word	61
 2573 02dc 31000000 		.word	49
 2574 02e0 27000000 		.word	39
 2575 02e4 1E000000 		.word	30
 2576 02e8 16000000 		.word	22
ARM GAS  C:\Users\BENJAM~1\AppData\Local\Temp\ccXObaO1.s 			page 77


 2577 02ec 0F000000 		.word	15
 2578 02f0 09000000 		.word	9
 2579 02f4 05000000 		.word	5
 2580 02f8 02000000 		.word	2
 2581 02fc 00000000 		.word	0
 2582 0300 00000000 		.word	0
 2583 0304 00000000 		.word	0
 2584 0308 02000000 		.word	2
 2585 030c 05000000 		.word	5
 2586 0310 09000000 		.word	9
 2587 0314 0F000000 		.word	15
 2588 0318 16000000 		.word	22
 2589 031c 1E000000 		.word	30
 2590 0320 27000000 		.word	39
 2591 0324 31000000 		.word	49
 2592 0328 3D000000 		.word	61
 2593 032c 4A000000 		.word	74
 2594 0330 58000000 		.word	88
 2595 0334 67000000 		.word	103
 2596 0338 77000000 		.word	119
 2597 033c 89000000 		.word	137
 2598 0340 9B000000 		.word	155
 2599 0344 AF000000 		.word	175
 2600 0348 C4000000 		.word	196
 2601 034c DA000000 		.word	218
 2602 0350 F1000000 		.word	241
 2603 0354 09010000 		.word	265
 2604 0358 23010000 		.word	291
 2605 035c 3D010000 		.word	317
 2606 0360 59010000 		.word	345
 2607 0364 75010000 		.word	373
 2608 0368 92010000 		.word	402
 2609 036c B1010000 		.word	433
 2610 0370 D0010000 		.word	464
 2611 0374 F1010000 		.word	497
 2612 0378 12020000 		.word	530
 2613 037c 34020000 		.word	564
 2614 0380 57020000 		.word	599
 2615 0384 7B020000 		.word	635
 2616 0388 A0020000 		.word	672
 2617 038c C6020000 		.word	710
 2618 0390 EC020000 		.word	748
 2619 0394 13030000 		.word	787
 2620 0398 3B030000 		.word	827
 2621 039c 64030000 		.word	868
 2622 03a0 8D030000 		.word	909
 2623 03a4 B8030000 		.word	952
 2624 03a8 E2030000 		.word	994
 2625 03ac 0E040000 		.word	1038
 2626 03b0 3A040000 		.word	1082
 2627 03b4 66040000 		.word	1126
 2628 03b8 94040000 		.word	1172
 2629 03bc C1040000 		.word	1217
 2630 03c0 EF040000 		.word	1263
 2631 03c4 1E050000 		.word	1310
 2632 03c8 4D050000 		.word	1357
 2633 03cc 7D050000 		.word	1405
ARM GAS  C:\Users\BENJAM~1\AppData\Local\Temp\ccXObaO1.s 			page 78


 2634 03d0 AD050000 		.word	1453
 2635 03d4 DD050000 		.word	1501
 2636 03d8 0D060000 		.word	1549
 2637 03dc 3E060000 		.word	1598
 2638 03e0 70060000 		.word	1648
 2639 03e4 A1060000 		.word	1697
 2640 03e8 D3060000 		.word	1747
 2641 03ec 04070000 		.word	1796
 2642 03f0 36070000 		.word	1846
 2643 03f4 68070000 		.word	1896
 2644 03f8 9B070000 		.word	1947
 2645 03fc CD070000 		.word	1997
 2646              		.global	hdma_tim2_ch1
 2647              		.section	.bss.hdma_tim2_ch1,"aw",%nobits
 2648              		.align	2
 2651              	hdma_tim2_ch1:
 2652 0000 00000000 		.space	96
 2652      00000000 
 2652      00000000 
 2652      00000000 
 2652      00000000 
 2653              		.global	htim3
 2654              		.section	.bss.htim3,"aw",%nobits
 2655              		.align	2
 2658              	htim3:
 2659 0000 00000000 		.space	72
 2659      00000000 
 2659      00000000 
 2659      00000000 
 2659      00000000 
 2660              		.global	htim2
 2661              		.section	.bss.htim2,"aw",%nobits
 2662              		.align	2
 2665              	htim2:
 2666 0000 00000000 		.space	72
 2666      00000000 
 2666      00000000 
 2666      00000000 
 2666      00000000 
 2667              		.global	last_press_time
 2668              		.section	.bss.last_press_time,"aw",%nobits
 2669              		.align	2
 2672              	last_press_time:
 2673 0000 00000000 		.space	4
 2674              		.global	current_waveform
 2675              		.section	.bss.current_waveform,"aw",%nobits
 2678              	current_waveform:
 2679 0000 00       		.space	1
 2680              		.global	waveform_names
 2681              		.section	.rodata.str1.4,"aMS",%progbits,1
 2682              		.align	2
 2683              	.LC2:
 2684 0000 53617774 		.ascii	"Sawtooth\000"
 2684      6F6F7468 
 2684      00
 2685 0009 000000   		.align	2
 2686              	.LC3:
ARM GAS  C:\Users\BENJAM~1\AppData\Local\Temp\ccXObaO1.s 			page 79


 2687 000c 54726961 		.ascii	"Triangular\000"
 2687      6E67756C 
 2687      617200
 2688 0017 00       		.align	2
 2689              	.LC4:
 2690 0018 5069616E 		.ascii	"Piano\000"
 2690      6F00
 2691 001e 0000     		.align	2
 2692              	.LC5:
 2693 0020 47756974 		.ascii	"Guitar\000"
 2693      617200
 2694 0027 00       		.align	2
 2695              	.LC6:
 2696 0028 4472756D 		.ascii	"Drum\000"
 2696      00
 2697              		.section	.data.waveform_names,"aw"
 2698              		.align	2
 2701              	waveform_names:
 2702 0000 00000000 		.word	.LC1
 2703 0004 00000000 		.word	.LC2
 2704 0008 0C000000 		.word	.LC3
 2705 000c 18000000 		.word	.LC4
 2706 0010 20000000 		.word	.LC5
 2707 0014 28000000 		.word	.LC6
 2708              		.text
 2709              	.Letext0:
 2710              		.file 3 "Drivers/CMSIS/Device/ST/STM32F4xx/Include/stm32f446xx.h"
 2711              		.file 4 "C:\\ST\\STM32CubeIDE_1.19.0\\STM32CubeIDE\\plugins\\com.st.stm32cube.ide.mcu.externaltool
 2712              		.file 5 "C:\\ST\\STM32CubeIDE_1.19.0\\STM32CubeIDE\\plugins\\com.st.stm32cube.ide.mcu.externaltool
 2713              		.file 6 "Drivers/STM32F4xx_HAL_Driver/Inc/stm32f4xx_hal_def.h"
 2714              		.file 7 "Drivers/STM32F4xx_HAL_Driver/Inc/stm32f4xx_hal_rcc_ex.h"
 2715              		.file 8 "Drivers/STM32F4xx_HAL_Driver/Inc/stm32f4xx_hal_rcc.h"
 2716              		.file 9 "Drivers/STM32F4xx_HAL_Driver/Inc/stm32f4xx_hal_gpio.h"
 2717              		.file 10 "Drivers/STM32F4xx_HAL_Driver/Inc/stm32f4xx_hal_dma.h"
 2718              		.file 11 "Drivers/STM32F4xx_HAL_Driver/Inc/stm32f4xx_hal_tim.h"
 2719              		.file 12 "Core/Inc/main.h"
 2720              		.file 13 "Drivers/STM32F4xx_HAL_Driver/Inc/stm32f4xx_hal_tim_ex.h"
 2721              		.file 14 "Drivers/STM32F4xx_HAL_Driver/Inc/stm32f4xx_hal_cortex.h"
 2722              		.file 15 "Core/Inc/lcd_stm32f4.h"
 2723              		.file 16 "Drivers/STM32F4xx_HAL_Driver/Inc/stm32f4xx_hal.h"
 2724              		.file 17 "<built-in>"
ARM GAS  C:\Users\BENJAM~1\AppData\Local\Temp\ccXObaO1.s 			page 80


DEFINED SYMBOLS
                            *ABS*:00000000 main.c
C:\Users\BENJAM~1\AppData\Local\Temp\ccXObaO1.s:21     .text.MX_GPIO_Init:00000000 $t
C:\Users\BENJAM~1\AppData\Local\Temp\ccXObaO1.s:26     .text.MX_GPIO_Init:00000000 MX_GPIO_Init
C:\Users\BENJAM~1\AppData\Local\Temp\ccXObaO1.s:192    .text.MX_GPIO_Init:000000d4 $d
C:\Users\BENJAM~1\AppData\Local\Temp\ccXObaO1.s:200    .text.MX_DMA_Init:00000000 $t
C:\Users\BENJAM~1\AppData\Local\Temp\ccXObaO1.s:205    .text.MX_DMA_Init:00000000 MX_DMA_Init
C:\Users\BENJAM~1\AppData\Local\Temp\ccXObaO1.s:254    .text.MX_DMA_Init:00000030 $d
C:\Users\BENJAM~1\AppData\Local\Temp\ccXObaO1.s:259    .rodata.EXTI0_IRQHandler.str1.4:00000000 $d
C:\Users\BENJAM~1\AppData\Local\Temp\ccXObaO1.s:263    .text.EXTI0_IRQHandler:00000000 $t
C:\Users\BENJAM~1\AppData\Local\Temp\ccXObaO1.s:269    .text.EXTI0_IRQHandler:00000000 EXTI0_IRQHandler
C:\Users\BENJAM~1\AppData\Local\Temp\ccXObaO1.s:363    .text.EXTI0_IRQHandler:0000007c $d
C:\Users\BENJAM~1\AppData\Local\Temp\ccXObaO1.s:2672   .bss.last_press_time:00000000 last_press_time
C:\Users\BENJAM~1\AppData\Local\Temp\ccXObaO1.s:2665   .bss.htim2:00000000 htim2
C:\Users\BENJAM~1\AppData\Local\Temp\ccXObaO1.s:2651   .bss.hdma_tim2_ch1:00000000 hdma_tim2_ch1
C:\Users\BENJAM~1\AppData\Local\Temp\ccXObaO1.s:2678   .bss.current_waveform:00000000 current_waveform
C:\Users\BENJAM~1\AppData\Local\Temp\ccXObaO1.s:1060   .data.waveform_LUTs:00000000 waveform_LUTs
C:\Users\BENJAM~1\AppData\Local\Temp\ccXObaO1.s:2701   .data.waveform_names:00000000 waveform_names
C:\Users\BENJAM~1\AppData\Local\Temp\ccXObaO1.s:376    .text.Error_Handler:00000000 $t
C:\Users\BENJAM~1\AppData\Local\Temp\ccXObaO1.s:382    .text.Error_Handler:00000000 Error_Handler
C:\Users\BENJAM~1\AppData\Local\Temp\ccXObaO1.s:414    .text.MX_TIM2_Init:00000000 $t
C:\Users\BENJAM~1\AppData\Local\Temp\ccXObaO1.s:419    .text.MX_TIM2_Init:00000000 MX_TIM2_Init
C:\Users\BENJAM~1\AppData\Local\Temp\ccXObaO1.s:646    .text.MX_TIM2_Init:000000f8 $d
C:\Users\BENJAM~1\AppData\Local\Temp\ccXObaO1.s:654    .text.MX_TIM3_Init:00000000 $t
C:\Users\BENJAM~1\AppData\Local\Temp\ccXObaO1.s:659    .text.MX_TIM3_Init:00000000 MX_TIM3_Init
C:\Users\BENJAM~1\AppData\Local\Temp\ccXObaO1.s:812    .text.MX_TIM3_Init:0000009c $d
C:\Users\BENJAM~1\AppData\Local\Temp\ccXObaO1.s:2658   .bss.htim3:00000000 htim3
C:\Users\BENJAM~1\AppData\Local\Temp\ccXObaO1.s:818    .text.SystemClock_Config:00000000 $t
C:\Users\BENJAM~1\AppData\Local\Temp\ccXObaO1.s:824    .text.SystemClock_Config:00000000 SystemClock_Config
C:\Users\BENJAM~1\AppData\Local\Temp\ccXObaO1.s:953    .text.SystemClock_Config:00000084 $d
C:\Users\BENJAM~1\AppData\Local\Temp\ccXObaO1.s:959    .rodata.main.str1.4:00000000 $d
C:\Users\BENJAM~1\AppData\Local\Temp\ccXObaO1.s:963    .text.main:00000000 $t
C:\Users\BENJAM~1\AppData\Local\Temp\ccXObaO1.s:969    .text.main:00000000 main
C:\Users\BENJAM~1\AppData\Local\Temp\ccXObaO1.s:1045   .text.main:0000005c $d
C:\Users\BENJAM~1\AppData\Local\Temp\ccXObaO1.s:2389   .data.Sin_LUT:00000000 Sin_LUT
C:\Users\BENJAM~1\AppData\Local\Temp\ccXObaO1.s:1057   .data.waveform_LUTs:00000000 $d
C:\Users\BENJAM~1\AppData\Local\Temp\ccXObaO1.s:2127   .data.Saw_LUT:00000000 Saw_LUT
C:\Users\BENJAM~1\AppData\Local\Temp\ccXObaO1.s:1865   .data.Triangle_LUT:00000000 Triangle_LUT
C:\Users\BENJAM~1\AppData\Local\Temp\ccXObaO1.s:1603   .data.Piano_LUT:00000000 Piano_LUT
C:\Users\BENJAM~1\AppData\Local\Temp\ccXObaO1.s:1341   .data.Guitar_LUT:00000000 Guitar_LUT
C:\Users\BENJAM~1\AppData\Local\Temp\ccXObaO1.s:1079   .data.Drum_LUT:00000000 Drum_LUT
C:\Users\BENJAM~1\AppData\Local\Temp\ccXObaO1.s:1072   .data.TIM2_Ticks:00000000 TIM2_Ticks
C:\Users\BENJAM~1\AppData\Local\Temp\ccXObaO1.s:1069   .data.TIM2_Ticks:00000000 $d
C:\Users\BENJAM~1\AppData\Local\Temp\ccXObaO1.s:1076   .data.Drum_LUT:00000000 $d
C:\Users\BENJAM~1\AppData\Local\Temp\ccXObaO1.s:1338   .data.Guitar_LUT:00000000 $d
C:\Users\BENJAM~1\AppData\Local\Temp\ccXObaO1.s:1600   .data.Piano_LUT:00000000 $d
C:\Users\BENJAM~1\AppData\Local\Temp\ccXObaO1.s:1862   .data.Triangle_LUT:00000000 $d
C:\Users\BENJAM~1\AppData\Local\Temp\ccXObaO1.s:2124   .data.Saw_LUT:00000000 $d
C:\Users\BENJAM~1\AppData\Local\Temp\ccXObaO1.s:2386   .data.Sin_LUT:00000000 $d
C:\Users\BENJAM~1\AppData\Local\Temp\ccXObaO1.s:2648   .bss.hdma_tim2_ch1:00000000 $d
C:\Users\BENJAM~1\AppData\Local\Temp\ccXObaO1.s:2655   .bss.htim3:00000000 $d
C:\Users\BENJAM~1\AppData\Local\Temp\ccXObaO1.s:2662   .bss.htim2:00000000 $d
C:\Users\BENJAM~1\AppData\Local\Temp\ccXObaO1.s:2669   .bss.last_press_time:00000000 $d
C:\Users\BENJAM~1\AppData\Local\Temp\ccXObaO1.s:2679   .bss.current_waveform:00000000 $d
C:\Users\BENJAM~1\AppData\Local\Temp\ccXObaO1.s:2682   .rodata.str1.4:00000000 $d
C:\Users\BENJAM~1\AppData\Local\Temp\ccXObaO1.s:2698   .data.waveform_names:00000000 $d

ARM GAS  C:\Users\BENJAM~1\AppData\Local\Temp\ccXObaO1.s 			page 81


UNDEFINED SYMBOLS
HAL_GPIO_Init
HAL_GPIO_WritePin
HAL_NVIC_SetPriority
HAL_NVIC_EnableIRQ
HAL_GPIO_EXTI_IRQHandler
HAL_GetTick
HAL_DMA_Abort_IT
HAL_DMA_Start_IT
lcd_command
lcd_putstring
HAL_TIM_Base_Init
HAL_TIM_ConfigClockSource
HAL_TIM_OC_Init
HAL_TIMEx_MasterConfigSynchronization
HAL_TIM_OC_ConfigChannel
HAL_DMA_Init
HAL_TIM_PWM_Init
HAL_TIM_PWM_ConfigChannel
HAL_TIM_MspPostInit
memset
HAL_RCC_OscConfig
HAL_RCC_ClockConfig
HAL_Init
HAL_TIM_PWM_Start
HAL_TIM_OC_Start
init_LCD
