:020000040800F2
:1000000000000220E92700085D0E00085F0E0008CE
:10001000610E0008630E0008650E00080000000075
:10002000000000000000000000000000670E000853
:10003000690E0008000000006B0E00086D0E00083D
:10004000392800083928000839280008392800080C
:10005000392800083928000825090008392800082F
:1000600039280008392800083928000839280008EC
:1000700039280008392800083928000839280008DC
:10008000750E0008392800083928000839280008AA
:1000900039280008392800083928000839280008BC
:1000A00039280008392800083928000839280008AC
:1000B000392800083928000839280008392800089C
:1000C000392800083928000839280008392800088C
:1000D000392800083928000839280008392800087C
:1000E000392800083928000839280008392800086C
:1000F000392800083928000839280008392800085C
:10010000392800083928000839280008392800084B
:10011000392800083928000839280008392800083B
:10012000392800083928000839280008392800082B
:1001300039280008000000000000000039280008ED
:10014000392800083928000839280008392800080B
:1001500039280008392800083928000839280008FB
:1001600039280008392800083928000839280008EB
:100170003928000839280008392800080000000044
:100180000000000039280008000000000000000006
:10019000392800080000000000000000392800088D
:1001A00000000000000000000000000039280008E6
:1001B000392800083928000839280008392800089B
:0401C00039280008D2
:1001C40010B5054C237833B9044B13B10448AFF38D
:1001D40000800123237010BD4C00002000000000AB
:1001E4009428000808B5034B1BB103490348AFF337
:1001F400008008BD00000000500000209428000882
:1002040053B94AB9002908BF00281CBF4FF0FF3179
:100214004FF0FF3000F088B9ADF1080C6DE904CE61
:1002240000F006F8DDF804E0DDE9022304B07047CD
:100234002DE9F047089D8E4604468846002B4AD196
:100244008A42174662D9B2FA82F64EB1C6F1200349
:1002540001FA06F820FA03F3B74043EA0808B44069
:100264004FEA174E1FFA87FCB8FBFEF1230C0EFB76
:10027400118843EA084301FB0CF29A4209D9FB189E
:1002840001F1FF3080F0EA809A4240F2E7800239BF
:100294003B449A1AA3B2B2FBFEF00EFB102243EACF
:1002A400024300FB0CFC9C4509D9FB1800F1FF320A
:1002B40080F0D6809C4540F2D3803B44023840EA2B
:1002C4000140A3EB0C0300211DB1F3400022C5E95A
:1002D4000032BDE8F0878B4205D90DB1C5E90001B4
:1002E40000210846F5E7B3FA83F1002946D17345A6
:1002F40002D3824200F20581841A6EEB03020120CC
:100304009046002DE5D0C5E90048E2E7002A00F058
:100314009080B2FA82F6002E40F0A4808A1A030C70
:100324004FEA174E80B2BCB20121B2FBFEFC0EFBB9
:100334001C2243EA024304FB0CF29A4207D9FB183D
:100344000CF1FF3802D29A4200F2E080C4469B1AB4
:10035400B3FBFEF20EFB123340EA034302FB04F448
:100364009C4207D9FB1802F1FF3002D29C4200F2F2
:10037400CA8002461B1B42EA0C40A5E7C1F12006D5
:100384008B4022FA06F71F430EFA01F420FA06F313
:100394002EFA06FE4FEA1749234300FA01F81FFA22
:1003A40087FCBEFBF9F01C0C09FB10EE44EA0E447A
:1003B40000FB0CFEA64502FA01F209D93C1900F132
:1003C400FF3A80F09C80A64540F2998002383C4474
:1003D400A4EB0E041FFA83FEB4FBF9F309FB1344E8
:1003E4004EEA044403FB0CFCA44508D93C1903F170
:1003F400FF3E80F08280A4457FD9023B3C4443EA1F
:100404000040A4EB0C04A0FB02EC64457346E146F7
:1004140062D35FD05DB1B8EB030264EB090404FA64
:1004240006F622FA01F31E43CC40C5E9006400211C
:100434004FE7B1FBF2FC010C41EA0E4180B240EA05
:1004440001423B4638463C46B846BE462026B1FBF0
:10045400F7F1A2EB080241EA0C4166E7014618E70E
:1004640010462CE7C6F120022EFA02F3B740B14041
:1004740020FA02F24FEA174E0A43B3FBFEF8BCB26D
:100484000EFB1833110C41EA034108FB04F9B04098
:1004940089454FEA104380B23ED9791808F1FF3CF0
:1004A40001D289451FD8A1EB0901B1FBFEF909FB73
:1004B40004F80EFB191192B242EA0142424529D2D4
:1004C400BA1809F1FF31C4D24245C2D2A9F10201DE
:1004D4003A44BEE7F0459DD2BEEB02036CEB070C39
:1004E4000138E14696E7A7EB09094944A8F1020C53
:1004F400B1FBFEF909FB04F8DBE773467FE75046DE
:1005040066E70846FDE63B44023A33E7ACF1020CE9
:100514003B441CE749469CE7A1EB0901C446B1FBF7
:10052400FEF909FB04F8C4E7704700BF2DE9F04F5A
:1005340089B00024039404940594069407940094C9
:100544002F4B1A6B42F080021A631A6B02F080027E
:100554000092009A01941A6B42F001021A631A6B1A
:1005640002F001020192019A02941A6B42F0020213
:100574001A631B6B03F002030293029B4FF4404B7C
:10058400CDF80CB001260496DFF87CA003A95046F0
:1005940001F01EFD4FF44079CDF80C90DFF86C802B
:1005A40003A9404601F014FD4FF410470397154D7D
:1005B40003A9284601F00CFD22465946504601F095
:1005C400F7FD22464946404601F0F2FD22463946EF
:1005D400284601F0EDFD03964FF488130493059625
:1005E40003A9284601F0F4FC22460221062002F069
:1005F40061F8062002F06EF809B0BDE8F08F00BF84
:10060400003802400000024000080240000402409A
:1006140000B583B000210191094B1A6B42F400121A
:100624001A631B6B03F400130193019B0A46102009
:1006340002F040F8102002F04DF803B05DF804FB1E
:100644000038024072B6FEE700B58FB000230A936B
:100654000B930C930D9308930993019302930393C3
:10066400049305930693079335484FF08042026044
:10067400436083604FF0FF32C2600361836100F026
:1006840003FE002850D14FF480530A930AA92C4842
:1006940000F060FF002849D1294800F021FE00281D
:1006A40046D100230893099308A9254801F0E4F8EA
:1006B40000283FD10022019202920392059201A9DF
:1006C4001F4800F09DFE002836D1002300931D4AE8
:1006D400116B41F400111163126B02F400120092C9
:1006E400009A1948194A02604FF0C06242604022E1
:1006F4008260C3604FF4806202614FF480524261B1
:100704004FF4804282614FF48072C2614FF4003230
:100714000262436201F0DEFD80B9094A0A4B53626A
:100724009A630FB05DF804FBFFF78CFFFFF78AFFB5
:10073400FFF788FFFFF786FFFFF784FFFFF782FFCD
:100744001801002000380240700000208860024038
:1007540000B58FB000230A930B930C930D93089369
:1007640009930193029303930493059306930793C8
:100774001E481F4A02604360836040F6FF72C260F5
:100784000361836100F080FD28BB4FF480530A931A
:100794000AA9164800F0DEFEF8B9144800F0CCFDB2
:1007A400E8B900230893099308A9104801F064F8F4
:1007B400B8B960230193002302930393059308229D
:1007C40001A90A4800F04BFE68B9084800F0C0FBD4
:1007D4000FB05DF804FBFFF735FFFFF733FFFFF7BA
:1007E40031FFFFF72FFFFFF72DFF00BFD0000020E0
:1007F4000004004000B595B03422002107A802F09F
:100804001AF8002302930393049305930693009329
:10081400194A116C41F080511164126C02F080523B
:100824000092009A019315490A6822F4404242F466
:1008340080420A600A6802F440420192019A02224C
:10084400079201220A9210220B920D9307A801F03D
:100854009DF968B90F230293002103910491059136
:10086400069102A801F04EF820B915B05DF804FB1A
:10087400FFF7E8FEFFF7E6FE003802400070004094
:1008840008B501F065FFFFF7B5FFFFF74FFEFFF76F
:10089400BFFEFFF7D9FEFFF75BFF194C204600F0BF
:1008A4004BFC0821204600F065FF164D2B68013BE8
:1008B400154CE360204600F0E7FC22682B685B08D7
:1008C40053630021204600F0D3FE4FF480430F4AC7
:1008D4000F49104801F064FD2268D36843F40073A3
:1008E400D36000F081FA012000F0F6F91E2001F037
:1008F4005BFF094800F0E4F9084800F0E1F9FEE77D
:10090400D00000203C000020180100203C040040DE
:10091400E8A8020870000020AC280008B8280008E5
:1009240008B501F03BFF834B1B68C31A312B27D951
:10093400804B1860804B1A68D36823F40073D3602B
:100944007E4801F062FD7D4B93F83530DBB2012B1C
:10095400F9D17B4A136801337A4981FB0301A1EB86
:10096400E37101EB4101A3EB41011160052928D892
:10097400DFE811F00A00470065008300A100BF0012
:10098400012001F01DFC3BE06B4B1B68186A41F22F
:100994001112104208D1186A40F24442104203D1A5
:1009A4001A6822F001021A6063480368664A1268F2
:1009B400013ADA62C26000225A621A6842F0010205
:1009C4001A604FF48043614A614850F821105B4833
:1009D40001F0E6FC002840F0AA80574B1A68D3685F
:1009E40043F40073D360012000F076F9544B1A6885
:1009F400584B53F8220000F063F9012001F0E0FBAA
:100A040008BD4D4B1B68186A41F21112104208D1FF
:100A1400186A40F24442104203D11A6822F00102DB
:100A24001A6045480368484A1268013ADA62C260AB
:100A340000225A621A6842F001021A60C1E73E4B72
:100A44001B68186A41F21112104208D1186A40F268
:100A54004442104203D11A6822F001021A60364857
:100A64000368394A1268013ADA62C26000225A62A3
:100A74001A6842F001021A60A3E72F4B1B68186A38
:100A840041F21112104208D1186A40F24442104255
:100A940003D11A6822F001021A60274803682E4A1B
:100AA4001268013ADA62C26000225A621A6842F09D
:100AB40001021A6085E7204B1B68186A41F2111283
:100AC400104208D1186A40F24442104203D11A6815
:100AD40022F001021A6018480368204A1268013A99
:100AE400DA62C26000225A621A6842F001021A6095
:100AF40067E7114B1B68186A41F21112104208D1C2
:100B0400186A40F24442104203D11A6822F00102EA
:100B14001A6009480368124A1268013ADA62C2602C
:100B240000225A621A6842F001021A6049E7FFF78C
:100B340089FD00BF6C000020180100207000002017
:100B440068000020ABAAAA2A3C0000203C04004014
:100B5400180000200000002038000020340000208D
:100B64003000002082B000EB40000023019304E039
:100B740000BF00BF019B01330193019B8342F7D364
:100B840002B0704710B51420FFF7ECFF094CA369BD
:100B940043F40043A3611420FFF7E4FFA36943F087
:100BA4000043A3611420FFF7DDFFA36943F400436E
:100BB400A36110BD0008024010B504463D4A936984
:100BC40043F48043936110F0800F41D13A4A936912
:100BD40043F00043936114F0400F40D0364A9369C8
:100BE40043F48053936114F0200F3ED0334A936949
:100BF40043F40073936114F0100F3CD02F4A9369AF
:100C040043F480739361FFF7BDFF14F0080F38D0ED
:100C1400294A936943F40043936114F0040F36D0D6
:100C2400254A936943F48053936114F0020F34D03E
:100C3400224A936943F40073936114F0010F32D094
:100C44001E4A936943F480739361FFF79BFF10BDC1
:100C5400A2F50062936943F400439361BBE7164A2B
:100C6400936943F080539361BDE7144A936943F059
:100C740000739361BFE7114A936943F080739361F2
:100C8400C1E70D4A936943F000439361C5E70A4AFB
:100C9400936943F080539361C7E7084A936943F02B
:100CA40000739361C9E7054A936943F080739361C4
:100CB400CBE700BF000802400000024000040240ED
:100CC40038B50546002403E0FFF776FF0134E4B2AB
:100CD400285D0028F8D138BD10B504463F4A936911
:100CE40043F08043936110F0800F45D13C4A9369EF
:100CF40043F00043936114F0400F44D0384A9369A1
:100D040043F48053936114F0200F42D0354A936921
:100D140043F40073936114F0100F40D0314A936987
:100D240043F480739361FFF72DFF14F0080F3CD058
:100D34002B4A936943F40043936114F0040F3AD0AF
:100D4400274A936943F48053936114F0020F38D017
:100D5400244A936943F40073936114F0010F36D06D
:100D6400204A936943F480739361FFF70BFF40F6C5
:100D7400B830FFF7F7FE10BDA2F50062936943F4A3
:100D840000439361B7E7164A936943F08053936134
:100D9400B9E7144A936943F000739361BBE7114ABE
:100DA400936943F080739361BDE70D4A936943F0FF
:100DB40000439361C1E70A4A936943F08053936106
:100DC400C3E7084A936943F000739361C5E7054A92
:100DD400936943F080739361C7E700BF0008024042
:100DE400000002400004024008B5194B1A6B42F09F
:100DF40001021A631A6B42F002021A631A6B42F080
:100E040004021A63134A136843F08243136002F521
:100E14008062136843F4A023136002F580621368B0
:100E240043F0A043136047F23050FFF79BFE33209A
:100E3400FFF752FF3220FFF74FFF0C20FFF74CFF64
:100E44002820FFF749FF0120FFF746FF08BD00BF38
:100E54000038024000000240FEE7FEE7FEE7FEE73E
:100E6400FEE770477047704708B501F08BFC08BD7A
:100E740008B5024801F0DCFA08BD00BF700000208C
:100E840082B0002100910B4B5A6C42F480425A64A8
:100E94005A6C02F480420092009A01911A6C42F05A
:100EA40080521A641B6C03F080530193019B02B0BF
:100EB400704700BF0038024010B582B00368B3F138
:100EC400804F04D01E4A93422CD002B010BD044679
:100ED400002300931B4A116C41F001011164126C50
:100EE40002F001020092009A1748184A02604FF07B
:100EF400C06242608360C3604FF4806202614FF459
:100F0400805242614FF480428261C3610362436252
:100F140001F0E0F918B90C4B63629C63D5E7FFF765
:100F240091FBF8E700230193064B1A6C42F002028E
:100F34001A641B6C03F002030193019BC5E700BF15
:100F44000004004000380240700000208860024025
:100F540000B587B000230193029303930493059390
:100F640002680E4B9A4202D007B05DF804FB0023DE
:100F740000930B4B1A6B42F002021A631B6B03F0D3
:100F840002030093009B0123019302230293059320
:100F940001A9044801F01CF8E6E700BF0004004082
:100FA400003802400004024030B4036A026A22F0AE
:100FB400010202624268846924F0730C0C6844EAFA
:100FC4000C0423F0020C8B6843EA0C03114DA84275
:100FD40003D005F58065A84205D123F00803CD6848
:100FE4002B4323F004030B4DA84203D005F5806581
:100FF400A84207D122F440724D6945EA020C8A697D
:1010040042EA0C02426084614A684263036230BC73
:10101400704700BF0000014030B4036A026A22F442
:10102400807202624268C46924F0730C0C6844EA5A
:101034000C0523F400738C6843EA0423114CA0428A
:1010440003D004F58064A04206D123F40063CC6885
:1010540043EA042323F480630A4CA04203D004F53A
:101064008064A04207D122F440524C6942EA04123F
:101074008C6942EA04124260C5614A68C263036231
:1010840030BC70470000014030B4036A026A22F4A5
:10109400805202624468C26922F4E6420D6842EA60
:1010A400052223F400538D6843EA0533094DA84211
:1010B40003D005F58065A84204D124F480444D6929
:1010C40044EA85144460C2614A680264036230BC25
:1010D400704700BF0000014010B4036A046A24F0A2
:1010E40001040462846924F0F00C4CEA021223F037
:1010F4000A030B43826103625DF8044B704710B42A
:10110400036A046A24F010040462846924F4704CB1
:101114004CEA023223F0A00343EA01138261036222
:101124005DF8044B7047836823F070030B4343F06E
:10113400070383607047000090F83D30DBB2012B59
:1011440032D1022380F83D300368194A934220D0FB
:10115400B3F1804F1DD0A2F57C42934219D002F521
:101164008062934215D002F58062934211D002F559
:10117400784293420DD002F57052934209D0A2F501
:101184009432934205D01A6842F001021A6000209A
:1011940070479A6802F00702062A07D01A6842F0DC
:1011A40001021A6000207047012070470020704738
:1011B40000000140704770470368324A904212D0E1
:1011C400B0F1804F0FD0A2F57C4290420BD002F5D3
:1011D4008062904207D002F58062904203D002F50B
:1011E4007842904203D123F070034A681343254A9E
:1011F40090422AD0B0F1804F27D0A2F57C42904291
:1012040023D002F5806290421FD002F580629042A2
:101214001BD002F57842904217D002F570529042EA
:1012240013D002F5806290420FD002F580629042A2
:101234000BD0A2F59832904207D002F5806290421A
:1012440003D002F58062904203D123F44073CA684C
:10125400134323F080034A6913438A68C2620A680D
:101264008262084A904203D002F58062904201D122
:101274000A690263026842F00402026001224261C8
:10128400036070470000014040B310B5044690F875
:101294003D30F3B1022384F83D30214651F8040B6C
:1012A400FFF78AFF012384F8463084F83E3084F83F
:1012B4003F3084F8403084F8413084F8423084F878
:1012C400433084F8443084F8453084F83D300020BD
:1012D40010BD80F83C30FFF7EFFDDBE701207047DD
:1012E40040B310B5044690F83D30F3B1022384F8BE
:1012F4003D30214651F8040BFFF75EFF012384F8CB
:10130400463084F83E3084F83F3084F8403084F826
:10131400413084F8423084F8433084F8443084F80F
:10132400453084F83D30002010BD80F83C30FFF794
:1013340041FFDBE70120704740B310B5044690F845
:101344003D30F3B1022384F83D30214651F8040BBB
:10135400FFF732FF012384F8463084F83E3084F8E6
:101364003F3084F8403084F8413084F8423084F8C7
:10137400433084F8443084F8453084F83D3000200C
:1013840010BD80F83C30FFF716FFDBE70120704703
:1013940030B4036A026A22F010020262446882696D
:1013A40022F4E6420D6842EA052223F020038D6808
:1013B40043EA0513114DA84203D005F58065A84200
:1013C40006D123F08003CD6843EA051323F04003DC
:1013D4000A4DA84203D005F58065A84207D124F43C
:1013E40040644D6944EA85048D6944EA8504446097
:1013F40082614A688263036230BC70470000014026
:1014040090F83C30012B28D010B50446012380F815
:101414003C300C2A1CD8DFE802F0071B1B1B0C1BFA
:101424001B1B111B1B1B16000068FFF7BDFD0020D2
:101434000FE00068FFF7ACFF00200AE00068FFF748
:10144400EBFD002005E00068FFF71EFE002000E031
:101454000120002384F83C3010BD0220704738B5C9
:1014640090F83C30012B66D004460D46012380F8E9
:101474003C300C2A5AD8DFE802F0075959591B5955
:1014840059593059595944000068FFF78DFD2268B5
:10149400936943F0080393612268936923F004037A
:1014A40093612268936929690B43936100203EE0AC
:1014B4000068FFF76DFF2268936943F4006393614A
:1014C4002268936923F4806393612268936929698C
:1014D40043EA01239361002029E00068FFF79CFDA3
:1014E4002268D36943F00803D3612268D36923F0E7
:1014F4000403D3612268D36929690B43D3610020B3
:1015040015E00068FFF7C0FD2268D36943F4006367
:10151400D3612268D36923F48063D3612268D369D9
:10152400296943EA0123D361002000E0012000235C
:1015340084F83C3038BD0220FCE710B4846824F4FD
:101544007F4C42EA03220A4342EA0C0282605DF8BD
:10155400044B704790F83C30012B78D010B504460A
:10156400012380F83C30022380F83D300268936800
:1015740023F47F4323F0770393600B68602B4CD0F4
:1015840023D8402B54D011D8202B03D00AD80BB128
:10159400102B05D119462068FFF7C5FD002028E06F
:1015A400012026E0302BF5D0012022E0502B0AD177
:1015B400CA6849680068FFF78FFD50212068FFF76B
:1015C400B2FD002015E0012013E0B3F5805F3AD0AE
:1015D400B3F5005F14D0702B37D1CB684A688968A3
:1015E4000068FFF7AAFF2268936843F077039360CB
:1015F4000020012384F83D30002384F83C3010BDE2
:10160400CB684A6889680068FFF797FF2268936887
:1016140043F4804393600020EBE7CA68496800689C
:10162400FFF76DFD60212068FFF77DFD0020E0E7F6
:10163400CA6849680068FFF74FFD40212068FFF73A
:1016440072FD0020D5E70020D3E70120D1E7022076
:10165400704701F01F014FF0010C0CFA01FC036A02
:1016640023EA0C030362036A8A401343036270474C
:1016740010B504460846002942D194F83E30DBB246
:10168400013B18BF0123002B6ED1002851D1022346
:1016940084F83E30012201462068FFF7DAFF236810
:1016A400334A934203D002F58062934203D15A6CC9
:1016B40042F400425A6423682D4A934249D0B3F15C
:1016C400804F46D0A2F57C42934242D002F580621C
:1016D40093423ED002F5806293423AD002F57842BA
:1016E400934236D002F57052934232D0A2F594322E
:1016F40093422ED01A6842F001021A60002032E0B0
:10170400042908D008290DD094F84130DBB2013BFC
:1017140018BF0123B7E794F83F30DBB2013B18BF91
:101724000123B0E794F84030DBB2013B18BF01233A
:10173400A9E7042805D0082807D0022384F84130FB
:10174400A8E7022384F83F30A4E7022384F840305A
:10175400A0E79A6802F00702062A07D01A6842F046
:1017640001021A60002010BD0120FCE70020FAE706
:101774000000014010B504460846002942D194F8FF
:101784003E30DBB2013B18BF0123002B6ED1002891
:1017940051D1022384F83E30012201462068FFF72C
:1017A40058FF2368334A934203D002F58062934280
:1017B40003D15A6C42F400425A6423682D4A93427E
:1017C40049D0B3F1804F46D0A2F57C42934242D037
:1017D40002F5806293423ED002F5806293423AD091
:1017E40002F57842934236D002F57052934232D0D9
:1017F400A2F5943293422ED01A6842F001021A6084
:10180400002032E0042908D008290DD094F8413092
:10181400DBB2013B18BF0123B7E794F83F30DBB2DA
:10182400013B18BF0123B0E794F84030DBB2013B21
:1018340018BF0123A9E7042805D0082807D00223EC
:1018440084F84130A8E7022384F83F30A4E7022358
:1018540084F84030A0E79A6802F00702062A07D00D
:101864001A6842F001021A60002010BD0120FCE752
:101874000020FAE70000014090F83C20012A3DD006
:1018840010B40346012280F83C20022280F83D2057
:1018940002685068946820F0700C086840EA0C00F4
:1018A40050601A68164882421AD0B2F1804F17D09D
:1018B400A0F57C40824213D000F5806082420FD0B4
:1018C40000F5806082420BD000F57840824207D058
:1018D40000F57050824203D0A0F59430824204D1C6
:1018E40024F08004496821439160012283F83D205B
:1018F400002083F83C005DF8044B704702207047D9
:1019040000000140002800F09B8070B50D4604469D
:101914004F4B1B6803F00F038B4208D2CBB24C4AE7
:101924001370136803F00F038B4240F08B8023681D
:1019340013F0020F17D013F0040F04D0454A936834
:1019440043F4E0539360236813F0080F04D0414A32
:10195400936843F4604393603E4A936823F0F00332
:10196400A1680B439360236813F0010F32D06368BE
:10197400012B21D09A1E012A25D9364A126812F069
:10198400020F61D033498A6822F0030213438B604B
:1019940000F004FF06462F4B9B6803F00C036268BB
:1019A400B3EB820F16D000F0F9FE801B41F28833AE
:1019B4009842F0D9032042E0264A126812F4003F0C
:1019C400E0D101203BE0234A126812F0007FD9D114
:1019D400012034E01E4B1B6803F00F03AB4207D910
:1019E400EAB21B4B1A701B6803F00F03AB422DD1F4
:1019F400236813F0040F06D0164A936823F4E053C7
:101A0400E1680B439360236813F0080F07D0114A71
:101A1400936823F46043216943EAC103936000F0AF
:101A240021F80C4B9B68C3F303130B4AD35CD840D7
:101A34000A4B18600A4B186800F064FE002070BD61
:101A4400012070470120FAE70120F8E70120F6E7BA
:101A5400003C024000380240F028030848000020FF
:101A64004400002008B5464B9B6803F00C03082B88
:101A740005D00C2B43D0042B7FD1424819E0404BB6
:101A84005A6802F03F025B6813F4800F12D03C4B9B
:101A94005968C1F388113B480023A1FB0001FEF7FC
:101AA400AFFB374B5B68C3F3014301335B00B0FB0F
:101AB400F3F008BD324B5868C0F388104FEA401C5D
:101AC400BCEB000C6EEB0E0E4FEA8E1343EA9C63E4
:101AD4004FEA8C11B1EB0C0163EB0E03DB0043EA1C
:101AE4005173C90011EB000C43F100039902002368
:101AF4004FEA8C2041EA9C51FEF782FBD1E7204B50
:101B04005A6802F03F025B6813F4800F10D01C4B3C
:101B14005968C1F388111B480023A1FB0001FEF79B
:101B24006FFB174B5B68C3F30273B0FBF3F0C0E7C2
:101B3400134B5868C0F388104FEA401CBCEB000CF0
:101B44006EEB0E0E4FEA8E1343EA9C634FEA8C1140
:101B5400B1EB0C0163EB0E03DB0043EA5173C900E4
:101B640011EB000C43F10003990200234FEA8C208F
:101B740041EA9C51FEF744FBD3E7034899E700BFD1
:101B84000038024040787D010024F400002800F071
:101B9400018270B582B00446036813F0010F41D08E
:101BA400994B9B6803F00C03042B32D0964B9B6833
:101BB40003F00C03082B27D0934B9B6803F00C0312
:101BC4000C2B59D06368B3F5803F5BD0B3F5A02FDD
:101BD4005ED08D4B1A6822F480321A601A6822F49F
:101BE40080221A606368002B5CD000F0D7FD0546A4
:101BF400854B1B6813F4003F14D100F0CFFD401B4C
:101C04006428F5D90320CCE17F4B5B6813F4800F83
:101C1400D2D07D4B1B6813F4003F03D06368002BC4
:101C240000F0BA81236813F0020F60D0764B9B68F2
:101C340013F00C0F4AD0744B9B6803F00C03082B71
:101C44003FD0714B9B6803F00C030C2B69D0E36805
:101C5400002B75D06D4B01221A6000F09FFD0546E4
:101C6400694B1B6813F0020F61D100F097FD401B14
:101C74000228F5D9032094E1634B5B6813F4800FC9
:101C8400A0D0C6E7604A136843F480331360A9E721
:101C94005D4B1A6842F480221A601A6842F480325A
:101CA4001A609FE700F07AFD0546574B1B6813F452
:101CB400003FB7D000F072FD401B6428F5D9032023
:101CC4006FE1514B5B6813F4800FBAD14E4B1B6824
:101CD40013F0020F03D0E368012B40F05F814A4AFE
:101CE400136823F0F803216943EAC10313602368EE
:101CF40013F0080F49D06369002B33D0434B012202
:101D0400C3F8802E00F04AFD05463F4B5B6F13F08D
:101D1400020F3AD100F042FD401B0228F5D90320FE
:101D24003FE1394B5B6813F4800F90D1CEE7364A1C
:101D3400136823F0F803216943EAC1031360D6E76B
:101D4400324B00221A6000F029FD05462E4B1B6819
:101D540013F0020FCBD000F021FD401B0228F5D96F
:101D640003201EE1294B0022C3F8802E00F016FD4B
:101D74000546254B5B6F13F0020F06D000F00EFDF5
:101D8400401B0228F5D903200BE1236813F0040F4C
:101D940076D01D4B1B6C13F0805F33D1002301936D
:101DA400194B1A6C42F080521A641B6C03F0805376
:101DB4000193019B0125164B1B6813F4807F29D0E6
:101DC400A368012B3AD0052B3ED00F4B1A6F22F09B
:101DD40001021A671A6F22F004021A67A368002B23
:101DE4003CD000F0DBFC0646074B1B6F13F0020FE0
:101DF40045D100F0D3FC801B41F288339842F3D9DB
:101E04000320CEE00025D6E7003802400000474218
:101E1400007000406B4A136843F48073136000F051
:101E2400BDFC0646674B1B6813F4807FC8D100F0E5
:101E3400B5FC801B0228F5D90320B2E0624A136F77
:101E440043F001031367C9E75F4B1A6F42F00402C2
:101E54001A671A6F42F001021A67BFE700F09EFC8E
:101E64000646594B1B6F13F0020F08D000F096FC86
:101E7400801B41F288339842F3D9032091E0EDB9F5
:101E8400A369002B00F08C804F4A926802F00C0288
:101E9400082A54D0022B17D04C4B00221A6600F0AB
:101EA4007DFC0446484B1B6813F0007F45D000F0CE
:101EB40075FC001B0228F5D9032072E0424A136C1A
:101EC40023F080531364DBE7404B00221A6600F0D2
:101ED40065FC05463C4B1B6813F0007F06D000F000
:101EE4005DFC401B0228F5D903205AE0E369226A0D
:101EF4001343626A43EA8213A26A5208013A43EA2C
:101F04000243E26A43EA0263226B43EA02732E4A03
:101F140053602E4B01221A6600F040FC04462A4B03
:101F24001B6813F0007F06D100F038FC001B022868
:101F3400F5D9032035E0002033E0002031E0012B07
:101F440031D0214B5B6803F48001E26991422CD1CA
:101F540003F03F02216A8A4229D1616A47F6C072BE
:101F64001A40B2EB811F24D103F44031A26A520813
:101F7400013AB1EB024F1ED103F07062E16AB2EB99
:101F8400016F1AD103F0E043226BB3EB027F16D149
:101F9400002006E001207047012002E0012000E05B
:101FA400002002B070BD0120FBE70120F9E7012009
:101FB400F7E70120F5E70120F3E70120F1E701202D
:101FC400EFE700BF007000400038024000004742C5
:101FD40000230F2B00F2E38070B582B065E08568C2
:101FE4004FEA430E032404FA0EF425EA0405CC68F0
:101FF40004FA0EF42C438460446824EA02044A6818
:10200400C2F300129A40224342605CE0DC080834C8
:1020140050F8242003F00705AD004FF00F0E0EFA20
:1020240005FE22EA0E0E0A69AA4042EA0E0240F8B0
:1020340024205CE0062200E0002202FA0EF22A4389
:102044000234574D45F82420564A94686FEA0C022E
:1020540024EA0C054E6816F4801F01D04CEA0405EE
:10206400504CA560E46802EA04054E6816F4001FAB
:1020740001D04CEA04054B4CE560646802EA0405AF
:102084004E6816F4003F01D04CEA0405454C6560E7
:10209400246822404D6815F4803F01D04CEA0402C4
:1020A400404C226001330F2B77D801229A400C68F0
:1020B40004EA020C32EA0404F4D14C6804F0030488
:1020C400013C012C8BD94A6802F00302032A09D08F
:1020D400C4685D000322AA4024EA02048A68AA4074
:1020E4002243C2604A6802F00302022A8ED00468C6
:1020F4004FEA430E032202FA0EF224EA02044A686B
:1021040002F0030202FA0EF2224302604A6812F459
:10211400403FC7D000220192234A546C44F48044C7
:102124005464526C02F480420192019A9C08A51CEA
:102134001B4A52F8255003F0030E4FEA8E0E0F226D
:1021440002FA0EF225EA0205184A90423FF474AFEF
:1021540002F58062904216D002F58062904214D05B
:1021640002F58062904212D002F58062904210D053
:1021740002F5806290420ED002F5806290423FF4F4
:1021840059AF072259E7012257E7022255E70322F4
:1021940053E7042251E705224FE702B070BD7047B0
:1021A40000380140003C0140003802400000024079
:1021B4000AB181617047090481617047704700006A
:1021C40008B5054B5B69034200D108BD024B586159
:1021D400FFF7F4FFF9E700BF003C014030B40568A5
:1021E4002C6824F480242C60046863608368402B8A
:1021F40005D0036899600368DA6030BC70470368EF
:102204009A600368D960F8E710B40368D9B210394A
:102214000A4AA2FB01421209094CA25CC2655F2969
:1022240007D96FF3090304338365806D5DF8044BAC
:1022340070476FF309038365F7E700BFABAAAAAA47
:10224400E8280308836A826992B9012B0AD0022B19
:1022540002D00BB100207047C36A13F0807F28D1ED
:1022640000207047C36AB3F1C07F24D000207047B8
:10227400B2F5005F09D0022B25D9032B25D1C36AFF
:1022840013F0807F23D100207047032B03D8DFE8AD
:1022940003F01404140A00207047C36A13F0807F0B
:1022A4000DD100207047C36AB3F1C07F09D000206C
:1022B40070470120704701207047012070470120BA
:1022C40070470120704701207047002070470120AB
:1022D4007047000070B5044600F060FA002C5BD033
:1022E4000546022384F83530002384F8343022680C
:1022F400136823F00103136023681A6812F0010FB6
:102304000AD000F04BFA431B052BF5D92023636553
:10231400032084F8350070BD1A68204911406268B2
:10232400A0680243E06802432069024360690243F3
:10233400A0690243E0690243206A02430A43616AD6
:1023440004291ED01A602668756925F00705636A9A
:102354001D43042B07D1A36A1D43E36A1BB1204626
:10236400FFF770FF90B975612046FFF74DFFE26DEE
:102374003F239340836000206065012384F8353057
:10238400C9E7E16A206B01430A43DBE74023636545
:10239400012084F83500BEE70120BCE73F8010F03F
:1023A40038B50446856D90F8340001282BD00120FF
:1023B40084F8340094F83500C0B2012804D0002316
:1023C40084F83430022038BD022084F8350000201F
:1023D40060652046FFF702FFE26D3F239340AB6048
:1023E4002268136843F016031360236C23B1226838
:1023F400136843F0080313602268136843F0010371
:1024040013600020DFE70220DDE790F83530DBB20F
:10241400022B03D08023436501207047052380F8F5
:1024240035300268136823F00103136000207047FD
:10243400F0B583B0044600230193724B1D68724BC0
:10244400A3FB0535AD0A876D3E68C26D0823934032
:10245400334210D003681A6812F0040F0BD01A68C4
:1024640022F004021A60C26D08239340BB60436DDE
:1024740043F001034365E26D01239340334209D0E5
:102484002268526912F0800F04D0BB60636D43F080
:1024940002036365E26D04239340334209D022684A
:1024A400126812F0020F04D0BB60636D43F00403A2
:1024B4006365E26D10239340334224D0226812688E
:1024C40012F0080F1FD0BB6023681A6812F4802F23
:1024D4000DD01B6813F4002F04D1236C9BB120464C
:1024E400984710E0A36C73B1204698470BE01A6834
:1024F40012F4807F03D11A6822F008021A60236C58
:102504000BB120469847E26D20239340334255D0C7
:102514002268126812F0100F50D0BB6094F8353066
:10252400DBB2052B0ED023681A6812F4802F33D047
:102534001B6813F4002F2AD1636C002B3ED0204675
:1025440098473BE02268136823F01603136022685F
:10255400536923F080035361236CA3B12268136889
:1025640023F008031360E26D3F239340BB60012313
:1025740084F83530002384F83430236D002B3FD0A9
:10258400204698473CE0A36C002BE7D1EBE7E36BD4
:10259400A3B12046984711E01A6812F4807F09D14C
:1025A4001A6822F010021A60012384F835300023DF
:1025B40084F83430E36B0BB120469847636DFBB16C
:1025C400636D13F0010F17D0052384F835302268AA
:1025D400136823F001031360019B01330193AB42A1
:1025E40004D823681B6813F0010FF5D1012384F884
:1025F4003530002384F83430E36C0BB1204698471F
:1026040003B0F0BD48000020B5814E1B002807DB55
:1026140000F01F02400901239340024A42F820308F
:10262400704700BF00E100E0002808DB0901C9B2DF
:1026340000F1604000F5614080F80013704700F03D
:102644000F000901C9B2014B1954704714ED00E0A1
:1026540000B500F00700C0F1070CBCF1040F28BF5F
:102664004FF0040C031D062B0FD9C31E4FF0FF3E81
:102674000EFA0CF021EA000199400EFA03FE22EA58
:102684000E0241EA02005DF804FB0023EEE70000BD
:10269400074AD36823F4E0631B041B0C000200F414
:1026A400E060034343F0BF6343F40033D3607047F7
:1026B40000ED00E010B50446054BD868C0F30220D5
:1026C400FFF7C6FF01462046FFF7AEFF10BD00BF6F
:1026D40000ED00E008B5FFF799FF08BD0138B0F13F
:1026E400807F0BD24FF0E0235861054AF02182F835
:1026F40023100020986107221A6170470120704757
:1027040000ED00E010B504460E4B1A784FF47A73CE
:10271400B3FBF2F30C4A1068B0FBF3F0FFF7DEFFF3
:1027240068B90F2C01D901200AE0002221464FF09C
:10273400FF30FFF7BFFF054B1C60002000E00120C5
:1027440010BD00BF400000204800002044000020CD
:1027540008B50B4B1A6842F400721A601A6842F406
:1027640080621A601A6842F480721A600320FFF7CC
:102774008FFF0F20FFF7C6FFFEF782FB002008BD86
:10278400003C0240034A1168034B1B780B4413605E
:10279400704700BF6001002040000020014B186812
:1027A400704700BF6001002038B50446FFF7F6FF0C
:1027B4000546B4F1FF3F02D0044B1B781C44FFF7DD
:1027C400EDFF401BA042FAD338BD00BF40000020FB
:1027D400034AD2F8883043F47003C2F88830704753
:1027E40000ED00E0DFF834D0FFF7F2FF0C480D49AC
:1027F4000D4A002302E0D458C4500433C4188C4258
:10280400F9D30A4A0A4C002301E013600432A242BD
:10281400FBD300F019F8FEF733F8704700000220EC
:10282400000000204C000020102903084C00002068
:1028340064010020FEE702440346934200D170473E
:1028440003F8011BF9E7000070B50D4D0D4C641B36
:10285400A4100026A64209D10B4D0C4C00F018F828
:10286400641BA4100026A64205D170BD55F8043B94
:1028740098470136EEE755F8043B98470136F2E7EE
:102884000829030808290308082903080C29030850
:10289400F8B500BFF8BC08BC9E467047F8B500BF49
:0828A400F8BC08BC9E46704719
:1028AC0057617665666F726D3A20000053696E65EC
:1028BC0000000000547269616E676C6500000000D6
:1028CC00536177005069616E6F0000004775697441
:1028DC00617200004472756D000000000000000081
:1028EC0000000100010002000200030003000400CC
:1028FC00040005000500060006000700070008009C
:10290C000800090009000A000A000B000B000C006B
:10291C000C000D000D000E000E000F000F0010003B
:10292C00100011001100120012001300130014000B
:10293C0014001500150016001600170017001800DB
:10294C001800190019001A001A001B001B001C00AB
:10295C001C001D001D001E001E001F001F0020007B
:10296C00200021002100220022002300230024004B
:10297C00240025002500260026002700270028001B
:10298C002800290029002A002A002B002B002C00EB
:10299C002C002D002D002E002E002F002F003000BB
:1029AC00300031003100320032003300330034008B
:1029BC00340035003500360036003700370038005B
:1029CC003800390039003A003A003B003B003C002B
:1029DC003C003D003D003E003E003F003F004000FB
:1029EC0040004100410042004200430043004400CB
:1029FC00440045004500460046004700470048009B
:102A0C004800490049004A004A004B004B004C006A
:102A1C004C004D004D004E004E004F004F0050003A
:102A2C00500051005100520052005300530054000A
:102A3C0054005500550056005600570057005800DA
:102A4C005800590059005A005A005B005B005C00AA
:102A5C005C005D005D005E005E005F005F0060007A
:102A6C00600061006100620062006300630064004A
:102A7C00640065006500660066006700670068001A
:102A8C006800690069006A006A006B006B006C00EA
:102A9C006C006D006D006E006E006F006F007000BA
:102AAC00700071007100720072007300730074008A
:102ABC00740075007500760076007700770078005A
:102ACC007800790079007A007A007B007B007C002A
:102ADC007C007D007D007E007E007F007F008000FA
:102AEC0080008100810082008200830083008400CA
:102AFC00840085008500860086008700870088009A
:102B0C008800890089008A008A008B008B008C0069
:102B1C008C008D008D008E008E008F008F00900039
:102B2C009000910091009200920093009300940009
:102B3C0094009500950096009600970097009800D9
:102B4C009800990099009A009A009B009B009C00A9
:102B5C009C009D009D009E009E009F009F00A00079
:102B6C00A000A100A100A200A200A300A300A40049
:102B7C00A400A500A500A600A600A700A700A80019
:102B8C00A800A900A900AA00AA00AB00AB00AC00E9
:102B9C00AC00AD00AD00AE00AE00AF00AF00B000B9
:102BAC00B000B100B100B200B200B300B300B40089
:102BBC00B400B500B500B600B600B700B700B80059
:102BCC00B800B900B900BA00BA00BB00BB00BC0029
:102BDC00BC00BD00BD00BE00BE00BF00BF00C000F9
:102BEC00C000C100C100C200C200C300C300C400C9
:102BFC00C400C500C500C600C600C700C700C80099
:102C0C00C800C900C900CA00CA00CB00CB00CC0068
:102C1C00CC00CD00CD00CE00CE00CF00CF00D00038
:102C2C00D000D100D100D200D200D300D300D40008
:102C3C00D400D500D500D600D600D700D700D800D8
:102C4C00D800D900D900DA00DA00DB00DB00DC00A8
:102C5C00DC00DD00DD00DE00DE00DF00DF00E00078
:102C6C00E000E100E100E200E200E300E300E40048
:102C7C00E400E500E500E600E600E700E700E80018
:102C8C00E800E900E900EA00EA00EB00EB00EC00E8
:102C9C00EC00ED00ED00EE00EE00EF00EF00F000B8
:102CAC00F000F100F100F200F200F300F300F40088
:102CBC00F400F500F500F600F600F700F700F80058
:102CCC00F800F900F900FA00FA00FB00FB00FC0028
:102CDC00FC00FD00FD00FE00FE00FF00FF000001F7
:102CEC0000010101010102010201030103010401C0
:102CFC000401050105010601060107010701080190
:102D0C000801090109010A010A010B010B010C015F
:102D1C000C010D010D010E010E010F010F0110012F
:102D2C0010011101110112011201130113011401FF
:102D3C0014011501150116011601170117011801CF
:102D4C001801190119011A011A011B011B011C019F
:102D5C001C011D011D011E011E011F011F0120016F
:102D6C00200121012101220122012301230124013F
:102D7C00240125012501260126012701270128010F
:102D8C002801290129012A012A012B012B012C01DF
:102D9C002C012D012D012E012E012F012F013001AF
:102DAC00300131013101320132013301330134017F
:102DBC00340135013501360136013701370138014F
:102DCC003801390139013A013A013B013B013C011F
:102DDC003C013D013D013E013E013F013F014001EF
:102DEC0040014101410142014201430143014401BF
:102DFC00440145014501460146014701470148018F
:102E0C004801490149014A014A014B014B014C015E
:102E1C004C014D014D014E014E014F014F0150012E
:102E2C0050015101510152015201530153015401FE
:102E3C0054015501550156015601570157015801CE
:102E4C005801590159015A015A015B015B015C019E
:102E5C005C015D015D015E015E015F015F0160016E
:102E6C00600161016101620162016301630164013E
:102E7C00640165016501660166016701670168010E
:102E8C006801690169016A016A016B016B016C01DE
:102E9C006C016D016D016E016E016F016F017001AE
:102EAC00700171017101720172017301730174017E
:102EBC00740175017501760176017701770178014E
:102ECC007801790179017A017A017B017B017C011E
:102EDC007C017D017D017E017E017F017F018001EE
:102EEC0080018101810182018201830183018401BE
:102EFC00840185018501860186018701870188018E
:102F0C008801890189018A018A018B018B018C015D
:102F1C008C018D018D018E018E018F018F0190012D
:102F2C0090019101910192019201930193019401FD
:102F3C0094019501950196019601970197019801CD
:102F4C009801990199019A019A019B019B019C019D
:102F5C009C019D019D019E019E019F019F01A0016D
:102F6C00A001A101A101A201A201A301A301A4013D
:102F7C00A401A501A501A601A601A701A701A8010D
:102F8C00A801A901A901AA01AA01AB01AB01AC01DD
:102F9C00AC01AD01AD01AE01AE01AF01AF01B001AD
:102FAC00B001B101B101B201B201B301B301B4017D
:102FBC00B401B501B501B601B601B701B701B8014D
:102FCC00B801B901B901BA01BA01BB01BB01BC011D
:102FDC00BC01BD01BD01BE01BE01BF01BF01C001ED
:102FEC00C001C101C101C201C201C301C301C401BD
:102FFC00C401C501C501C601C601C701C701C8018D
:10300C00C801C901C901CA01CA01CB01CB01CC015C
:10301C00CC01CD01CD01CE01CE01CF01CF01D0012C
:10302C00D001D101D101D201D201D301D301D401FC
:10303C00D401D501D501D601D601D701D701D801CC
:10304C00D801D901D901DA01DA01DB01DB01DC019C
:10305C00DC01DD01DD01DE01DE01DF01DF01E0016C
:10306C00E001E101E101E201E201E301E301E4013C
:10307C00E401E501E501E601E601E701E701E8010C
:10308C00E801E901E901EA01EA01EB01EB01EC01DC
:10309C00EC01ED01ED01EE01EE01EF01EF01F001AC
:1030AC00F001F101F101F201F201F301F301F4017C
:1030BC00F401F501F501F601F601F701F701F8014C
:1030CC00F801F901F901FA01FA01FB01FB01FC011C
:1030DC00FC01FD01FD01FE01FE01FF01FF010002EB
:1030EC0000020102010202020202030203020402B4
:1030FC000402050205020602060207020702080284
:10310C000802090209020A020A020B020B020C0253
:10311C000C020D020D020E020E020F020F02100223
:10312C0010021102110212021202130213021402F3
:10313C0014021502150216021602170217021802C3
:10314C001802190219021A021A021B021B021C0293
:10315C001C021D021D021E021E021F021F02200263
:10316C002002210221022202220223022302240233
:10317C002402250225022602260227022702280203
:10318C002802290229022A022A022B022B022C02D3
:10319C002C022D022D022E022E022F022F023002A3
:1031AC003002310231023202320233023302340273
:1031BC003402350235023602360237023702380243
:1031CC003802390239023A023A023B023B023C0213
:1031DC003C023D023D023E023E023F023F024002E3
:1031EC0040024102410242024202430243024402B3
:1031FC004402450245024602460247024702480283
:10320C004802490249024A024A024B024B024C0252
:10321C004C024D024D024E024E024F024F02500222
:10322C0050025102510252025202530253025402F2
:10323C0054025502550256025602570257025802C2
:10324C005802590259025A025A025B025B025C0292
:10325C005C025D025D025E025E025F025F02600262
:10326C006002610261026202620263026302640232
:10327C006402650265026602660267026702680202
:10328C006802690269026A026A026B026B026C02D2
:10329C006C026D026D026E026E026F026F027002A2
:1032AC007002710271027202720273027302740272
:1032BC007402750275027602760277027702780242
:1032CC007802790279027A027A027B027B027C0212
:1032DC007C027D027D027E027E027F027F028002E2
:1032EC0080028102810282028202830283028402B2
:1032FC008402850285028602860287028702880282
:10330C008802890289028A028A028B028B028C0251
:10331C008C028D028D028E028E028F028F02900221
:10332C0090029102910292029202930293029402F1
:10333C0094029502950296029602970297029802C1
:10334C009802990299029A029A029B029B029C0291
:10335C009C029D029D029E029E029F029F02A00261
:10336C00A002A102A102A202A202A302A302A40231
:10337C00A402A502A502A602A602A702A702A80201
:10338C00A802A902A902AA02AA02AB02AB02AC02D1
:10339C00AC02AD02AD02AE02AE02AF02AF02B002A1
:1033AC00B002B102B102B202B202B302B302B40271
:1033BC00B402B502B502B602B602B702B702B80241
:1033CC00B802B902B902BA02BA02BB02BB02BC0211
:1033DC00BC02BD02BD02BE02BE02BF02BF02C002E1
:1033EC00C002C102C102C202C202C302C302C402B1
:1033FC00C402C502C502C602C602C702C702C80281
:10340C00C802C902C902CA02CA02CB02CB02CC0250
:10341C00CC02CD02CD02CE02CE02CF02CF02D00220
:10342C00D002D102D102D202D202D302D302D402F0
:10343C00D402D502D502D602D602D702D702D802C0
:10344C00D802D902D902DA02DA02DB02DB02DC0290
:10345C00DC02DD02DD02DE02DE02DF02DF02E00260
:10346C00E002E102E102E202E202E302E302E40230
:10347C00E402E502E502E602E602E702E702E80200
:10348C00E802E902E902EA02EA02EB02EB02EC02D0
:10349C00EC02ED02ED02EE02EE02EF02EF02F002A0
:1034AC00F002F102F102F202F202F302F302F40270
:1034BC00F402F502F502F602F602F702F702F80240
:1034CC00F802F902F902FA02FA02FB02FB02FC0210
:1034DC00FC02FD02FD02FE02FE02FF02FF020003DF
:1034EC0000030103010302030203030303030403A8
:1034FC000403050305030603060307030703080378
:10350C000803090309030A030A030B030B030C0347
:10351C000C030D030D030E030E030F030F03100317
:10352C0010031103110312031203130313031403E7
:10353C0014031503150316031603170317031803B7
:10354C001803190319031A031A031B031B031C0387
:10355C001C031D031D031E031E031F031F03200357
:10356C002003210321032203220323032303240327
:10357C0024032503250326032603270327032803F7
:10358C002803290329032A032A032B032B032C03C7
:10359C002C032D032D032E032E032F032F03300397
:1035AC003003310331033203320333033303340367
:1035BC003403350335033603360337033703380337
:1035CC003803390339033A033A033B033B033C0307
:1035DC003C033D033D033E033E033F033F034003D7
:1035EC0040034103410342034203430343034403A7
:1035FC004403450345034603460347034703480377
:10360C004803490349034A034A034B034B034C0346
:10361C004C034D034D034E034E034F034F03500316
:10362C0050035103510352035203530353035403E6
:10363C0054035503550356035603570357035803B6
:10364C005803590359035A035A035B035B035C0386
:10365C005C035D035D035E035E035F035F03600356
:10366C006003610361036203620363036303640326
:10367C0064036503650366036603670367036803F6
:10368C006803690369036A036A036B036B036C03C6
:10369C006C036D036D036E036E036F036F03700396
:1036AC007003710371037203720373037303740366
:1036BC007403750375037603760377037703780336
:1036CC007803790379037A037A037B037B037C0306
:1036DC007C037D037D037E037E037F037F038003D6
:1036EC0080038103810382038203830383038403A6
:1036FC008403850385038603860387038703880376
:10370C008803890389038A038A038B038B038C0345
:10371C008C038D038D038E038E038F038F03900315
:10372C0090039103910392039203930393039403E5
:10373C0094039503950396039603970397039803B5
:10374C009803990399039A039A039B039B039C0385
:10375C009C039D039D039E039E039F039F03A00355
:10376C00A003A103A103A203A203A303A303A40325
:10377C00A403A503A503A603A603A703A703A803F5
:10378C00A803A903A903AA03AA03AB03AB03AC03C5
:10379C00AC03AD03AD03AE03AE03AF03AF03B00395
:1037AC00B003B103B103B203B203B303B303B40365
:1037BC00B403B503B503B603B603B703B703B80335
:1037CC00B803B903B903BA03BA03BB03BB03BC0305
:1037DC00BC03BD03BD03BE03BE03BF03BF03C003D5
:1037EC00C003C103C103C203C203C303C303C403A5
:1037FC00C403C503C503C603C603C703C703C80375
:10380C00C803C903C903CA03CA03CB03CB03CC0344
:10381C00CC03CD03CD03CE03CE03CF03CF03D00314
:10382C00D003D103D103D203D203D303D303D403E4
:10383C00D403D503D503D603D603D703D703D803B4
:10384C00D803D903D903DA03DA03DB03DB03DC0384
:10385C00DC03DD03DD03DE03DE03DF03DF03E00354
:10386C00E003E103E103E203E203E303E303E40324
:10387C00E403E503E503E603E603E703E703E803F4
:10388C00E803E903E903EA03EA03EB03EB03EC03C4
:10389C00EC03ED03ED03EE03EE03EF03EF03F00394
:1038AC00F003F103F103F203F203F303F303F40364
:1038BC00F403F503F503F603F603F703F703F80334
:1038CC00F803F903F903FA03FA03FB03FB03FC0304
:1038DC00FC03FD03FD03FE03FE03FF03FF030004D3
:1038EC00000401040104020402040304030404049C
:1038FC00040405040504060406040704070408046C
:10390C000804090409040A040A040B040B040C043B
:10391C000C040D040D040E040E040F040F0410040B
:10392C0010041104110412041204130413041404DB
:10393C0014041504150416041604170417041804AB
:10394C001804190419041A041A041B041B041C047B
:10395C001C041D041D041E041E041F041F0420044B
:10396C00200421042104220422042304230424041B
:10397C0024042504250426042604270427042804EB
:10398C002804290429042A042A042B042B042C04BB
:10399C002C042D042D042E042E042F042F0430048B
:1039AC00300431043104320432043304330434045B
:1039BC00340435043504360436043704370438042B
:1039CC003804390439043A043A043B043B043C04FB
:1039DC003C043D043D043E043E043F043F044004CB
:1039EC00400441044104420442044304430444049B
:1039FC00440445044504460446044704470448046B
:103A0C004804490449044A044A044B044B044C043A
:103A1C004C044D044D044E044E044F044F0450040A
:103A2C0050045104510452045204530453045404DA
:103A3C0054045504550456045604570457045804AA
:103A4C005804590459045A045A045B045B045C047A
:103A5C005C045D045D045E045E045F045F0460044A
:103A6C00600461046104620462046304630464041A
:103A7C0064046504650466046604670467046804EA
:103A8C006804690469046A046A046B046B046C04BA
:103A9C006C046D046D046E046E046F046F0470048A
:103AAC00700471047104720472047304730474045A
:103ABC00740475047504760476047704770478042A
:103ACC007804790479047A047A047B047B047C04FA
:103ADC007C047D047D047E047E047F047F048004CA
:103AEC00800481048104820482048304830484049A
:103AFC00840485048504860486048704870488046A
:103B0C008804890489048A048A048B048B048C0439
:103B1C008C048D048D048E048E048F048F04900409
:103B2C0090049104910492049204930493049404D9
:103B3C0094049504950496049604970497049804A9
:103B4C009804990499049A049A049B049B049C0479
:103B5C009C049D049D049E049E049F049F04A00449
:103B6C00A004A104A104A204A204A304A304A40419
:103B7C00A404A504A504A604A604A704A704A804E9
:103B8C00A804A904A904AA04AA04AB04AB04AC04B9
:103B9C00AC04AD04AD04AE04AE04AF04AF04B00489
:103BAC00B004B104B104B204B204B304B304B40459
:103BBC00B404B504B504B604B604B704B704B80429
:103BCC00B804B904B904BA04BA04BB04BB04BC04F9
:103BDC00BC04BD04BD04BE04BE04BF04BF04C004C9
:103BEC00C004C104C104C204C204C304C304C40499
:103BFC00C404C504C504C604C604C704C704C80469
:103C0C00C804C904C904CA04CA04CB04CB04CC0438
:103C1C00CC04CD04CD04CE04CE04CF04CF04D00408
:103C2C00D004D104D104D204D204D304D304D404D8
:103C3C00D404D504D504D604D604D704D704D804A8
:103C4C00D804D904D904DA04DA04DB04DB04DC0478
:103C5C00DC04DD04DD04DE04DE04DF04DF04E00448
:103C6C00E004E104E104E204E204E304E304E40418
:103C7C00E404E504E504E604E604E704E704E804E8
:103C8C00E804E904E904EA04EA04EB04EB04EC04B8
:103C9C00EC04ED04ED04EE04EE04EF04EF04F00488
:103CAC00F004F104F104F204F204F304F304F40458
:103CBC00F404F504F504F604F604F704F704F80428
:103CCC00F804F904F904FA04FA04FB04FB04FC04F8
:103CDC00FC04FD04FD04FE04FE04FF04FF040005C7
:103CEC000005010501050205020503050305040590
:103CFC000405050505050605060507050705080560
:103D0C000805090509050A050A050B050B050C052F
:103D1C000C050D050D050E050E050F050F051005FF
:103D2C0010051105110512051205130513051405CF
:103D3C00140515051505160516051705170518059F
:103D4C001805190519051A051A051B051B051C056F
:103D5C001C051D051D051E051E051F051F0520053F
:103D6C00200521052105220522052305230524050F
:103D7C0024052505250526052605270527052805DF
:103D8C002805290529052A052A052B052B052C05AF
:103D9C002C052D052D052E052E052F052F0530057F
:103DAC00300531053105320532053305330534054F
:103DBC00340535053505360536053705370538051F
:103DCC003805390539053A053A053B053B053C05EF
:103DDC003C053D053D053E053E053F053F054005BF
:103DEC00400541054105420542054305430544058F
:103DFC00440545054505460546054705470548055F
:103E0C004805490549054A054A054B054B054C052E
:103E1C004C054D054D054E054E054F054F055005FE
:103E2C0050055105510552055205530553055405CE
:103E3C00540555055505560556055705570558059E
:103E4C005805590559055A055A055B055B055C056E
:103E5C005C055D055D055E055E055F055F0560053E
:103E6C00600561056105620562056305630564050E
:103E7C0064056505650566056605670567056805DE
:103E8C006805690569056A056A056B056B056C05AE
:103E9C006C056D056D056E056E056F056F0570057E
:103EAC00700571057105720572057305730574054E
:103EBC00740575057505760576057705770578051E
:103ECC007805790579057A057A057B057B057C05EE
:103EDC007C057D057D057E057E057F057F058005BE
:103EEC00800581058105820582058305830584058E
:103EFC00840585058505860586058705870588055E
:103F0C008805890589058A058A058B058B058C052D
:103F1C008C058D058D058E058E058F058F059005FD
:103F2C0090059105910592059205930593059405CD
:103F3C00940595059505960596059705970598059D
:103F4C009805990599059A059A059B059B059C056D
:103F5C009C059D059D059E059E059F059F05A0053D
:103F6C00A005A105A105A205A205A305A305A4050D
:103F7C00A405A505A505A605A605A705A705A805DD
:103F8C00A805A905A905AA05AA05AB05AB05AC05AD
:103F9C00AC05AD05AD05AE05AE05AF05AF05B0057D
:103FAC00B005B105B105B205B205B305B305B4054D
:103FBC00B405B505B505B605B605B705B705B8051D
:103FCC00B805B905B905BA05BA05BB05BB05BC05ED
:103FDC00BC05BD05BD05BE05BE05BF05BF05C005BD
:103FEC00C005C105C105C205C205C305C305C4058D
:103FFC00C405C505C505C605C605C705C705C8055D
:10400C00C805C905C905CA05CA05CB05CB05CC052C
:10401C00CC05CD05CD05CE05CE05CF05CF05D005FC
:10402C00D005D105D105D205D205D305D305D405CC
:10403C00D405D505D505D605D605D705D705D8059C
:10404C00D805D905D905DA05DA05DB05DB05DC056C
:10405C00DC05DD05DD05DE05DE05DF05DF05E0053C
:10406C00E005E105E105E205E205E305E305E4050C
:10407C00E405E505E505E605E605E705E705E805DC
:10408C00E805E905E905EA05EA05EB05EB05EC05AC
:10409C00EC05ED05ED05EE05EE05EF05EF05F0057C
:1040AC00F005F105F105F205F205F305F305F4054C
:1040BC00F405F505F505F605F605F705F705F8051C
:1040CC00F805F905F905FA05FA05FB05FB05FC05EC
:1040DC00FC05FD05FD05FE05FE05FF05FF050006BB
:1040EC000006010601060206020603060306040684
:1040FC000406050605060606060607060706080654
:10410C000806090609060A060A060B060B060C0623
:10411C000C060D060D060E060E060F060F061006F3
:10412C0010061106110612061206130613061406C3
:10413C001406150615061606160617061706180693
:10414C001806190619061A061A061B061B061C0663
:10415C001C061D061D061E061E061F061F06200633
:10416C002006210621062206220623062306240603
:10417C0024062506250626062606270627062806D3
:10418C002806290629062A062A062B062B062C06A3
:10419C002C062D062D062E062E062F062F06300673
:1041AC003006310631063206320633063306340643
:1041BC003406350635063606360637063706380613
:1041CC003806390639063A063A063B063B063C06E3
:1041DC003C063D063D063E063E063F063F064006B3
:1041EC004006410641064206420643064306440683
:1041FC004406450645064606460647064706480653
:10420C004806490649064A064A064B064B064C0622
:10421C004C064D064D064E064E064F064F065006F2
:10422C0050065106510652065206530653065406C2
:10423C005406550655065606560657065706580692
:10424C005806590659065A065A065B065B065C0662
:10425C005C065D065D065E065E065F065F06600632
:10426C006006610661066206620663066306640602
:10427C0064066506650666066606670667066806D2
:10428C006806690669066A066A066B066B066C06A2
:10429C006C066D066D066E066E066F066F06700672
:1042AC007006710671067206720673067306740642
:1042BC007406750675067606760677067706780612
:1042CC007806790679067A067A067B067B067C06E2
:1042DC007C067D067D067E067E067F067F068006B2
:1042EC008006810681068206820683068306840682
:1042FC008406850685068606860687068706880652
:10430C008806890689068A068A068B068B068C0621
:10431C008C068D068D068E068E068F068F069006F1
:10432C0090069106910692069206930693069406C1
:10433C009406950695069606960697069706980691
:10434C009806990699069A069A069B069B069C0661
:10435C009C069D069D069E069E069F069F06A00631
:10436C00A006A106A106A206A206A306A306A40601
:10437C00A406A506A506A606A606A706A706A806D1
:10438C00A806A906A906AA06AA06AB06AB06AC06A1
:10439C00AC06AD06AD06AE06AE06AF06AF06B00671
:1043AC00B006B106B106B206B206B306B306B40641
:1043BC00B406B506B506B606B606B706B706B80611
:1043CC00B806B906B906BA06BA06BB06BB06BC06E1
:1043DC00BC06BD06BD06BE06BE06BF06BF06C006B1
:1043EC00C006C106C106C206C206C306C306C40681
:1043FC00C406C506C506C606C606C706C706C80651
:10440C00C806C906C906CA06CA06CB06CB06CC0620
:10441C00CC06CD06CD06CE06CE06CF06CF06D006F0
:10442C00D006D106D106D206D206D306D306D406C0
:10443C00D406D506D506D606D606D706D706D80690
:10444C00D806D906D906DA06DA06DB06DB06DC0660
:10445C00DC06DD06DD06DE06DE06DF06DF06E00630
:10446C00E006E106E106E206E206E306E306E40600
:10447C00E406E506E506E606E606E706E706E806D0
:10448C00E806E906E906EA06EA06EB06EB06EC06A0
:10449C00EC06ED06ED06EE06EE06EF06EF06F00670
:1044AC00F006F106F106F206F206F306F306F40640
:1044BC00F406F506F506F606F606F706F706F80610
:1044CC00F806F906F906FA06FA06FB06FB06FC06E0
:1044DC00FC06FD06FD06FE06FE06FF06FF060007AF
:1044EC000007010701070207020703070307040778
:1044FC000407050705070607060707070707080748
:10450C000807090709070A070A070B070B070C0717
:10451C000C070D070D070E070E070F070F071007E7
:10452C0010071107110712071207130713071407B7
:10453C001407150715071607160717071707180787
:10454C001807190719071A071A071B071B071C0757
:10455C001C071D071D071E071E071F071F07200727
:10456C0020072107210722072207230723072407F7
:10457C0024072507250726072607270727072807C7
:10458C002807290729072A072A072B072B072C0797
:10459C002C072D072D072E072E072F072F07300767
:1045AC003007310731073207320733073307340737
:1045BC003407350735073607360737073707380707
:1045CC003807390739073A073A073B073B073C07D7
:1045DC003C073D073D073E073E073F073F074007A7
:1045EC004007410741074207420743074307440777
:1045FC004407450745074607460747074707480747
:10460C004807490749074A074A074B074B074C0716
:10461C004C074D074D074E074E074F074F075007E6
:10462C0050075107510752075207530753075407B6
:10463C005407550755075607560757075707580786
:10464C005807590759075A075A075B075B075C0756
:10465C005C075D075D075E075E075F075F07600726
:10466C0060076107610762076207630763076407F6
:10467C0064076507650766076607670767076807C6
:10468C006807690769076A076A076B076B076C0796
:10469C006C076D076D076E076E076F076F07700766
:1046AC007007710771077207720773077307740736
:1046BC007407750775077607760777077707780706
:1046CC007807790779077A077A077B077B077C07D6
:1046DC007C077D077D077E077E077F077F078007A6
:1046EC008007810781078207820783078307840776
:1046FC008407850785078607860787078707880746
:10470C008807890789078A078A078B078B078C0715
:10471C008C078D078D078E078E078F078F079007E5
:10472C0090079107910792079207930793079407B5
:10473C009407950795079607960797079707980785
:10474C009807990799079A079A079B079B079C0755
:10475C009C079D079D079E079E079F079F07A00725
:10476C00A007A107A107A207A207A307A307A407F5
:10477C00A407A507A507A607A607A707A707A807C5
:10478C00A807A907A907AA07AA07AB07AB07AC0795
:10479C00AC07AD07AD07AE07AE07AF07AF07B00765
:1047AC00B007B107B107B207B207B307B307B40735
:1047BC00B407B507B507B607B607B707B707B80705
:1047CC00B807B907B907BA07BA07BB07BB07BC07D5
:1047DC00BC07BD07BD07BE07BE07BF07BF07C007A5
:1047EC00C007C107C107C207C207C307C307C40775
:1047FC00C407C507C507C607C607C707C707C80745
:10480C00C807C907C907CA07CA07CB07CB07CC0714
:10481C00CC07CD07CD07CE07CE07CF07CF07D007E4
:10482C00D007D107D107D207D207D307D307D407B4
:10483C00D407D507D507D607D607D707D707D80784
:10484C00D807D907D907DA07DA07DB07DB07DC0754
:10485C00DC07DD07DD07DE07DE07DF07DF07E00724
:10486C00E007E107E107E207E207E307E307E407F4
:10487C00E407E507E507E607E607E707E707E807C4
:10488C00E807E907E907EA07EA07EB07EB07EC0794
:10489C00EC07ED07ED07EE07EE07EF07EF07F00764
:1048AC00F007F107F107F207F207F307F307F40734
:1048BC00F407F507F507F607F607F707F707F80704
:1048CC00F807F907F907FA07FA07FB07FB07FC07D4
:1048DC00FC07FD07FD07FE07FE07FF07FF07FF07A5
:1048EC000008000801080108020802080308030870
:1048FC000408040805080508060806080708070840
:10490C0008080808090809080A080A080B080B080F
:10491C000C080C080D080D080E080E080F080F08DF
:10492C0010081008110811081208120813081308AF
:10493C00140814081508150816081608170817087F
:10494C0018081808190819081A081A081B081B084F
:10495C001C081C081D081D081E081E081F081F081F
:10496C0020082008210821082208220823082308EF
:10497C0024082408250825082608260827082708BF
:10498C0028082808290829082A082A082B082B088F
:10499C002C082C082D082D082E082E082F082F085F
:1049AC00300830083108310832083208330833082F
:1049BC0034083408350835083608360837083708FF
:1049CC0038083808390839083A083A083B083B08CF
:1049DC003C083C083D083D083E083E083F083F089F
:1049EC00400840084108410842084208430843086F
:1049FC00440844084508450846084608470847083F
:104A0C0048084808490849084A084A084B084B080E
:104A1C004C084C084D084D084E084E084F084F08DE
:104A2C0050085008510851085208520853085308AE
:104A3C00540854085508550856085608570857087E
:104A4C0058085808590859085A085A085B085B084E
:104A5C005C085C085D085D085E085E085F085F081E
:104A6C0060086008610861086208620863086308EE
:104A7C0064086408650865086608660867086708BE
:104A8C0068086808690869086A086A086B086B088E
:104A9C006C086C086D086D086E086E086F086F085E
:104AAC00700870087108710872087208730873082E
:104ABC0074087408750875087608760877087708FE
:104ACC0078087808790879087A087A087B087B08CE
:104ADC007C087C087D087D087E087E087F087F089E
:104AEC00800880088108810882088208830883086E
:104AFC00840884088508850886088608870887083E
:104B0C0088088808890889088A088A088B088B080D
:104B1C008C088C088D088D088E088E088F088F08DD
:104B2C0090089008910891089208920893089308AD
:104B3C00940894089508950896089608970897087D
:104B4C0098089808990899089A089A089B089B084D
:104B5C009C089C089D089D089E089E089F089F081D
:104B6C00A008A008A108A108A208A208A308A308ED
:104B7C00A408A408A508A508A608A608A708A708BD
:104B8C00A808A808A908A908AA08AA08AB08AB088D
:104B9C00AC08AC08AD08AD08AE08AE08AF08AF085D
:104BAC00B008B008B108B108B208B208B308B3082D
:104BBC00B408B408B508B508B608B608B708B708FD
:104BCC00B808B808B908B908BA08BA08BB08BB08CD
:104BDC00BC08BC08BD08BD08BE08BE08BF08BF089D
:104BEC00C008C008C108C108C208C208C308C3086D
:104BFC00C408C408C508C508C608C608C708C7083D
:104C0C00C808C808C908C908CA08CA08CB08CB080C
:104C1C00CC08CC08CD08CD08CE08CE08CF08CF08DC
:104C2C00D008D008D108D108D208D208D308D308AC
:104C3C00D408D408D508D508D608D608D708D7087C
:104C4C00D808D808D908D908DA08DA08DB08DB084C
:104C5C00DC08DC08DD08DD08DE08DE08DF08DF081C
:104C6C00E008E008E108E108E208E208E308E308EC
:104C7C00E408E408E508E508E608E608E708E708BC
:104C8C00E808E808E908E908EA08EA08EB08EB088C
:104C9C00EC08EC08ED08ED08EE08EE08EF08EF085C
:104CAC00F008F008F108F108F208F208F308F3082C
:104CBC00F408F408F508F508F608F608F708F708FC
:104CCC00F808F808F908F908FA08FA08FB08FB08CC
:104CDC00FC08FC08FD08FD08FE08FE08FF08FF089C
:104CEC000009000901090109020902090309030964
:104CFC000409040905090509060906090709070934
:104D0C0008090809090909090A090A090B090B0903
:104D1C000C090C090D090D090E090E090F090F09D3
:104D2C0010091009110911091209120913091309A3
:104D3C001409140915091509160916091709170973
:104D4C0018091809190919091A091A091B091B0943
:104D5C001C091C091D091D091E091E091F091F0913
:104D6C0020092009210921092209220923092309E3
:104D7C0024092409250925092609260927092709B3
:104D8C0028092809290929092A092A092B092B0983
:104D9C002C092C092D092D092E092E092F092F0953
:104DAC003009300931093109320932093309330923
:104DBC0034093409350935093609360937093709F3
:104DCC0038093809390939093A093A093B093B09C3
:104DDC003C093C093D093D093E093E093F093F0993
:104DEC004009400941094109420942094309430963
:104DFC004409440945094509460946094709470933
:104E0C0048094809490949094A094A094B094B0902
:104E1C004C094C094D094D094E094E094F094F09D2
:104E2C0050095009510951095209520953095309A2
:104E3C005409540955095509560956095709570972
:104E4C0058095809590959095A095A095B095B0942
:104E5C005C095C095D095D095E095E095F095F0912
:104E6C0060096009610961096209620963096309E2
:104E7C0064096409650965096609660967096709B2
:104E8C0068096809690969096A096A096B096B0982
:104E9C006C096C096D096D096E096E096F096F0952
:104EAC007009700971097109720972097309730922
:104EBC0074097409750975097609760977097709F2
:104ECC0078097809790979097A097A097B097B09C2
:104EDC007C097C097D097D097E097E097F097F0992
:104EEC008009800981098109820982098309830962
:104EFC008409840985098509860986098709870932
:104F0C0088098809890989098A098A098B098B0901
:104F1C008C098C098D098D098E098E098F098F09D1
:104F2C0090099009910991099209920993099309A1
:104F3C009409940995099509960996099709970971
:104F4C0098099809990999099A099A099B099B0941
:104F5C009C099C099D099D099E099E099F099F0911
:104F6C00A009A009A109A109A209A209A309A309E1
:104F7C00A409A409A509A509A609A609A709A709B1
:104F8C00A809A809A909A909AA09AA09AB09AB0981
:104F9C00AC09AC09AD09AD09AE09AE09AF09AF0951
:104FAC00B009B009B109B109B209B209B309B30921
:104FBC00B409B409B509B509B609B609B709B709F1
:104FCC00B809B809B909B909BA09BA09BB09BB09C1
:104FDC00BC09BC09BD09BD09BE09BE09BF09BF0991
:104FEC00C009C009C109C109C209C209C309C30961
:104FFC00C409C409C509C509C609C609C709C70931
:10500C00C809C809C909C909CA09CA09CB09CB0900
:10501C00CC09CC09CD09CD09CE09CE09CF09CF09D0
:10502C00D009D009D109D109D209D209D309D309A0
:10503C00D409D409D509D509D609D609D709D70970
:10504C00D809D809D909D909DA09DA09DB09DB0940
:10505C00DC09DC09DD09DD09DE09DE09DF09DF0910
:10506C00E009E009E109E109E209E209E309E309E0
:10507C00E409E409E509E509E609E609E709E709B0
:10508C00E809E809E909E909EA09EA09EB09EB0980
:10509C00EC09EC09ED09ED09EE09EE09EF09EF0950
:1050AC00F009F009F109F109F209F209F309F30920
:1050BC00F409F409F509F509F609F609F709F709F0
:1050CC00F809F809F909F909FA09FA09FB09FB09C0
:1050DC00FC09FC09FD09FD09FE09FE09FF09FF0990
:1050EC00000A000A010A010A020A020A030A030A58
:1050FC00040A040A050A050A060A060A070A070A28
:10510C00080A080A090A090A0A0A0A0A0B0A0B0AF7
:10511C000C0A0C0A0D0A0D0A0E0A0E0A0F0A0F0AC7
:10512C00100A100A110A110A120A120A130A130A97
:10513C00140A140A150A150A160A160A170A170A67
:10514C00180A180A190A190A1A0A1A0A1B0A1B0A37
:10515C001C0A1C0A1D0A1D0A1E0A1E0A1F0A1F0A07
:10516C00200A200A210A210A220A220A230A230AD7
:10517C00240A240A250A250A260A260A270A270AA7
:10518C00280A280A290A290A2A0A2A0A2B0A2B0A77
:10519C002C0A2C0A2D0A2D0A2E0A2E0A2F0A2F0A47
:1051AC00300A300A310A310A320A320A330A330A17
:1051BC00340A340A350A350A360A360A370A370AE7
:1051CC00380A380A390A390A3A0A3A0A3B0A3B0AB7
:1051DC003C0A3C0A3D0A3D0A3E0A3E0A3F0A3F0A87
:1051EC00400A400A410A410A420A420A430A430A57
:1051FC00440A440A450A450A460A460A470A470A27
:10520C00480A480A490A490A4A0A4A0A4B0A4B0AF6
:10521C004C0A4C0A4D0A4D0A4E0A4E0A4F0A4F0AC6
:10522C00500A500A510A510A520A520A530A530A96
:10523C00540A540A550A550A560A560A570A570A66
:10524C00580A580A590A590A5A0A5A0A5B0A5B0A36
:10525C005C0A5C0A5D0A5D0A5E0A5E0A5F0A5F0A06
:10526C00600A600A610A610A620A620A630A630AD6
:10527C00640A640A650A650A660A660A670A670AA6
:10528C00680A680A690A690A6A0A6A0A6B0A6B0A76
:10529C006C0A6C0A6D0A6D0A6E0A6E0A6F0A6F0A46
:1052AC00700A700A710A710A720A720A730A730A16
:1052BC00740A740A750A750A760A760A770A770AE6
:1052CC00780A780A790A790A7A0A7A0A7B0A7B0AB6
:1052DC007C0A7C0A7D0A7D0A7E0A7E0A7F0A7F0A86
:1052EC00800A800A810A810A820A820A830A830A56
:1052FC00840A840A850A850A860A860A870A870A26
:10530C00880A880A890A890A8A0A8A0A8B0A8B0AF5
:10531C008C0A8C0A8D0A8D0A8E0A8E0A8F0A8F0AC5
:10532C00900A900A910A910A920A920A930A930A95
:10533C00940A940A950A950A960A960A970A970A65
:10534C00980A980A990A990A9A0A9A0A9B0A9B0A35
:10535C009C0A9C0A9D0A9D0A9E0A9E0A9F0A9F0A05
:10536C00A00AA00AA10AA10AA20AA20AA30AA30AD5
:10537C00A40AA40AA50AA50AA60AA60AA70AA70AA5
:10538C00A80AA80AA90AA90AAA0AAA0AAB0AAB0A75
:10539C00AC0AAC0AAD0AAD0AAE0AAE0AAF0AAF0A45
:1053AC00B00AB00AB10AB10AB20AB20AB30AB30A15
:1053BC00B40AB40AB50AB50AB60AB60AB70AB70AE5
:1053CC00B80AB80AB90AB90ABA0ABA0ABB0ABB0AB5
:1053DC00BC0ABC0ABD0ABD0ABE0ABE0ABF0ABF0A85
:1053EC00C00AC00AC10AC10AC20AC20AC30AC30A55
:1053FC00C40AC40AC50AC50AC60AC60AC70AC70A25
:10540C00C80AC80AC90AC90ACA0ACA0ACB0ACB0AF4
:10541C00CC0ACC0ACD0ACD0ACE0ACE0ACF0ACF0AC4
:10542C00D00AD00AD10AD10AD20AD20AD30AD30A94
:10543C00D40AD40AD50AD50AD60AD60AD70AD70A64
:10544C00D80AD80AD90AD90ADA0ADA0ADB0ADB0A34
:10545C00DC0ADC0ADD0ADD0ADE0ADE0ADF0ADF0A04
:10546C00E00AE00AE10AE10AE20AE20AE30AE30AD4
:10547C00E40AE40AE50AE50AE60AE60AE70AE70AA4
:10548C00E80AE80AE90AE90AEA0AEA0AEB0AEB0A74
:10549C00EC0AEC0AED0AED0AEE0AEE0AEF0AEF0A44
:1054AC00F00AF00AF10AF10AF20AF20AF30AF30A14
:1054BC00F40AF40AF50AF50AF60AF60AF70AF70AE4
:1054CC00F80AF80AF90AF90AFA0AFA0AFB0AFB0AB4
:1054DC00FC0AFC0AFD0AFD0AFE0AFE0AFF0AFF0A84
:1054EC00000B000B010B010B020B020B030B030B4C
:1054FC00040B040B050B050B060B060B070B070B1C
:10550C00080B080B090B090B0A0B0A0B0B0B0B0BEB
:10551C000C0B0C0B0D0B0D0B0E0B0E0B0F0B0F0BBB
:10552C00100B100B110B110B120B120B130B130B8B
:10553C00140B140B150B150B160B160B170B170B5B
:10554C00180B180B190B190B1A0B1A0B1B0B1B0B2B
:10555C001C0B1C0B1D0B1D0B1E0B1E0B1F0B1F0BFB
:10556C00200B200B210B210B220B220B230B230BCB
:10557C00240B240B250B250B260B260B270B270B9B
:10558C00280B280B290B290B2A0B2A0B2B0B2B0B6B
:10559C002C0B2C0B2D0B2D0B2E0B2E0B2F0B2F0B3B
:1055AC00300B300B310B310B320B320B330B330B0B
:1055BC00340B340B350B350B360B360B370B370BDB
:1055CC00380B380B390B390B3A0B3A0B3B0B3B0BAB
:1055DC003C0B3C0B3D0B3D0B3E0B3E0B3F0B3F0B7B
:1055EC00400B400B410B410B420B420B430B430B4B
:1055FC00440B440B450B450B460B460B470B470B1B
:10560C00480B480B490B490B4A0B4A0B4B0B4B0BEA
:10561C004C0B4C0B4D0B4D0B4E0B4E0B4F0B4F0BBA
:10562C00500B500B510B510B520B520B530B530B8A
:10563C00540B540B550B550B560B560B570B570B5A
:10564C00580B580B590B590B5A0B5A0B5B0B5B0B2A
:10565C005C0B5C0B5D0B5D0B5E0B5E0B5F0B5F0BFA
:10566C00600B600B610B610B620B620B630B630BCA
:10567C00640B640B650B650B660B660B670B670B9A
:10568C00680B680B690B690B6A0B6A0B6B0B6B0B6A
:10569C006C0B6C0B6D0B6D0B6E0B6E0B6F0B6F0B3A
:1056AC00700B700B710B710B720B720B730B730B0A
:1056BC00740B740B750B750B760B760B770B770BDA
:1056CC00780B780B790B790B7A0B7A0B7B0B7B0BAA
:1056DC007C0B7C0B7D0B7D0B7E0B7E0B7F0B7F0B7A
:1056EC00800B800B810B810B820B820B830B830B4A
:1056FC00840B840B850B850B860B860B870B870B1A
:10570C00880B880B890B890B8A0B8A0B8B0B8B0BE9
:10571C008C0B8C0B8D0B8D0B8E0B8E0B8F0B8F0BB9
:10572C00900B900B910B910B920B920B930B930B89
:10573C00940B940B950B950B960B960B970B970B59
:10574C00980B980B990B990B9A0B9A0B9B0B9B0B29
:10575C009C0B9C0B9D0B9D0B9E0B9E0B9F0B9F0BF9
:10576C00A00BA00BA10BA10BA20BA20BA30BA30BC9
:10577C00A40BA40BA50BA50BA60BA60BA70BA70B99
:10578C00A80BA80BA90BA90BAA0BAA0BAB0BAB0B69
:10579C00AC0BAC0BAD0BAD0BAE0BAE0BAF0BAF0B39
:1057AC00B00BB00BB10BB10BB20BB20BB30BB30B09
:1057BC00B40BB40BB50BB50BB60BB60BB70BB70BD9
:1057CC00B80BB80BB90BB90BBA0BBA0BBB0BBB0BA9
:1057DC00BC0BBC0BBD0BBD0BBE0BBE0BBF0BBF0B79
:1057EC00C00BC00BC10BC10BC20BC20BC30BC30B49
:1057FC00C40BC40BC50BC50BC60BC60BC70BC70B19
:10580C00C80BC80BC90BC90BCA0BCA0BCB0BCB0BE8
:10581C00CC0BCC0BCD0BCD0BCE0BCE0BCF0BCF0BB8
:10582C00D00BD00BD10BD10BD20BD20BD30BD30B88
:10583C00D40BD40BD50BD50BD60BD60BD70BD70B58
:10584C00D80BD80BD90BD90BDA0BDA0BDB0BDB0B28
:10585C00DC0BDC0BDD0BDD0BDE0BDE0BDF0BDF0BF8
:10586C00E00BE00BE10BE10BE20BE20BE30BE30BC8
:10587C00E40BE40BE50BE50BE60BE60BE70BE70B98
:10588C00E80BE80BE90BE90BEA0BEA0BEB0BEB0B68
:10589C00EC0BEC0BED0BED0BEE0BEE0BEF0BEF0B38
:1058AC00F00BF00BF10BF10BF20BF20BF30BF30B08
:1058BC00F40BF40BF50BF50BF60BF60BF70BF70BD8
:1058CC00F80BF80BF90BF90BFA0BFA0BFB0BFB0BA8
:1058DC00FC0BFC0BFD0BFD0BFE0BFE0BFF0BFF0B78
:1058EC00000C000C010C010C020C020C030C030C40
:1058FC00040C040C050C050C060C060C070C070C10
:10590C00080C080C090C090C0A0C0A0C0B0C0B0CDF
:10591C000C0C0C0C0D0C0D0C0E0C0E0C0F0C0F0CAF
:10592C00100C100C110C110C120C120C130C130C7F
:10593C00140C140C150C150C160C160C170C170C4F
:10594C00180C180C190C190C1A0C1A0C1B0C1B0C1F
:10595C001C0C1C0C1D0C1D0C1E0C1E0C1F0C1F0CEF
:10596C00200C200C210C210C220C220C230C230CBF
:10597C00240C240C250C250C260C260C270C270C8F
:10598C00280C280C290C290C2A0C2A0C2B0C2B0C5F
:10599C002C0C2C0C2D0C2D0C2E0C2E0C2F0C2F0C2F
:1059AC00300C300C310C310C320C320C330C330CFF
:1059BC00340C340C350C350C360C360C370C370CCF
:1059CC00380C380C390C390C3A0C3A0C3B0C3B0C9F
:1059DC003C0C3C0C3D0C3D0C3E0C3E0C3F0C3F0C6F
:1059EC00400C400C410C410C420C420C430C430C3F
:1059FC00440C440C450C450C460C460C470C470C0F
:105A0C00480C480C490C490C4A0C4A0C4B0C4B0CDE
:105A1C004C0C4C0C4D0C4D0C4E0C4E0C4F0C4F0CAE
:105A2C00500C500C510C510C520C520C530C530C7E
:105A3C00540C540C550C550C560C560C570C570C4E
:105A4C00580C580C590C590C5A0C5A0C5B0C5B0C1E
:105A5C005C0C5C0C5D0C5D0C5E0C5E0C5F0C5F0CEE
:105A6C00600C600C610C610C620C620C630C630CBE
:105A7C00640C640C650C650C660C660C670C670C8E
:105A8C00680C680C690C690C6A0C6A0C6B0C6B0C5E
:105A9C006C0C6C0C6D0C6D0C6E0C6E0C6F0C6F0C2E
:105AAC00700C700C710C710C720C720C730C730CFE
:105ABC00740C740C750C750C760C760C770C770CCE
:105ACC00780C780C790C790C7A0C7A0C7B0C7B0C9E
:105ADC007C0C7C0C7D0C7D0C7E0C7E0C7F0C7F0C6E
:105AEC00800C800C810C810C820C820C830C830C3E
:105AFC00840C840C850C850C860C860C870C870C0E
:105B0C00880C880C890C890C8A0C8A0C8B0C8B0CDD
:105B1C008C0C8C0C8D0C8D0C8E0C8E0C8F0C8F0CAD
:105B2C00900C900C910C910C920C920C930C930C7D
:105B3C00940C940C950C950C960C960C970C970C4D
:105B4C00980C980C990C990C9A0C9A0C9B0C9B0C1D
:105B5C009C0C9C0C9D0C9D0C9E0C9E0C9F0C9F0CED
:105B6C00A00CA00CA10CA10CA20CA20CA30CA30CBD
:105B7C00A40CA40CA50CA50CA60CA60CA70CA70C8D
:105B8C00A80CA80CA90CA90CAA0CAA0CAB0CAB0C5D
:105B9C00AC0CAC0CAD0CAD0CAE0CAE0CAF0CAF0C2D
:105BAC00B00CB00CB10CB10CB20CB20CB30CB30CFD
:105BBC00B40CB40CB50CB50CB60CB60CB70CB70CCD
:105BCC00B80CB80CB90CB90CBA0CBA0CBB0CBB0C9D
:105BDC00BC0CBC0CBD0CBD0CBE0CBE0CBF0CBF0C6D
:105BEC00C00CC00CC10CC10CC20CC20CC30CC30C3D
:105BFC00C40CC40CC50CC50CC60CC60CC70CC70C0D
:105C0C00C80CC80CC90CC90CCA0CCA0CCB0CCB0CDC
:105C1C00CC0CCC0CCD0CCD0CCE0CCE0CCF0CCF0CAC
:105C2C00D00CD00CD10CD10CD20CD20CD30CD30C7C
:105C3C00D40CD40CD50CD50CD60CD60CD70CD70C4C
:105C4C00D80CD80CD90CD90CDA0CDA0CDB0CDB0C1C
:105C5C00DC0CDC0CDD0CDD0CDE0CDE0CDF0CDF0CEC
:105C6C00E00CE00CE10CE10CE20CE20CE30CE30CBC
:105C7C00E40CE40CE50CE50CE60CE60CE70CE70C8C
:105C8C00E80CE80CE90CE90CEA0CEA0CEB0CEB0C5C
:105C9C00EC0CEC0CED0CED0CEE0CEE0CEF0CEF0C2C
:105CAC00F00CF00CF10CF10CF20CF20CF30CF30CFC
:105CBC00F40CF40CF50CF50CF60CF60CF70CF70CCC
:105CCC00F80CF80CF90CF90CFA0CFA0CFB0CFB0C9C
:105CDC00FC0CFC0CFD0CFD0CFE0CFE0CFF0CFF0C6C
:105CEC00000D000D010D010D020D020D030D030D34
:105CFC00040D040D050D050D060D060D070D070D04
:105D0C00080D080D090D090D0A0D0A0D0B0D0B0DD3
:105D1C000C0D0C0D0D0D0D0D0E0D0E0D0F0D0F0DA3
:105D2C00100D100D110D110D120D120D130D130D73
:105D3C00140D140D150D150D160D160D170D170D43
:105D4C00180D180D190D190D1A0D1A0D1B0D1B0D13
:105D5C001C0D1C0D1D0D1D0D1E0D1E0D1F0D1F0DE3
:105D6C00200D200D210D210D220D220D230D230DB3
:105D7C00240D240D250D250D260D260D270D270D83
:105D8C00280D280D290D290D2A0D2A0D2B0D2B0D53
:105D9C002C0D2C0D2D0D2D0D2E0D2E0D2F0D2F0D23
:105DAC00300D300D310D310D320D320D330D330DF3
:105DBC00340D340D350D350D360D360D370D370DC3
:105DCC00380D380D390D390D3A0D3A0D3B0D3B0D93
:105DDC003C0D3C0D3D0D3D0D3E0D3E0D3F0D3F0D63
:105DEC00400D400D410D410D420D420D430D430D33
:105DFC00440D440D450D450D460D460D470D470D03
:105E0C00480D480D490D490D4A0D4A0D4B0D4B0DD2
:105E1C004C0D4C0D4D0D4D0D4E0D4E0D4F0D4F0DA2
:105E2C00500D500D510D510D520D520D530D530D72
:105E3C00540D540D550D550D560D560D570D570D42
:105E4C00580D580D590D590D5A0D5A0D5B0D5B0D12
:105E5C005C0D5C0D5D0D5D0D5E0D5E0D5F0D5F0DE2
:105E6C00600D600D610D610D620D620D630D630DB2
:105E7C00640D640D650D650D660D660D670D670D82
:105E8C00680D680D690D690D6A0D6A0D6B0D6B0D52
:105E9C006C0D6C0D6D0D6D0D6E0D6E0D6F0D6F0D22
:105EAC00700D700D710D710D720D720D730D730DF2
:105EBC00740D740D750D750D760D760D770D770DC2
:105ECC00780D780D790D790D7A0D7A0D7B0D7B0D92
:105EDC007C0D7C0D7D0D7D0D7E0D7E0D7F0D7F0D62
:105EEC00800D800D810D810D820D820D830D830D32
:105EFC00840D840D850D850D860D860D870D870D02
:105F0C00880D880D890D890D8A0D8A0D8B0D8B0DD1
:105F1C008C0D8C0D8D0D8D0D8E0D8E0D8F0D8F0DA1
:105F2C00900D900D910D910D920D920D930D930D71
:105F3C00940D940D950D950D960D960D970D970D41
:105F4C00980D980D990D990D9A0D9A0D9B0D9B0D11
:105F5C009C0D9C0D9D0D9D0D9E0D9E0D9F0D9F0DE1
:105F6C00A00DA00DA10DA10DA20DA20DA30DA30DB1
:105F7C00A40DA40DA50DA50DA60DA60DA70DA70D81
:105F8C00A80DA80DA90DA90DAA0DAA0DAB0DAB0D51
:105F9C00AC0DAC0DAD0DAD0DAE0DAE0DAF0DAF0D21
:105FAC00B00DB00DB10DB10DB20DB20DB30DB30DF1
:105FBC00B40DB40DB50DB50DB60DB60DB70DB70DC1
:105FCC00B80DB80DB90DB90DBA0DBA0DBB0DBB0D91
:105FDC00BC0DBC0DBD0DBD0DBE0DBE0DBF0DBF0D61
:105FEC00C00DC00DC10DC10DC20DC20DC30DC30D31
:105FFC00C40DC40DC50DC50DC60DC60DC70DC70D01
:10600C00C80DC80DC90DC90DCA0DCA0DCB0DCB0DD0
:10601C00CC0DCC0DCD0DCD0DCE0DCE0DCF0DCF0DA0
:10602C00D00DD00DD10DD10DD20DD20DD30DD30D70
:10603C00D40DD40DD50DD50DD60DD60DD70DD70D40
:10604C00D80DD80DD90DD90DDA0DDA0DDB0DDB0D10
:10605C00DC0DDC0DDD0DDD0DDE0DDE0DDF0DDF0DE0
:10606C00E00DE00DE10DE10DE20DE20DE30DE30DB0
:10607C00E40DE40DE50DE50DE60DE60DE70DE70D80
:10608C00E80DE80DE90DE90DEA0DEA0DEB0DEB0D50
:10609C00EC0DEC0DED0DED0DEE0DEE0DEF0DEF0D20
:1060AC00F00DF00DF10DF10DF20DF20DF30DF30DF0
:1060BC00F40DF40DF50DF50DF60DF60DF70DF70DC0
:1060CC00F80DF80DF90DF90DFA0DFA0DFB0DFB0D90
:1060DC00FC0DFC0DFD0DFD0DFE0DFE0DFF0DFF0D60
:1060EC00000E000E010E010E020E020E030E030E28
:1060FC00040E040E050E050E060E060E070E070EF8
:10610C00080E080E090E090E0A0E0A0E0B0E0B0EC7
:10611C000C0E0C0E0D0E0D0E0E0E0E0E0F0E0F0E97
:10612C00100E100E110E110E120E120E130E130E67
:10613C00140E140E150E150E160E160E170E170E37
:10614C00180E180E190E190E1A0E1A0E1B0E1B0E07
:10615C001C0E1C0E1D0E1D0E1E0E1E0E1F0E1F0ED7
:10616C00200E200E210E210E220E220E230E230EA7
:10617C00240E240E250E250E260E260E270E270E77
:10618C00280E280E290E290E2A0E2A0E2B0E2B0E47
:10619C002C0E2C0E2D0E2D0E2E0E2E0E2F0E2F0E17
:1061AC00300E300E310E310E320E320E330E330EE7
:1061BC00340E340E350E350E360E360E370E370EB7
:1061CC00380E380E390E390E3A0E3A0E3B0E3B0E87
:1061DC003C0E3C0E3D0E3D0E3E0E3E0E3F0E3F0E57
:1061EC00400E400E410E410E420E420E430E430E27
:1061FC00440E440E450E450E460E460E470E470EF7
:10620C00480E480E490E490E4A0E4A0E4B0E4B0EC6
:10621C004C0E4C0E4D0E4D0E4E0E4E0E4F0E4F0E96
:10622C00500E500E510E510E520E520E530E530E66
:10623C00540E540E550E550E560E560E570E570E36
:10624C00580E580E590E590E5A0E5A0E5B0E5B0E06
:10625C005C0E5C0E5D0E5D0E5E0E5E0E5F0E5F0ED6
:10626C00600E600E610E610E620E620E630E630EA6
:10627C00640E640E650E650E660E660E670E670E76
:10628C00680E680E690E690E6A0E6A0E6B0E6B0E46
:10629C006C0E6C0E6D0E6D0E6E0E6E0E6F0E6F0E16
:1062AC00700E700E710E710E720E720E730E730EE6
:1062BC00740E740E750E750E760E760E770E770EB6
:1062CC00780E780E790E790E7A0E7A0E7B0E7B0E86
:1062DC007C0E7C0E7D0E7D0E7E0E7E0E7F0E7F0E56
:1062EC00800E800E810E810E820E820E830E830E26
:1062FC00840E840E850E850E860E860E870E870EF6
:10630C00880E880E890E890E8A0E8A0E8B0E8B0EC5
:10631C008C0E8C0E8D0E8D0E8E0E8E0E8F0E8F0E95
:10632C00900E900E910E910E920E920E930E930E65
:10633C00940E940E950E950E960E960E970E970E35
:10634C00980E980E990E990E9A0E9A0E9B0E9B0E05
:10635C009C0E9C0E9D0E9D0E9E0E9E0E9F0E9F0ED5
:10636C00A00EA00EA10EA10EA20EA20EA30EA30EA5
:10637C00A40EA40EA50EA50EA60EA60EA70EA70E75
:10638C00A80EA80EA90EA90EAA0EAA0EAB0EAB0E45
:10639C00AC0EAC0EAD0EAD0EAE0EAE0EAF0EAF0E15
:1063AC00B00EB00EB10EB10EB20EB20EB30EB30EE5
:1063BC00B40EB40EB50EB50EB60EB60EB70EB70EB5
:1063CC00B80EB80EB90EB90EBA0EBA0EBB0EBB0E85
:1063DC00BC0EBC0EBD0EBD0EBE0EBE0EBF0EBF0E55
:1063EC00C00EC00EC10EC10EC20EC20EC30EC30E25
:1063FC00C40EC40EC50EC50EC60EC60EC70EC70EF5
:10640C00C80EC80EC90EC90ECA0ECA0ECB0ECB0EC4
:10641C00CC0ECC0ECD0ECD0ECE0ECE0ECF0ECF0E94
:10642C00D00ED00ED10ED10ED20ED20ED30ED30E64
:10643C00D40ED40ED50ED50ED60ED60ED70ED70E34
:10644C00D80ED80ED90ED90EDA0EDA0EDB0EDB0E04
:10645C00DC0EDC0EDD0EDD0EDE0EDE0EDF0EDF0ED4
:10646C00E00EE00EE10EE10EE20EE20EE30EE30EA4
:10647C00E40EE40EE50EE50EE60EE60EE70EE70E74
:10648C00E80EE80EE90EE90EEA0EEA0EEB0EEB0E44
:10649C00EC0EEC0EED0EED0EEE0EEE0EEF0EEF0E14
:1064AC00F00EF00EF10EF10EF20EF20EF30EF30EE4
:1064BC00F40EF40EF50EF50EF60EF60EF70EF70EB4
:1064CC00F80EF80EF90EF90EFA0EFA0EFB0EFB0E84
:1064DC00FC0EFC0EFD0EFD0EFE0EFE0EFF0EFF0E54
:1064EC00000F000F010F010F020F020F030F030F1C
:1064FC00040F040F050F050F060F060F070F070FEC
:10650C00080F080F090F090F0A0F0A0F0B0F0B0FBB
:10651C000C0F0C0F0D0F0D0F0E0F0E0F0F0F0F0F8B
:10652C00100F100F110F110F120F120F130F130F5B
:10653C00140F140F150F150F160F160F170F170F2B
:10654C00180F180F190F190F1A0F1A0F1B0F1B0FFB
:10655C001C0F1C0F1D0F1D0F1E0F1E0F1F0F1F0FCB
:10656C00200F200F210F210F220F220F230F230F9B
:10657C00240F240F250F250F260F260F270F270F6B
:10658C00280F280F290F290F2A0F2A0F2B0F2B0F3B
:10659C002C0F2C0F2D0F2D0F2E0F2E0F2F0F2F0F0B
:1065AC00300F300F310F310F320F320F330F330FDB
:1065BC00340F340F350F350F360F360F370F370FAB
:1065CC00380F380F390F390F3A0F3A0F3B0F3B0F7B
:1065DC003C0F3C0F3D0F3D0F3E0F3E0F3F0F3F0F4B
:1065EC00400F400F410F410F420F420F430F430F1B
:1065FC00440F440F450F450F460F460F470F470FEB
:10660C00480F480F490F490F4A0F4A0F4B0F4B0FBA
:10661C004C0F4C0F4D0F4D0F4E0F4E0F4F0F4F0F8A
:10662C00500F500F510F510F520F520F530F530F5A
:10663C00540F540F550F550F560F560F570F570F2A
:10664C00580F580F590F590F5A0F5A0F5B0F5B0FFA
:10665C005C0F5C0F5D0F5D0F5E0F5E0F5F0F5F0FCA
:10666C00600F600F610F610F620F620F630F630F9A
:10667C00640F640F650F650F660F660F670F670F6A
:10668C00680F680F690F690F6A0F6A0F6B0F6B0F3A
:10669C006C0F6C0F6D0F6D0F6E0F6E0F6F0F6F0F0A
:1066AC00700F700F710F710F720F720F730F730FDA
:1066BC00740F740F750F750F760F760F770F770FAA
:1066CC00780F780F790F790F7A0F7A0F7B0F7B0F7A
:1066DC007C0F7C0F7D0F7D0F7E0F7E0F7F0F7F0F4A
:1066EC00800F800F810F810F820F820F830F830F1A
:1066FC00840F840F850F850F860F860F870F870FEA
:10670C00880F880F890F890F8A0F8A0F8B0F8B0FB9
:10671C008C0F8C0F8D0F8D0F8E0F8E0F8F0F8F0F89
:10672C00900F900F910F910F920F920F930F930F59
:10673C00940F940F950F950F960F960F970F970F29
:10674C00980F980F990F990F9A0F9A0F9B0F9B0FF9
:10675C009C0F9C0F9D0F9D0F9E0F9E0F9F0F9F0FC9
:10676C00A00FA00FA10FA10FA20FA20FA30FA30F99
:10677C00A40FA40FA50FA50FA60FA60FA70FA70F69
:10678C00A80FA80FA90FA90FAA0FAA0FAB0FAB0F39
:10679C00AC0FAC0FAD0FAD0FAE0FAE0FAF0FAF0F09
:1067AC00B00FB00FB10FB10FB20FB20FB30FB30FD9
:1067BC00B40FB40FB50FB50FB60FB60FB70FB70FA9
:1067CC00B80FB80FB90FB90FBA0FBA0FBB0FBB0F79
:1067DC00BC0FBC0FBD0FBD0FBE0FBE0FBF0FBF0F49
:1067EC00C00FC00FC10FC10FC20FC20FC30FC30F19
:1067FC00C40FC40FC50FC50FC60FC60FC70FC70FE9
:10680C00C80FC80FC90FC90FCA0FCA0FCB0FCB0FB8
:10681C00CC0FCC0FCD0FCD0FCE0FCE0FCF0FCF0F88
:10682C00D00FD00FD10FD10FD20FD20FD30FD30F58
:10683C00D40FD40FD50FD50FD60FD60FD70FD70F28
:10684C00D80FD80FD90FD90FDA0FDA0FDB0FDB0FF8
:10685C00DC0FDC0FDD0FDD0FDE0FDE0FDF0FDF0FC8
:10686C00E00FE00FE10FE10FE20FE20FE30FE30F98
:10687C00E40FE40FE50FE50FE60FE60FE70FE70F68
:10688C00E80FE80FE90FE90FEA0FEA0FEB0FEB0F38
:10689C00EC0FEC0FED0FED0FEE0FEE0FEF0FEF0F08
:1068AC00F00FF00FF10FF10FF20FF20FF30FF30FD8
:1068BC00F40FF40FF50FF50FF60FF60FF70FF70FA8
:1068CC00F80FF80FF90FF90FFA0FFA0FFB0FFB0F78
:1068DC00FC0FFC0FFD0FFD0FFE0FFE0FFF0FFE0F49
:1068EC00FE0FFD0FFD0FFC0FFC0FFB0FFB0FFA0F44
:1068FC00FA0FF90FF90FF80FF80FF70FF70FF60F54
:10690C00F60FF50FF50FF40FF40FF30FF30FF20F63
:10691C00F20FF10FF10FF00FF00FEF0FEF0FEE0F73
:10692C00EE0FED0FED0FEC0FEC0FEB0FEB0FEA0F83
:10693C00EA0FE90FE90FE80FE80FE70FE70FE60F93
:10694C00E60FE50FE50FE40FE40FE30FE30FE20FA3
:10695C00E20FE10FE10FE00FE00FDF0FDF0FDE0FB3
:10696C00DE0FDD0FDD0FDC0FDC0FDB0FDB0FDA0FC3
:10697C00DA0FD90FD90FD80FD80FD70FD70FD60FD3
:10698C00D60FD50FD50FD40FD40FD30FD30FD20FE3
:10699C00D20FD10FD10FD00FD00FCF0FCF0FCE0FF3
:1069AC00CE0FCD0FCD0FCC0FCC0FCB0FCB0FCA0F03
:1069BC00CA0FC90FC90FC80FC80FC70FC70FC60F13
:1069CC00C60FC50FC50FC40FC40FC30FC30FC20F23
:1069DC00C20FC10FC10FC00FC00FBF0FBF0FBE0F33
:1069EC00BE0FBD0FBD0FBC0FBC0FBB0FBB0FBA0F43
:1069FC00BA0FB90FB90FB80FB80FB70FB70FB60F53
:106A0C00B60FB50FB50FB40FB40FB30FB30FB20F62
:106A1C00B20FB10FB10FB00FB00FAF0FAF0FAE0F72
:106A2C00AE0FAD0FAD0FAC0FAC0FAB0FAB0FAA0F82
:106A3C00AA0FA90FA90FA80FA80FA70FA70FA60F92
:106A4C00A60FA50FA50FA40FA40FA30FA30FA20FA2
:106A5C00A20FA10FA10FA00FA00F9F0F9F0F9E0FB2
:106A6C009E0F9D0F9D0F9C0F9C0F9B0F9B0F9A0FC2
:106A7C009A0F990F990F980F980F970F970F960FD2
:106A8C00960F950F950F940F940F930F930F920FE2
:106A9C00920F910F910F900F900F8F0F8F0F8E0FF2
:106AAC008E0F8D0F8D0F8C0F8C0F8B0F8B0F8A0F02
:106ABC008A0F890F890F880F880F870F870F860F12
:106ACC00860F850F850F840F840F830F830F820F22
:106ADC00820F810F810F800F800F7F0F7F0F7E0F32
:106AEC007E0F7D0F7D0F7C0F7C0F7B0F7B0F7A0F42
:106AFC007A0F790F790F780F780F770F770F760F52
:106B0C00760F750F750F740F740F730F730F720F61
:106B1C00720F710F710F700F700F6F0F6F0F6E0F71
:106B2C006E0F6D0F6D0F6C0F6C0F6B0F6B0F6A0F81
:106B3C006A0F690F690F680F680F670F670F660F91
:106B4C00660F650F650F640F640F630F630F620FA1
:106B5C00620F610F610F600F600F5F0F5F0F5E0FB1
:106B6C005E0F5D0F5D0F5C0F5C0F5B0F5B0F5A0FC1
:106B7C005A0F590F590F580F580F570F570F560FD1
:106B8C00560F550F550F540F540F530F530F520FE1
:106B9C00520F510F510F500F500F4F0F4F0F4E0FF1
:106BAC004E0F4D0F4D0F4C0F4C0F4B0F4B0F4A0F01
:106BBC004A0F490F490F480F480F470F470F460F11
:106BCC00460F450F450F440F440F430F430F420F21
:106BDC00420F410F410F400F400F3F0F3F0F3E0F31
:106BEC003E0F3D0F3D0F3C0F3C0F3B0F3B0F3A0F41
:106BFC003A0F390F390F380F380F370F370F360F51
:106C0C00360F350F350F340F340F330F330F320F60
:106C1C00320F310F310F300F300F2F0F2F0F2E0F70
:106C2C002E0F2D0F2D0F2C0F2C0F2B0F2B0F2A0F80
:106C3C002A0F290F290F280F280F270F270F260F90
:106C4C00260F250F250F240F240F230F230F220FA0
:106C5C00220F210F210F200F200F1F0F1F0F1E0FB0
:106C6C001E0F1D0F1D0F1C0F1C0F1B0F1B0F1A0FC0
:106C7C001A0F190F190F180F180F170F170F160FD0
:106C8C00160F150F150F140F140F130F130F120FE0
:106C9C00120F110F110F100F100F0F0F0F0F0E0FF0
:106CAC000E0F0D0F0D0F0C0F0C0F0B0F0B0F0A0F00
:106CBC000A0F090F090F080F080F070F070F060F10
:106CCC00060F050F050F040F040F030F030F020F20
:106CDC00020F010F010F000F000FFF0EFF0EFE0E33
:106CEC00FE0EFD0EFD0EFC0EFC0EFB0EFB0EFA0E48
:106CFC00FA0EF90EF90EF80EF80EF70EF70EF60E58
:106D0C00F60EF50EF50EF40EF40EF30EF30EF20E67
:106D1C00F20EF10EF10EF00EF00EEF0EEF0EEE0E77
:106D2C00EE0EED0EED0EEC0EEC0EEB0EEB0EEA0E87
:106D3C00EA0EE90EE90EE80EE80EE70EE70EE60E97
:106D4C00E60EE50EE50EE40EE40EE30EE30EE20EA7
:106D5C00E20EE10EE10EE00EE00EDF0EDF0EDE0EB7
:106D6C00DE0EDD0EDD0EDC0EDC0EDB0EDB0EDA0EC7
:106D7C00DA0ED90ED90ED80ED80ED70ED70ED60ED7
:106D8C00D60ED50ED50ED40ED40ED30ED30ED20EE7
:106D9C00D20ED10ED10ED00ED00ECF0ECF0ECE0EF7
:106DAC00CE0ECD0ECD0ECC0ECC0ECB0ECB0ECA0E07
:106DBC00CA0EC90EC90EC80EC80EC70EC70EC60E17
:106DCC00C60EC50EC50EC40EC40EC30EC30EC20E27
:106DDC00C20EC10EC10EC00EC00EBF0EBF0EBE0E37
:106DEC00BE0EBD0EBD0EBC0EBC0EBB0EBB0EBA0E47
:106DFC00BA0EB90EB90EB80EB80EB70EB70EB60E57
:106E0C00B60EB50EB50EB40EB40EB30EB30EB20E66
:106E1C00B20EB10EB10EB00EB00EAF0EAF0EAE0E76
:106E2C00AE0EAD0EAD0EAC0EAC0EAB0EAB0EAA0E86
:106E3C00AA0EA90EA90EA80EA80EA70EA70EA60E96
:106E4C00A60EA50EA50EA40EA40EA30EA30EA20EA6
:106E5C00A20EA10EA10EA00EA00E9F0E9F0E9E0EB6
:106E6C009E0E9D0E9D0E9C0E9C0E9B0E9B0E9A0EC6
:106E7C009A0E990E990E980E980E970E970E960ED6
:106E8C00960E950E950E940E940E930E930E920EE6
:106E9C00920E910E910E900E900E8F0E8F0E8E0EF6
:106EAC008E0E8D0E8D0E8C0E8C0E8B0E8B0E8A0E06
:106EBC008A0E890E890E880E880E870E870E860E16
:106ECC00860E850E850E840E840E830E830E820E26
:106EDC00820E810E810E800E800E7F0E7F0E7E0E36
:106EEC007E0E7D0E7D0E7C0E7C0E7B0E7B0E7A0E46
:106EFC007A0E790E790E780E780E770E770E760E56
:106F0C00760E750E750E740E740E730E730E720E65
:106F1C00720E710E710E700E700E6F0E6F0E6E0E75
:106F2C006E0E6D0E6D0E6C0E6C0E6B0E6B0E6A0E85
:106F3C006A0E690E690E680E680E670E670E660E95
:106F4C00660E650E650E640E640E630E630E620EA5
:106F5C00620E610E610E600E600E5F0E5F0E5E0EB5
:106F6C005E0E5D0E5D0E5C0E5C0E5B0E5B0E5A0EC5
:106F7C005A0E590E590E580E580E570E570E560ED5
:106F8C00560E550E550E540E540E530E530E520EE5
:106F9C00520E510E510E500E500E4F0E4F0E4E0EF5
:106FAC004E0E4D0E4D0E4C0E4C0E4B0E4B0E4A0E05
:106FBC004A0E490E490E480E480E470E470E460E15
:106FCC00460E450E450E440E440E430E430E420E25
:106FDC00420E410E410E400E400E3F0E3F0E3E0E35
:106FEC003E0E3D0E3D0E3C0E3C0E3B0E3B0E3A0E45
:106FFC003A0E390E390E380E380E370E370E360E55
:10700C00360E350E350E340E340E330E330E320E64
:10701C00320E310E310E300E300E2F0E2F0E2E0E74
:10702C002E0E2D0E2D0E2C0E2C0E2B0E2B0E2A0E84
:10703C002A0E290E290E280E280E270E270E260E94
:10704C00260E250E250E240E240E230E230E220EA4
:10705C00220E210E210E200E200E1F0E1F0E1E0EB4
:10706C001E0E1D0E1D0E1C0E1C0E1B0E1B0E1A0EC4
:10707C001A0E190E190E180E180E170E170E160ED4
:10708C00160E150E150E140E140E130E130E120EE4
:10709C00120E110E110E100E100E0F0E0F0E0E0EF4
:1070AC000E0E0D0E0D0E0C0E0C0E0B0E0B0E0A0E04
:1070BC000A0E090E090E080E080E070E070E060E14
:1070CC00060E050E050E040E040E030E030E020E24
:1070DC00020E010E010E000E000EFF0DFF0DFE0D37
:1070EC00FE0DFD0DFD0DFC0DFC0DFB0DFB0DFA0D4C
:1070FC00FA0DF90DF90DF80DF80DF70DF70DF60D5C
:10710C00F60DF50DF50DF40DF40DF30DF30DF20D6B
:10711C00F20DF10DF10DF00DF00DEF0DEF0DEE0D7B
:10712C00EE0DED0DED0DEC0DEC0DEB0DEB0DEA0D8B
:10713C00EA0DE90DE90DE80DE80DE70DE70DE60D9B
:10714C00E60DE50DE50DE40DE40DE30DE30DE20DAB
:10715C00E20DE10DE10DE00DE00DDF0DDF0DDE0DBB
:10716C00DE0DDD0DDD0DDC0DDC0DDB0DDB0DDA0DCB
:10717C00DA0DD90DD90DD80DD80DD70DD70DD60DDB
:10718C00D60DD50DD50DD40DD40DD30DD30DD20DEB
:10719C00D20DD10DD10DD00DD00DCF0DCF0DCE0DFB
:1071AC00CE0DCD0DCD0DCC0DCC0DCB0DCB0DCA0D0B
:1071BC00CA0DC90DC90DC80DC80DC70DC70DC60D1B
:1071CC00C60DC50DC50DC40DC40DC30DC30DC20D2B
:1071DC00C20DC10DC10DC00DC00DBF0DBF0DBE0D3B
:1071EC00BE0DBD0DBD0DBC0DBC0DBB0DBB0DBA0D4B
:1071FC00BA0DB90DB90DB80DB80DB70DB70DB60D5B
:10720C00B60DB50DB50DB40DB40DB30DB30DB20D6A
:10721C00B20DB10DB10DB00DB00DAF0DAF0DAE0D7A
:10722C00AE0DAD0DAD0DAC0DAC0DAB0DAB0DAA0D8A
:10723C00AA0DA90DA90DA80DA80DA70DA70DA60D9A
:10724C00A60DA50DA50DA40DA40DA30DA30DA20DAA
:10725C00A20DA10DA10DA00DA00D9F0D9F0D9E0DBA
:10726C009E0D9D0D9D0D9C0D9C0D9B0D9B0D9A0DCA
:10727C009A0D990D990D980D980D970D970D960DDA
:10728C00960D950D950D940D940D930D930D920DEA
:10729C00920D910D910D900D900D8F0D8F0D8E0DFA
:1072AC008E0D8D0D8D0D8C0D8C0D8B0D8B0D8A0D0A
:1072BC008A0D890D890D880D880D870D870D860D1A
:1072CC00860D850D850D840D840D830D830D820D2A
:1072DC00820D810D810D800D800D7F0D7F0D7E0D3A
:1072EC007E0D7D0D7D0D7C0D7C0D7B0D7B0D7A0D4A
:1072FC007A0D790D790D780D780D770D770D760D5A
:10730C00760D750D750D740D740D730D730D720D69
:10731C00720D710D710D700D700D6F0D6F0D6E0D79
:10732C006E0D6D0D6D0D6C0D6C0D6B0D6B0D6A0D89
:10733C006A0D690D690D680D680D670D670D660D99
:10734C00660D650D650D640D640D630D630D620DA9
:10735C00620D610D610D600D600D5F0D5F0D5E0DB9
:10736C005E0D5D0D5D0D5C0D5C0D5B0D5B0D5A0DC9
:10737C005A0D590D590D580D580D570D570D560DD9
:10738C00560D550D550D540D540D530D530D520DE9
:10739C00520D510D510D500D500D4F0D4F0D4E0DF9
:1073AC004E0D4D0D4D0D4C0D4C0D4B0D4B0D4A0D09
:1073BC004A0D490D490D480D480D470D470D460D19
:1073CC00460D450D450D440D440D430D430D420D29
:1073DC00420D410D410D400D400D3F0D3F0D3E0D39
:1073EC003E0D3D0D3D0D3C0D3C0D3B0D3B0D3A0D49
:1073FC003A0D390D390D380D380D370D370D360D59
:10740C00360D350D350D340D340D330D330D320D68
:10741C00320D310D310D300D300D2F0D2F0D2E0D78
:10742C002E0D2D0D2D0D2C0D2C0D2B0D2B0D2A0D88
:10743C002A0D290D290D280D280D270D270D260D98
:10744C00260D250D250D240D240D230D230D220DA8
:10745C00220D210D210D200D200D1F0D1F0D1E0DB8
:10746C001E0D1D0D1D0D1C0D1C0D1B0D1B0D1A0DC8
:10747C001A0D190D190D180D180D170D170D160DD8
:10748C00160D150D150D140D140D130D130D120DE8
:10749C00120D110D110D100D100D0F0D0F0D0E0DF8
:1074AC000E0D0D0D0D0D0C0D0C0D0B0D0B0D0A0D08
:1074BC000A0D090D090D080D080D070D070D060D18
:1074CC00060D050D050D040D040D030D030D020D28
:1074DC00020D010D010D000D000DFF0CFF0CFE0C3B
:1074EC00FE0CFD0CFD0CFC0CFC0CFB0CFB0CFA0C50
:1074FC00FA0CF90CF90CF80CF80CF70CF70CF60C60
:10750C00F60CF50CF50CF40CF40CF30CF30CF20C6F
:10751C00F20CF10CF10CF00CF00CEF0CEF0CEE0C7F
:10752C00EE0CED0CED0CEC0CEC0CEB0CEB0CEA0C8F
:10753C00EA0CE90CE90CE80CE80CE70CE70CE60C9F
:10754C00E60CE50CE50CE40CE40CE30CE30CE20CAF
:10755C00E20CE10CE10CE00CE00CDF0CDF0CDE0CBF
:10756C00DE0CDD0CDD0CDC0CDC0CDB0CDB0CDA0CCF
:10757C00DA0CD90CD90CD80CD80CD70CD70CD60CDF
:10758C00D60CD50CD50CD40CD40CD30CD30CD20CEF
:10759C00D20CD10CD10CD00CD00CCF0CCF0CCE0CFF
:1075AC00CE0CCD0CCD0CCC0CCC0CCB0CCB0CCA0C0F
:1075BC00CA0CC90CC90CC80CC80CC70CC70CC60C1F
:1075CC00C60CC50CC50CC40CC40CC30CC30CC20C2F
:1075DC00C20CC10CC10CC00CC00CBF0CBF0CBE0C3F
:1075EC00BE0CBD0CBD0CBC0CBC0CBB0CBB0CBA0C4F
:1075FC00BA0CB90CB90CB80CB80CB70CB70CB60C5F
:10760C00B60CB50CB50CB40CB40CB30CB30CB20C6E
:10761C00B20CB10CB10CB00CB00CAF0CAF0CAE0C7E
:10762C00AE0CAD0CAD0CAC0CAC0CAB0CAB0CAA0C8E
:10763C00AA0CA90CA90CA80CA80CA70CA70CA60C9E
:10764C00A60CA50CA50CA40CA40CA30CA30CA20CAE
:10765C00A20CA10CA10CA00CA00C9F0C9F0C9E0CBE
:10766C009E0C9D0C9D0C9C0C9C0C9B0C9B0C9A0CCE
:10767C009A0C990C990C980C980C970C970C960CDE
:10768C00960C950C950C940C940C930C930C920CEE
:10769C00920C910C910C900C900C8F0C8F0C8E0CFE
:1076AC008E0C8D0C8D0C8C0C8C0C8B0C8B0C8A0C0E
:1076BC008A0C890C890C880C880C870C870C860C1E
:1076CC00860C850C850C840C840C830C830C820C2E
:1076DC00820C810C810C800C800C7F0C7F0C7E0C3E
:1076EC007E0C7D0C7D0C7C0C7C0C7B0C7B0C7A0C4E
:1076FC007A0C790C790C780C780C770C770C760C5E
:10770C00760C750C750C740C740C730C730C720C6D
:10771C00720C710C710C700C700C6F0C6F0C6E0C7D
:10772C006E0C6D0C6D0C6C0C6C0C6B0C6B0C6A0C8D
:10773C006A0C690C690C680C680C670C670C660C9D
:10774C00660C650C650C640C640C630C630C620CAD
:10775C00620C610C610C600C600C5F0C5F0C5E0CBD
:10776C005E0C5D0C5D0C5C0C5C0C5B0C5B0C5A0CCD
:10777C005A0C590C590C580C580C570C570C560CDD
:10778C00560C550C550C540C540C530C530C520CED
:10779C00520C510C510C500C500C4F0C4F0C4E0CFD
:1077AC004E0C4D0C4D0C4C0C4C0C4B0C4B0C4A0C0D
:1077BC004A0C490C490C480C480C470C470C460C1D
:1077CC00460C450C450C440C440C430C430C420C2D
:1077DC00420C410C410C400C400C3F0C3F0C3E0C3D
:1077EC003E0C3D0C3D0C3C0C3C0C3B0C3B0C3A0C4D
:1077FC003A0C390C390C380C380C370C370C360C5D
:10780C00360C350C350C340C340C330C330C320C6C
:10781C00320C310C310C300C300C2F0C2F0C2E0C7C
:10782C002E0C2D0C2D0C2C0C2C0C2B0C2B0C2A0C8C
:10783C002A0C290C290C280C280C270C270C260C9C
:10784C00260C250C250C240C240C230C230C220CAC
:10785C00220C210C210C200C200C1F0C1F0C1E0CBC
:10786C001E0C1D0C1D0C1C0C1C0C1B0C1B0C1A0CCC
:10787C001A0C190C190C180C180C170C170C160CDC
:10788C00160C150C150C140C140C130C130C120CEC
:10789C00120C110C110C100C100C0F0C0F0C0E0CFC
:1078AC000E0C0D0C0D0C0C0C0C0C0B0C0B0C0A0C0C
:1078BC000A0C090C090C080C080C070C070C060C1C
:1078CC00060C050C050C040C040C030C030C020C2C
:1078DC00020C010C010C000C000CFF0BFF0BFE0B3F
:1078EC00FE0BFD0BFD0BFC0BFC0BFB0BFB0BFA0B54
:1078FC00FA0BF90BF90BF80BF80BF70BF70BF60B64
:10790C00F60BF50BF50BF40BF40BF30BF30BF20B73
:10791C00F20BF10BF10BF00BF00BEF0BEF0BEE0B83
:10792C00EE0BED0BED0BEC0BEC0BEB0BEB0BEA0B93
:10793C00EA0BE90BE90BE80BE80BE70BE70BE60BA3
:10794C00E60BE50BE50BE40BE40BE30BE30BE20BB3
:10795C00E20BE10BE10BE00BE00BDF0BDF0BDE0BC3
:10796C00DE0BDD0BDD0BDC0BDC0BDB0BDB0BDA0BD3
:10797C00DA0BD90BD90BD80BD80BD70BD70BD60BE3
:10798C00D60BD50BD50BD40BD40BD30BD30BD20BF3
:10799C00D20BD10BD10BD00BD00BCF0BCF0BCE0B03
:1079AC00CE0BCD0BCD0BCC0BCC0BCB0BCB0BCA0B13
:1079BC00CA0BC90BC90BC80BC80BC70BC70BC60B23
:1079CC00C60BC50BC50BC40BC40BC30BC30BC20B33
:1079DC00C20BC10BC10BC00BC00BBF0BBF0BBE0B43
:1079EC00BE0BBD0BBD0BBC0BBC0BBB0BBB0BBA0B53
:1079FC00BA0BB90BB90BB80BB80BB70BB70BB60B63
:107A0C00B60BB50BB50BB40BB40BB30BB30BB20B72
:107A1C00B20BB10BB10BB00BB00BAF0BAF0BAE0B82
:107A2C00AE0BAD0BAD0BAC0BAC0BAB0BAB0BAA0B92
:107A3C00AA0BA90BA90BA80BA80BA70BA70BA60BA2
:107A4C00A60BA50BA50BA40BA40BA30BA30BA20BB2
:107A5C00A20BA10BA10BA00BA00B9F0B9F0B9E0BC2
:107A6C009E0B9D0B9D0B9C0B9C0B9B0B9B0B9A0BD2
:107A7C009A0B990B990B980B980B970B970B960BE2
:107A8C00960B950B950B940B940B930B930B920BF2
:107A9C00920B910B910B900B900B8F0B8F0B8E0B02
:107AAC008E0B8D0B8D0B8C0B8C0B8B0B8B0B8A0B12
:107ABC008A0B890B890B880B880B870B870B860B22
:107ACC00860B850B850B840B840B830B830B820B32
:107ADC00820B810B810B800B800B7F0B7F0B7E0B42
:107AEC007E0B7D0B7D0B7C0B7C0B7B0B7B0B7A0B52
:107AFC007A0B790B790B780B780B770B770B760B62
:107B0C00760B750B750B740B740B730B730B720B71
:107B1C00720B710B710B700B700B6F0B6F0B6E0B81
:107B2C006E0B6D0B6D0B6C0B6C0B6B0B6B0B6A0B91
:107B3C006A0B690B690B680B680B670B670B660BA1
:107B4C00660B650B650B640B640B630B630B620BB1
:107B5C00620B610B610B600B600B5F0B5F0B5E0BC1
:107B6C005E0B5D0B5D0B5C0B5C0B5B0B5B0B5A0BD1
:107B7C005A0B590B590B580B580B570B570B560BE1
:107B8C00560B550B550B540B540B530B530B520BF1
:107B9C00520B510B510B500B500B4F0B4F0B4E0B01
:107BAC004E0B4D0B4D0B4C0B4C0B4B0B4B0B4A0B11
:107BBC004A0B490B490B480B480B470B470B460B21
:107BCC00460B450B450B440B440B430B430B420B31
:107BDC00420B410B410B400B400B3F0B3F0B3E0B41
:107BEC003E0B3D0B3D0B3C0B3C0B3B0B3B0B3A0B51
:107BFC003A0B390B390B380B380B370B370B360B61
:107C0C00360B350B350B340B340B330B330B320B70
:107C1C00320B310B310B300B300B2F0B2F0B2E0B80
:107C2C002E0B2D0B2D0B2C0B2C0B2B0B2B0B2A0B90
:107C3C002A0B290B290B280B280B270B270B260BA0
:107C4C00260B250B250B240B240B230B230B220BB0
:107C5C00220B210B210B200B200B1F0B1F0B1E0BC0
:107C6C001E0B1D0B1D0B1C0B1C0B1B0B1B0B1A0BD0
:107C7C001A0B190B190B180B180B170B170B160BE0
:107C8C00160B150B150B140B140B130B130B120BF0
:107C9C00120B110B110B100B100B0F0B0F0B0E0B00
:107CAC000E0B0D0B0D0B0C0B0C0B0B0B0B0B0A0B10
:107CBC000A0B090B090B080B080B070B070B060B20
:107CCC00060B050B050B040B040B030B030B020B30
:107CDC00020B010B010B000B000BFF0AFF0AFE0A43
:107CEC00FE0AFD0AFD0AFC0AFC0AFB0AFB0AFA0A58
:107CFC00FA0AF90AF90AF80AF80AF70AF70AF60A68
:107D0C00F60AF50AF50AF40AF40AF30AF30AF20A77
:107D1C00F20AF10AF10AF00AF00AEF0AEF0AEE0A87
:107D2C00EE0AED0AED0AEC0AEC0AEB0AEB0AEA0A97
:107D3C00EA0AE90AE90AE80AE80AE70AE70AE60AA7
:107D4C00E60AE50AE50AE40AE40AE30AE30AE20AB7
:107D5C00E20AE10AE10AE00AE00ADF0ADF0ADE0AC7
:107D6C00DE0ADD0ADD0ADC0ADC0ADB0ADB0ADA0AD7
:107D7C00DA0AD90AD90AD80AD80AD70AD70AD60AE7
:107D8C00D60AD50AD50AD40AD40AD30AD30AD20AF7
:107D9C00D20AD10AD10AD00AD00ACF0ACF0ACE0A07
:107DAC00CE0ACD0ACD0ACC0ACC0ACB0ACB0ACA0A17
:107DBC00CA0AC90AC90AC80AC80AC70AC70AC60A27
:107DCC00C60AC50AC50AC40AC40AC30AC30AC20A37
:107DDC00C20AC10AC10AC00AC00ABF0ABF0ABE0A47
:107DEC00BE0ABD0ABD0ABC0ABC0ABB0ABB0ABA0A57
:107DFC00BA0AB90AB90AB80AB80AB70AB70AB60A67
:107E0C00B60AB50AB50AB40AB40AB30AB30AB20A76
:107E1C00B20AB10AB10AB00AB00AAF0AAF0AAE0A86
:107E2C00AE0AAD0AAD0AAC0AAC0AAB0AAB0AAA0A96
:107E3C00AA0AA90AA90AA80AA80AA70AA70AA60AA6
:107E4C00A60AA50AA50AA40AA40AA30AA30AA20AB6
:107E5C00A20AA10AA10AA00AA00A9F0A9F0A9E0AC6
:107E6C009E0A9D0A9D0A9C0A9C0A9B0A9B0A9A0AD6
:107E7C009A0A990A990A980A980A970A970A960AE6
:107E8C00960A950A950A940A940A930A930A920AF6
:107E9C00920A910A910A900A900A8F0A8F0A8E0A06
:107EAC008E0A8D0A8D0A8C0A8C0A8B0A8B0A8A0A16
:107EBC008A0A890A890A880A880A870A870A860A26
:107ECC00860A850A850A840A840A830A830A820A36
:107EDC00820A810A810A800A800A7F0A7F0A7E0A46
:107EEC007E0A7D0A7D0A7C0A7C0A7B0A7B0A7A0A56
:107EFC007A0A790A790A780A780A770A770A760A66
:107F0C00760A750A750A740A740A730A730A720A75
:107F1C00720A710A710A700A700A6F0A6F0A6E0A85
:107F2C006E0A6D0A6D0A6C0A6C0A6B0A6B0A6A0A95
:107F3C006A0A690A690A680A680A670A670A660AA5
:107F4C00660A650A650A640A640A630A630A620AB5
:107F5C00620A610A610A600A600A5F0A5F0A5E0AC5
:107F6C005E0A5D0A5D0A5C0A5C0A5B0A5B0A5A0AD5
:107F7C005A0A590A590A580A580A570A570A560AE5
:107F8C00560A550A550A540A540A530A530A520AF5
:107F9C00520A510A510A500A500A4F0A4F0A4E0A05
:107FAC004E0A4D0A4D0A4C0A4C0A4B0A4B0A4A0A15
:107FBC004A0A490A490A480A480A470A470A460A25
:107FCC00460A450A450A440A440A430A430A420A35
:107FDC00420A410A410A400A400A3F0A3F0A3E0A45
:107FEC003E0A3D0A3D0A3C0A3C0A3B0A3B0A3A0A55
:107FFC003A0A390A390A380A380A370A370A360A65
:10800C00360A350A350A340A340A330A330A320A74
:10801C00320A310A310A300A300A2F0A2F0A2E0A84
:10802C002E0A2D0A2D0A2C0A2C0A2B0A2B0A2A0A94
:10803C002A0A290A290A280A280A270A270A260AA4
:10804C00260A250A250A240A240A230A230A220AB4
:10805C00220A210A210A200A200A1F0A1F0A1E0AC4
:10806C001E0A1D0A1D0A1C0A1C0A1B0A1B0A1A0AD4
:10807C001A0A190A190A180A180A170A170A160AE4
:10808C00160A150A150A140A140A130A130A120AF4
:10809C00120A110A110A100A100A0F0A0F0A0E0A04
:1080AC000E0A0D0A0D0A0C0A0C0A0B0A0B0A0A0A14
:1080BC000A0A090A090A080A080A070A070A060A24
:1080CC00060A050A050A040A040A030A030A020A34
:1080DC00020A010A010A000A000AFF09FF09FE0947
:1080EC00FE09FD09FD09FC09FC09FB09FB09FA095C
:1080FC00FA09F909F909F809F809F709F709F6096C
:10810C00F609F509F509F409F409F309F309F2097B
:10811C00F209F109F109F009F009EF09EF09EE098B
:10812C00EE09ED09ED09EC09EC09EB09EB09EA099B
:10813C00EA09E909E909E809E809E709E709E609AB
:10814C00E609E509E509E409E409E309E309E209BB
:10815C00E209E109E109E009E009DF09DF09DE09CB
:10816C00DE09DD09DD09DC09DC09DB09DB09DA09DB
:10817C00DA09D909D909D809D809D709D709D609EB
:10818C00D609D509D509D409D409D309D309D209FB
:10819C00D209D109D109D009D009CF09CF09CE090B
:1081AC00CE09CD09CD09CC09CC09CB09CB09CA091B
:1081BC00CA09C909C909C809C809C709C709C6092B
:1081CC00C609C509C509C409C409C309C309C2093B
:1081DC00C209C109C109C009C009BF09BF09BE094B
:1081EC00BE09BD09BD09BC09BC09BB09BB09BA095B
:1081FC00BA09B909B909B809B809B709B709B6096B
:10820C00B609B509B509B409B409B309B309B2097A
:10821C00B209B109B109B009B009AF09AF09AE098A
:10822C00AE09AD09AD09AC09AC09AB09AB09AA099A
:10823C00AA09A909A909A809A809A709A709A609AA
:10824C00A609A509A509A409A409A309A309A209BA
:10825C00A209A109A109A009A0099F099F099E09CA
:10826C009E099D099D099C099C099B099B099A09DA
:10827C009A099909990998099809970997099609EA
:10828C0096099509950994099409930993099209FA
:10829C00920991099109900990098F098F098E090A
:1082AC008E098D098D098C098C098B098B098A091A
:1082BC008A0989098909880988098709870986092A
:1082CC00860985098509840984098309830982093A
:1082DC00820981098109800980097F097F097E094A
:1082EC007E097D097D097C097C097B097B097A095A
:1082FC007A0979097909780978097709770976096A
:10830C007609750975097409740973097309720979
:10831C00720971097109700970096F096F096E0989
:10832C006E096D096D096C096C096B096B096A0999
:10833C006A096909690968096809670967096609A9
:10834C0066096509650964096409630963096209B9
:10835C00620961096109600960095F095F095E09C9
:10836C005E095D095D095C095C095B095B095A09D9
:10837C005A095909590958095809570957095609E9
:10838C0056095509550954095409530953095209F9
:10839C00520951095109500950094F094F094E0909
:1083AC004E094D094D094C094C094B094B094A0919
:1083BC004A09490949094809480947094709460929
:1083CC004609450945094409440943094309420939
:1083DC00420941094109400940093F093F093E0949
:1083EC003E093D093D093C093C093B093B093A0959
:1083FC003A09390939093809380937093709360969
:10840C003609350935093409340933093309320978
:10841C00320931093109300930092F092F092E0988
:10842C002E092D092D092C092C092B092B092A0998
:10843C002A092909290928092809270927092609A8
:10844C0026092509250924092409230923092209B8
:10845C00220921092109200920091F091F091E09C8
:10846C001E091D091D091C091C091B091B091A09D8
:10847C001A091909190918091809170917091609E8
:10848C0016091509150914091409130913091209F8
:10849C00120911091109100910090F090F090E0908
:1084AC000E090D090D090C090C090B090B090A0918
:1084BC000A09090909090809080907090709060928
:1084CC000609050905090409040903090309020938
:1084DC0002090109010900090009FF08FF08FE084B
:1084EC00FE08FD08FD08FC08FC08FB08FB08FA0860
:1084FC00FA08F908F908F808F808F708F708F60870
:10850C00F608F508F508F408F408F308F308F2087F
:10851C00F208F108F108F008F008EF08EF08EE088F
:10852C00EE08ED08ED08EC08EC08EB08EB08EA089F
:10853C00EA08E908E908E808E808E708E708E608AF
:10854C00E608E508E508E408E408E308E308E208BF
:10855C00E208E108E108E008E008DF08DF08DE08CF
:10856C00DE08DD08DD08DC08DC08DB08DB08DA08DF
:10857C00DA08D908D908D808D808D708D708D608EF
:10858C00D608D508D508D408D408D308D308D208FF
:10859C00D208D108D108D008D008CF08CF08CE080F
:1085AC00CE08CD08CD08CC08CC08CB08CB08CA081F
:1085BC00CA08C908C908C808C808C708C708C6082F
:1085CC00C608C508C508C408C408C308C308C2083F
:1085DC00C208C108C108C008C008BF08BF08BE084F
:1085EC00BE08BD08BD08BC08BC08BB08BB08BA085F
:1085FC00BA08B908B908B808B808B708B708B6086F
:10860C00B608B508B508B408B408B308B308B2087E
:10861C00B208B108B108B008B008AF08AF08AE088E
:10862C00AE08AD08AD08AC08AC08AB08AB08AA089E
:10863C00AA08A908A908A808A808A708A708A608AE
:10864C00A608A508A508A408A408A308A308A208BE
:10865C00A208A108A108A008A0089F089F089E08CE
:10866C009E089D089D089C089C089B089B089A08DE
:10867C009A089908990898089808970897089608EE
:10868C0096089508950894089408930893089208FE
:10869C00920891089108900890088F088F088E080E
:1086AC008E088D088D088C088C088B088B088A081E
:1086BC008A0889088908880888088708870886082E
:1086CC00860885088508840884088308830882083E
:1086DC00820881088108800880087F087F087E084E
:1086EC007E087D087D087C087C087B087B087A085E
:1086FC007A0879087908780878087708770876086E
:10870C00760875087508740874087308730872087D
:10871C00720871087108700870086F086F086E088D
:10872C006E086D086D086C086C086B086B086A089D
:10873C006A086908690868086808670867086608AD
:10874C0066086508650864086408630863086208BD
:10875C00620861086108600860085F085F085E08CD
:10876C005E085D085D085C085C085B085B085A08DD
:10877C005A085908590858085808570857085608ED
:10878C0056085508550854085408530853085208FD
:10879C00520851085108500850084F084F084E080D
:1087AC004E084D084D084C084C084B084B084A081D
:1087BC004A0849084908480848084708470846082D
:1087CC00460845084508440844084308430842083D
:1087DC00420841084108400840083F083F083E084D
:1087EC003E083D083D083C083C083B083B083A085D
:1087FC003A0839083908380838083708370836086D
:10880C00360835083508340834083308330832087C
:10881C00320831083108300830082F082F082E088C
:10882C002E082D082D082C082C082B082B082A089C
:10883C002A082908290828082808270827082608AC
:10884C0026082508250824082408230823082208BC
:10885C00220821082108200820081F081F081E08CC
:10886C001E081D081D081C081C081B081B081A08DC
:10887C001A081908190818081808170817081608EC
:10888C0016081508150814081408130813081208FC
:10889C00120811081108100810080F080F080E080C
:1088AC000E080D080D080C080C080B080B080A081C
:1088BC000A0809080908080808080708070806082C
:1088CC00060805080508040804080308030802083C
:1088DC0002080108010800080008FF07FF07FF074E
:1088EC00FE07FE07FD07FD07FC07FC07FB07FB0760
:1088FC00FA07FA07F907F907F807F807F707F70770
:10890C00F607F607F507F507F407F407F307F3077F
:10891C00F207F207F107F107F007F007EF07EF078F
:10892C00EE07EE07ED07ED07EC07EC07EB07EB079F
:10893C00EA07EA07E907E907E807E807E707E707AF
:10894C00E607E607E507E507E407E407E307E307BF
:10895C00E207E207E107E107E007E007DF07DF07CF
:10896C00DE07DE07DD07DD07DC07DC07DB07DB07DF
:10897C00DA07DA07D907D907D807D807D707D707EF
:10898C00D607D607D507D507D407D407D307D307FF
:10899C00D207D207D107D107D007D007CF07CF070F
:1089AC00CE07CE07CD07CD07CC07CC07CB07CB071F
:1089BC00CA07CA07C907C907C807C807C707C7072F
:1089CC00C607C607C507C507C407C407C307C3073F
:1089DC00C207C207C107C107C007C007BF07BF074F
:1089EC00BE07BE07BD07BD07BC07BC07BB07BB075F
:1089FC00BA07BA07B907B907B807B807B707B7076F
:108A0C00B607B607B507B507B407B407B307B3077E
:108A1C00B207B207B107B107B007B007AF07AF078E
:108A2C00AE07AE07AD07AD07AC07AC07AB07AB079E
:108A3C00AA07AA07A907A907A807A807A707A707AE
:108A4C00A607A607A507A507A407A407A307A307BE
:108A5C00A207A207A107A107A007A0079F079F07CE
:108A6C009E079E079D079D079C079C079B079B07DE
:108A7C009A079A07990799079807980797079707EE
:108A8C0096079607950795079407940793079307FE
:108A9C009207920791079107900790078F078F070E
:108AAC008E078E078D078D078C078C078B078B071E
:108ABC008A078A078907890788078807870787072E
:108ACC00860786078507850784078407830783073E
:108ADC008207820781078107800780077F077F074E
:108AEC007E077E077D077D077C077C077B077B075E
:108AFC007A077A077907790778077807770777076E
:108B0C00760776077507750774077407730773077D
:108B1C007207720771077107700770076F076F078D
:108B2C006E076E076D076D076C076C076B076B079D
:108B3C006A076A07690769076807680767076707AD
:108B4C0066076607650765076407640763076307BD
:108B5C006207620761076107600760075F075F07CD
:108B6C005E075E075D075D075C075C075B075B07DD
:108B7C005A075A07590759075807580757075707ED
:108B8C0056075607550755075407540753075307FD
:108B9C005207520751075107500750074F074F070D
:108BAC004E074E074D074D074C074C074B074B071D
:108BBC004A074A074907490748074807470747072D
:108BCC00460746074507450744074407430743073D
:108BDC004207420741074107400740073F073F074D
:108BEC003E073E073D073D073C073C073B073B075D
:108BFC003A073A073907390738073807370737076D
:108C0C00360736073507350734073407330733077C
:108C1C003207320731073107300730072F072F078C
:108C2C002E072E072D072D072C072C072B072B079C
:108C3C002A072A07290729072807280727072707AC
:108C4C0026072607250725072407240723072307BC
:108C5C002207220721072107200720071F071F07CC
:108C6C001E071E071D071D071C071C071B071B07DC
:108C7C001A071A07190719071807180717071707EC
:108C8C0016071607150715071407140713071307FC
:108C9C001207120711071107100710070F070F070C
:108CAC000E070E070D070D070C070C070B070B071C
:108CBC000A070A070907090708070807070707072C
:108CCC00060706070507050704070407030703073C
:108CDC00020702070107010700070007FF06FF064E
:108CEC00FE06FE06FD06FD06FC06FC06FB06FB0664
:108CFC00FA06FA06F906F906F806F806F706F70674
:108D0C00F606F606F506F506F406F406F306F30683
:108D1C00F206F206F106F106F006F006EF06EF0693
:108D2C00EE06EE06ED06ED06EC06EC06EB06EB06A3
:108D3C00EA06EA06E906E906E806E806E706E706B3
:108D4C00E606E606E506E506E406E406E306E306C3
:108D5C00E206E206E106E106E006E006DF06DF06D3
:108D6C00DE06DE06DD06DD06DC06DC06DB06DB06E3
:108D7C00DA06DA06D906D906D806D806D706D706F3
:108D8C00D606D606D506D506D406D406D306D30603
:108D9C00D206D206D106D106D006D006CF06CF0613
:108DAC00CE06CE06CD06CD06CC06CC06CB06CB0623
:108DBC00CA06CA06C906C906C806C806C706C70633
:108DCC00C606C606C506C506C406C406C306C30643
:108DDC00C206C206C106C106C006C006BF06BF0653
:108DEC00BE06BE06BD06BD06BC06BC06BB06BB0663
:108DFC00BA06BA06B906B906B806B806B706B70673
:108E0C00B606B606B506B506B406B406B306B30682
:108E1C00B206B206B106B106B006B006AF06AF0692
:108E2C00AE06AE06AD06AD06AC06AC06AB06AB06A2
:108E3C00AA06AA06A906A906A806A806A706A706B2
:108E4C00A606A606A506A506A406A406A306A306C2
:108E5C00A206A206A106A106A006A0069F069F06D2
:108E6C009E069E069D069D069C069C069B069B06E2
:108E7C009A069A06990699069806980697069706F2
:108E8C009606960695069506940694069306930602
:108E9C009206920691069106900690068F068F0612
:108EAC008E068E068D068D068C068C068B068B0622
:108EBC008A068A0689068906880688068706870632
:108ECC008606860685068506840684068306830642
:108EDC008206820681068106800680067F067F0652
:108EEC007E067E067D067D067C067C067B067B0662
:108EFC007A067A0679067906780678067706770672
:108F0C007606760675067506740674067306730681
:108F1C007206720671067106700670066F066F0691
:108F2C006E066E066D066D066C066C066B066B06A1
:108F3C006A066A06690669066806680667066706B1
:108F4C0066066606650665066406640663066306C1
:108F5C006206620661066106600660065F065F06D1
:108F6C005E065E065D065D065C065C065B065B06E1
:108F7C005A065A06590659065806580657065706F1
:108F8C005606560655065506540654065306530601
:108F9C005206520651065106500650064F064F0611
:108FAC004E064E064D064D064C064C064B064B0621
:108FBC004A064A0649064906480648064706470631
:108FCC004606460645064506440644064306430641
:108FDC004206420641064106400640063F063F0651
:108FEC003E063E063D063D063C063C063B063B0661
:108FFC003A063A0639063906380638063706370671
:10900C003606360635063506340634063306330680
:10901C003206320631063106300630062F062F0690
:10902C002E062E062D062D062C062C062B062B06A0
:10903C002A062A06290629062806280627062706B0
:10904C0026062606250625062406240623062306C0
:10905C002206220621062106200620061F061F06D0
:10906C001E061E061D061D061C061C061B061B06E0
:10907C001A061A06190619061806180617061706F0
:10908C001606160615061506140614061306130600
:10909C001206120611061106100610060F060F0610
:1090AC000E060E060D060D060C060C060B060B0620
:1090BC000A060A0609060906080608060706070630
:1090CC000606060605060506040604060306030640
:1090DC00020602060106010600060006FF05FF0552
:1090EC00FE05FE05FD05FD05FC05FC05FB05FB0568
:1090FC00FA05FA05F905F905F805F805F705F70578
:10910C00F605F605F505F505F405F405F305F30587
:10911C00F205F205F105F105F005F005EF05EF0597
:10912C00EE05EE05ED05ED05EC05EC05EB05EB05A7
:10913C00EA05EA05E905E905E805E805E705E705B7
:10914C00E605E605E505E505E405E405E305E305C7
:10915C00E205E205E105E105E005E005DF05DF05D7
:10916C00DE05DE05DD05DD05DC05DC05DB05DB05E7
:10917C00DA05DA05D905D905D805D805D705D705F7
:10918C00D605D605D505D505D405D405D305D30507
:10919C00D205D205D105D105D005D005CF05CF0517
:1091AC00CE05CE05CD05CD05CC05CC05CB05CB0527
:1091BC00CA05CA05C905C905C805C805C705C70537
:1091CC00C605C605C505C505C405C405C305C30547
:1091DC00C205C205C105C105C005C005BF05BF0557
:1091EC00BE05BE05BD05BD05BC05BC05BB05BB0567
:1091FC00BA05BA05B905B905B805B805B705B70577
:10920C00B605B605B505B505B405B405B305B30586
:10921C00B205B205B105B105B005B005AF05AF0596
:10922C00AE05AE05AD05AD05AC05AC05AB05AB05A6
:10923C00AA05AA05A905A905A805A805A705A705B6
:10924C00A605A605A505A505A405A405A305A305C6
:10925C00A205A205A105A105A005A0059F059F05D6
:10926C009E059E059D059D059C059C059B059B05E6
:10927C009A059A05990599059805980597059705F6
:10928C009605960595059505940594059305930506
:10929C009205920591059105900590058F058F0516
:1092AC008E058E058D058D058C058C058B058B0526
:1092BC008A058A0589058905880588058705870536
:1092CC008605860585058505840584058305830546
:1092DC008205820581058105800580057F057F0556
:1092EC007E057E057D057D057C057C057B057B0566
:1092FC007A057A0579057905780578057705770576
:10930C007605760575057505740574057305730585
:10931C007205720571057105700570056F056F0595
:10932C006E056E056D056D056C056C056B056B05A5
:10933C006A056A05690569056805680567056705B5
:10934C0066056605650565056405640563056305C5
:10935C006205620561056105600560055F055F05D5
:10936C005E055E055D055D055C055C055B055B05E5
:10937C005A055A05590559055805580557055705F5
:10938C005605560555055505540554055305530505
:10939C005205520551055105500550054F054F0515
:1093AC004E054E054D054D054C054C054B054B0525
:1093BC004A054A0549054905480548054705470535
:1093CC004605460545054505440544054305430545
:1093DC004205420541054105400540053F053F0555
:1093EC003E053E053D053D053C053C053B053B0565
:1093FC003A053A0539053905380538053705370575
:10940C003605360535053505340534053305330584
:10941C003205320531053105300530052F052F0594
:10942C002E052E052D052D052C052C052B052B05A4
:10943C002A052A05290529052805280527052705B4
:10944C0026052605250525052405240523052305C4
:10945C002205220521052105200520051F051F05D4
:10946C001E051E051D051D051C051C051B051B05E4
:10947C001A051A05190519051805180517051705F4
:10948C001605160515051505140514051305130504
:10949C001205120511051105100510050F050F0514
:1094AC000E050E050D050D050C050C050B050B0524
:1094BC000A050A0509050905080508050705070534
:1094CC000605060505050505040504050305030544
:1094DC00020502050105010500050005FF04FF0456
:1094EC00FE04FE04FD04FD04FC04FC04FB04FB046C
:1094FC00FA04FA04F904F904F804F804F704F7047C
:10950C00F604F604F504F504F404F404F304F3048B
:10951C00F204F204F104F104F004F004EF04EF049B
:10952C00EE04EE04ED04ED04EC04EC04EB04EB04AB
:10953C00EA04EA04E904E904E804E804E704E704BB
:10954C00E604E604E504E504E404E404E304E304CB
:10955C00E204E204E104E104E004E004DF04DF04DB
:10956C00DE04DE04DD04DD04DC04DC04DB04DB04EB
:10957C00DA04DA04D904D904D804D804D704D704FB
:10958C00D604D604D504D504D404D404D304D3040B
:10959C00D204D204D104D104D004D004CF04CF041B
:1095AC00CE04CE04CD04CD04CC04CC04CB04CB042B
:1095BC00CA04CA04C904C904C804C804C704C7043B
:1095CC00C604C604C504C504C404C404C304C3044B
:1095DC00C204C204C104C104C004C004BF04BF045B
:1095EC00BE04BE04BD04BD04BC04BC04BB04BB046B
:1095FC00BA04BA04B904B904B804B804B704B7047B
:10960C00B604B604B504B504B404B404B304B3048A
:10961C00B204B204B104B104B004B004AF04AF049A
:10962C00AE04AE04AD04AD04AC04AC04AB04AB04AA
:10963C00AA04AA04A904A904A804A804A704A704BA
:10964C00A604A604A504A504A404A404A304A304CA
:10965C00A204A204A104A104A004A0049F049F04DA
:10966C009E049E049D049D049C049C049B049B04EA
:10967C009A049A04990499049804980497049704FA
:10968C00960496049504950494049404930493040A
:10969C009204920491049104900490048F048F041A
:1096AC008E048E048D048D048C048C048B048B042A
:1096BC008A048A048904890488048804870487043A
:1096CC00860486048504850484048404830483044A
:1096DC008204820481048104800480047F047F045A
:1096EC007E047E047D047D047C047C047B047B046A
:1096FC007A047A047904790478047804770477047A
:10970C007604760475047504740474047304730489
:10971C007204720471047104700470046F046F0499
:10972C006E046E046D046D046C046C046B046B04A9
:10973C006A046A04690469046804680467046704B9
:10974C0066046604650465046404640463046304C9
:10975C006204620461046104600460045F045F04D9
:10976C005E045E045D045D045C045C045B045B04E9
:10977C005A045A04590459045804580457045704F9
:10978C005604560455045504540454045304530409
:10979C005204520451045104500450044F044F0419
:1097AC004E044E044D044D044C044C044B044B0429
:1097BC004A044A0449044904480448044704470439
:1097CC004604460445044504440444044304430449
:1097DC004204420441044104400440043F043F0459
:1097EC003E043E043D043D043C043C043B043B0469
:1097FC003A043A0439043904380438043704370479
:10980C003604360435043504340434043304330488
:10981C003204320431043104300430042F042F0498
:10982C002E042E042D042D042C042C042B042B04A8
:10983C002A042A04290429042804280427042704B8
:10984C0026042604250425042404240423042304C8
:10985C002204220421042104200420041F041F04D8
:10986C001E041E041D041D041C041C041B041B04E8
:10987C001A041A04190419041804180417041704F8
:10988C001604160415041504140414041304130408
:10989C001204120411041104100410040F040F0418
:1098AC000E040E040D040D040C040C040B040B0428
:1098BC000A040A0409040904080408040704070438
:1098CC000604060405040504040404040304030448
:1098DC00020402040104010400040004FF03FF035A
:1098EC00FE03FE03FD03FD03FC03FC03FB03FB0370
:1098FC00FA03FA03F903F903F803F803F703F70380
:10990C00F603F603F503F503F403F403F303F3038F
:10991C00F203F203F103F103F003F003EF03EF039F
:10992C00EE03EE03ED03ED03EC03EC03EB03EB03AF
:10993C00EA03EA03E903E903E803E803E703E703BF
:10994C00E603E603E503E503E403E403E303E303CF
:10995C00E203E203E103E103E003E003DF03DF03DF
:10996C00DE03DE03DD03DD03DC03DC03DB03DB03EF
:10997C00DA03DA03D903D903D803D803D703D703FF
:10998C00D603D603D503D503D403D403D303D3030F
:10999C00D203D203D103D103D003D003CF03CF031F
:1099AC00CE03CE03CD03CD03CC03CC03CB03CB032F
:1099BC00CA03CA03C903C903C803C803C703C7033F
:1099CC00C603C603C503C503C403C403C303C3034F
:1099DC00C203C203C103C103C003C003BF03BF035F
:1099EC00BE03BE03BD03BD03BC03BC03BB03BB036F
:1099FC00BA03BA03B903B903B803B803B703B7037F
:109A0C00B603B603B503B503B403B403B303B3038E
:109A1C00B203B203B103B103B003B003AF03AF039E
:109A2C00AE03AE03AD03AD03AC03AC03AB03AB03AE
:109A3C00AA03AA03A903A903A803A803A703A703BE
:109A4C00A603A603A503A503A403A403A303A303CE
:109A5C00A203A203A103A103A003A0039F039F03DE
:109A6C009E039E039D039D039C039C039B039B03EE
:109A7C009A039A03990399039803980397039703FE
:109A8C00960396039503950394039403930393030E
:109A9C009203920391039103900390038F038F031E
:109AAC008E038E038D038D038C038C038B038B032E
:109ABC008A038A038903890388038803870387033E
:109ACC00860386038503850384038403830383034E
:109ADC008203820381038103800380037F037F035E
:109AEC007E037E037D037D037C037C037B037B036E
:109AFC007A037A037903790378037803770377037E
:109B0C00760376037503750374037403730373038D
:109B1C007203720371037103700370036F036F039D
:109B2C006E036E036D036D036C036C036B036B03AD
:109B3C006A036A03690369036803680367036703BD
:109B4C0066036603650365036403640363036303CD
:109B5C006203620361036103600360035F035F03DD
:109B6C005E035E035D035D035C035C035B035B03ED
:109B7C005A035A03590359035803580357035703FD
:109B8C00560356035503550354035403530353030D
:109B9C005203520351035103500350034F034F031D
:109BAC004E034E034D034D034C034C034B034B032D
:109BBC004A034A034903490348034803470347033D
:109BCC00460346034503450344034403430343034D
:109BDC004203420341034103400340033F033F035D
:109BEC003E033E033D033D033C033C033B033B036D
:109BFC003A033A033903390338033803370337037D
:109C0C00360336033503350334033403330333038C
:109C1C003203320331033103300330032F032F039C
:109C2C002E032E032D032D032C032C032B032B03AC
:109C3C002A032A03290329032803280327032703BC
:109C4C0026032603250325032403240323032303CC
:109C5C002203220321032103200320031F031F03DC
:109C6C001E031E031D031D031C031C031B031B03EC
:109C7C001A031A03190319031803180317031703FC
:109C8C00160316031503150314031403130313030C
:109C9C001203120311031103100310030F030F031C
:109CAC000E030E030D030D030C030C030B030B032C
:109CBC000A030A030903090308030803070307033C
:109CCC00060306030503050304030403030303034C
:109CDC00020302030103010300030003FF02FF025E
:109CEC00FE02FE02FD02FD02FC02FC02FB02FB0274
:109CFC00FA02FA02F902F902F802F802F702F70284
:109D0C00F602F602F502F502F402F402F302F30293
:109D1C00F202F202F102F102F002F002EF02EF02A3
:109D2C00EE02EE02ED02ED02EC02EC02EB02EB02B3
:109D3C00EA02EA02E902E902E802E802E702E702C3
:109D4C00E602E602E502E502E402E402E302E302D3
:109D5C00E202E202E102E102E002E002DF02DF02E3
:109D6C00DE02DE02DD02DD02DC02DC02DB02DB02F3
:109D7C00DA02DA02D902D902D802D802D702D70203
:109D8C00D602D602D502D502D402D402D302D30213
:109D9C00D202D202D102D102D002D002CF02CF0223
:109DAC00CE02CE02CD02CD02CC02CC02CB02CB0233
:109DBC00CA02CA02C902C902C802C802C702C70243
:109DCC00C602C602C502C502C402C402C302C30253
:109DDC00C202C202C102C102C002C002BF02BF0263
:109DEC00BE02BE02BD02BD02BC02BC02BB02BB0273
:109DFC00BA02BA02B902B902B802B802B702B70283
:109E0C00B602B602B502B502B402B402B302B30292
:109E1C00B202B202B102B102B002B002AF02AF02A2
:109E2C00AE02AE02AD02AD02AC02AC02AB02AB02B2
:109E3C00AA02AA02A902A902A802A802A702A702C2
:109E4C00A602A602A502A502A402A402A302A302D2
:109E5C00A202A202A102A102A002A0029F029F02E2
:109E6C009E029E029D029D029C029C029B029B02F2
:109E7C009A029A0299029902980298029702970202
:109E8C009602960295029502940294029302930212
:109E9C009202920291029102900290028F028F0222
:109EAC008E028E028D028D028C028C028B028B0232
:109EBC008A028A0289028902880288028702870242
:109ECC008602860285028502840284028302830252
:109EDC008202820281028102800280027F027F0262
:109EEC007E027E027D027D027C027C027B027B0272
:109EFC007A027A0279027902780278027702770282
:109F0C007602760275027502740274027302730291
:109F1C007202720271027102700270026F026F02A1
:109F2C006E026E026D026D026C026C026B026B02B1
:109F3C006A026A02690269026802680267026702C1
:109F4C0066026602650265026402640263026302D1
:109F5C006202620261026102600260025F025F02E1
:109F6C005E025E025D025D025C025C025B025B02F1
:109F7C005A025A0259025902580258025702570201
:109F8C005602560255025502540254025302530211
:109F9C005202520251025102500250024F024F0221
:109FAC004E024E024D024D024C024C024B024B0231
:109FBC004A024A0249024902480248024702470241
:109FCC004602460245024502440244024302430251
:109FDC004202420241024102400240023F023F0261
:109FEC003E023E023D023D023C023C023B023B0271
:109FFC003A023A0239023902380238023702370281
:10A00C003602360235023502340234023302330290
:10A01C003202320231023102300230022F022F02A0
:10A02C002E022E022D022D022C022C022B022B02B0
:10A03C002A022A02290229022802280227022702C0
:10A04C0026022602250225022402240223022302D0
:10A05C002202220221022102200220021F021F02E0
:10A06C001E021E021D021D021C021C021B021B02F0
:10A07C001A021A0219021902180218021702170200
:10A08C001602160215021502140214021302130210
:10A09C001202120211021102100210020F020F0220
:10A0AC000E020E020D020D020C020C020B020B0230
:10A0BC000A020A0209020902080208020702070240
:10A0CC000602060205020502040204020302030250
:10A0DC00020202020102010200020002FF01FF0162
:10A0EC00FE01FE01FD01FD01FC01FC01FB01FB0178
:10A0FC00FA01FA01F901F901F801F801F701F70188
:10A10C00F601F601F501F501F401F401F301F30197
:10A11C00F201F201F101F101F001F001EF01EF01A7
:10A12C00EE01EE01ED01ED01EC01EC01EB01EB01B7
:10A13C00EA01EA01E901E901E801E801E701E701C7
:10A14C00E601E601E501E501E401E401E301E301D7
:10A15C00E201E201E101E101E001E001DF01DF01E7
:10A16C00DE01DE01DD01DD01DC01DC01DB01DB01F7
:10A17C00DA01DA01D901D901D801D801D701D70107
:10A18C00D601D601D501D501D401D401D301D30117
:10A19C00D201D201D101D101D001D001CF01CF0127
:10A1AC00CE01CE01CD01CD01CC01CC01CB01CB0137
:10A1BC00CA01CA01C901C901C801C801C701C70147
:10A1CC00C601C601C501C501C401C401C301C30157
:10A1DC00C201C201C101C101C001C001BF01BF0167
:10A1EC00BE01BE01BD01BD01BC01BC01BB01BB0177
:10A1FC00BA01BA01B901B901B801B801B701B70187
:10A20C00B601B601B501B501B401B401B301B30196
:10A21C00B201B201B101B101B001B001AF01AF01A6
:10A22C00AE01AE01AD01AD01AC01AC01AB01AB01B6
:10A23C00AA01AA01A901A901A801A801A701A701C6
:10A24C00A601A601A501A501A401A401A301A301D6
:10A25C00A201A201A101A101A001A0019F019F01E6
:10A26C009E019E019D019D019C019C019B019B01F6
:10A27C009A019A0199019901980198019701970106
:10A28C009601960195019501940194019301930116
:10A29C009201920191019101900190018F018F0126
:10A2AC008E018E018D018D018C018C018B018B0136
:10A2BC008A018A0189018901880188018701870146
:10A2CC008601860185018501840184018301830156
:10A2DC008201820181018101800180017F017F0166
:10A2EC007E017E017D017D017C017C017B017B0176
:10A2FC007A017A0179017901780178017701770186
:10A30C007601760175017501740174017301730195
:10A31C007201720171017101700170016F016F01A5
:10A32C006E016E016D016D016C016C016B016B01B5
:10A33C006A016A01690169016801680167016701C5
:10A34C0066016601650165016401640163016301D5
:10A35C006201620161016101600160015F015F01E5
:10A36C005E015E015D015D015C015C015B015B01F5
:10A37C005A015A0159015901580158015701570105
:10A38C005601560155015501540154015301530115
:10A39C005201520151015101500150014F014F0125
:10A3AC004E014E014D014D014C014C014B014B0135
:10A3BC004A014A0149014901480148014701470145
:10A3CC004601460145014501440144014301430155
:10A3DC004201420141014101400140013F013F0165
:10A3EC003E013E013D013D013C013C013B013B0175
:10A3FC003A013A0139013901380138013701370185
:10A40C003601360135013501340134013301330194
:10A41C003201320131013101300130012F012F01A4
:10A42C002E012E012D012D012C012C012B012B01B4
:10A43C002A012A01290129012801280127012701C4
:10A44C0026012601250125012401240123012301D4
:10A45C002201220121012101200120011F011F01E4
:10A46C001E011E011D011D011C011C011B011B01F4
:10A47C001A011A0119011901180118011701170104
:10A48C001601160115011501140114011301130114
:10A49C001201120111011101100110010F010F0124
:10A4AC000E010E010D010D010C010C010B010B0134
:10A4BC000A010A0109010901080108010701070144
:10A4CC000601060105010501040104010301030154
:10A4DC00020102010101010100010001FF00FF0066
:10A4EC00FE00FE00FD00FD00FC00FC00FB00FB007C
:10A4FC00FA00FA00F900F900F800F800F700F7008C
:10A50C00F600F600F500F500F400F400F300F3009B
:10A51C00F200F200F100F100F000F000EF00EF00AB
:10A52C00EE00EE00ED00ED00EC00EC00EB00EB00BB
:10A53C00EA00EA00E900E900E800E800E700E700CB
:10A54C00E600E600E500E500E400E400E300E300DB
:10A55C00E200E200E100E100E000E000DF00DF00EB
:10A56C00DE00DE00DD00DD00DC00DC00DB00DB00FB
:10A57C00DA00DA00D900D900D800D800D700D7000B
:10A58C00D600D600D500D500D400D400D300D3001B
:10A59C00D200D200D100D100D000D000CF00CF002B
:10A5AC00CE00CE00CD00CD00CC00CC00CB00CB003B
:10A5BC00CA00CA00C900C900C800C800C700C7004B
:10A5CC00C600C600C500C500C400C400C300C3005B
:10A5DC00C200C200C100C100C000C000BF00BF006B
:10A5EC00BE00BE00BD00BD00BC00BC00BB00BB007B
:10A5FC00BA00BA00B900B900B800B800B700B7008B
:10A60C00B600B600B500B500B400B400B300B3009A
:10A61C00B200B200B100B100B000B000AF00AF00AA
:10A62C00AE00AE00AD00AD00AC00AC00AB00AB00BA
:10A63C00AA00AA00A900A900A800A800A700A700CA
:10A64C00A600A600A500A500A400A400A300A300DA
:10A65C00A200A200A100A100A000A0009F009F00EA
:10A66C009E009E009D009D009C009C009B009B00FA
:10A67C009A009A009900990098009800970097000A
:10A68C00960096009500950094009400930093001A
:10A69C009200920091009100900090008F008F002A
:10A6AC008E008E008D008D008C008C008B008B003A
:10A6BC008A008A008900890088008800870087004A
:10A6CC00860086008500850084008400830083005A
:10A6DC008200820081008100800080007F007F006A
:10A6EC007E007E007D007D007C007C007B007B007A
:10A6FC007A007A007900790078007800770077008A
:10A70C007600760075007500740074007300730099
:10A71C007200720071007100700070006F006F00A9
:10A72C006E006E006D006D006C006C006B006B00B9
:10A73C006A006A00690069006800680067006700C9
:10A74C0066006600650065006400640063006300D9
:10A75C006200620061006100600060005F005F00E9
:10A76C005E005E005D005D005C005C005B005B00F9
:10A77C005A005A0059005900580058005700570009
:10A78C005600560055005500540054005300530019
:10A79C005200520051005100500050004F004F0029
:10A7AC004E004E004D004D004C004C004B004B0039
:10A7BC004A004A0049004900480048004700470049
:10A7CC004600460045004500440044004300430059
:10A7DC004200420041004100400040003F003F0069
:10A7EC003E003E003D003D003C003C003B003B0079
:10A7FC003A003A0039003900380038003700370089
:10A80C003600360035003500340034003300330098
:10A81C003200320031003100300030002F002F00A8
:10A82C002E002E002D002D002C002C002B002B00B8
:10A83C002A002A00290029002800280027002700C8
:10A84C0026002600250025002400240023002300D8
:10A85C002200220021002100200020001F001F00E8
:10A86C001E001E001D001D001C001C001B001B00F8
:10A87C001A001A0019001900180018001700170008
:10A88C001600160015001500140014001300130018
:10A89C001200120011001100100010000F000F0028
:10A8AC000E000E000D000D000C000C000B000B0038
:10A8BC000A000A0009000900080008000700070048
:10A8CC000600060005000500040004000300030058
:10A8DC000200020001000100000000000000000066
:10A8EC00000001000100020002000300030004004C
:10A8FC00040005000500060006000700070008001C
:10A90C000800090009000A000A000B000B000C00EB
:10A91C000C000D000D000E000E000F000F001000BB
:10A92C00100011001100120012001300130014008B
:10A93C00140015001500160016001700170018005B
:10A94C001800190019001A001A001B001B001C002B
:10A95C001C001D001D001E001E001F001F002000FB
:10A96C0020002100210022002200230023002400CB
:10A97C00240025002500260026002700270028009B
:10A98C002800290029002A002A002B002B002C006B
:10A99C002C002D002D002E002E002F002F0030003B
:10A9AC00300031003100320032003300330034000B
:10A9BC0034003500350036003600370037003800DB
:10A9CC003800390039003A003A003B003B003C00AB
:10A9DC003C003D003D003E003E003F003F0040007B
:10A9EC00400041004100420042004300430044004B
:10A9FC00440045004500460046004700470048001B
:10AA0C004800490049004A004A004B004B004C00EA
:10AA1C004C004D004D004E004E004F004F005000BA
:10AA2C00500051005100520052005300530054008A
:10AA3C00540055005500560056005700570058005A
:10AA4C005800590059005A005A005B005B005C002A
:10AA5C005C005D005D005E005E005F005F006000FA
:10AA6C0060006100610062006200630063006400CA
:10AA7C00640065006500660066006700670068009A
:10AA8C006800690069006A006A006B006B006C006A
:10AA9C006C006D006D006E006E006F006F0070003A
:10AAAC00700071007100720072007300730074000A
:10AABC0074007500750076007600770077007800DA
:10AACC007800790079007A007A007B007B007C00AA
:10AADC007C007D007D007E007E007F007F0080007A
:10AAEC00800081008100820082008300830084004A
:10AAFC00840085008500860086008700870088001A
:10AB0C008800890089008A008A008B008B008C00E9
:10AB1C008C008D008D008E008E008F008F009000B9
:10AB2C009000910091009200920093009300940089
:10AB3C009400950095009600960097009700980059
:10AB4C009800990099009A009A009B009B009C0029
:10AB5C009C009D009D009E009E009F009F00A000F9
:10AB6C00A000A100A100A200A200A300A300A400C9
:10AB7C00A400A500A500A600A600A700A700A80099
:10AB8C00A800A900A900AA00AA00AB00AB00AC0069
:10AB9C00AC00AD00AD00AE00AE00AF00AF00B00039
:10ABAC00B000B100B100B200B200B300B300B40009
:10ABBC00B400B500B500B600B600B700B700B800D9
:10ABCC00B800B900B900BA00BA00BB00BB00BC00A9
:10ABDC00BC00BD00BD00BE00BE00BF00BF00C00079
:10ABEC00C000C100C100C200C200C300C300C40049
:10ABFC00C400C500C500C600C600C700C700C80019
:10AC0C00C800C900C900CA00CA00CB00CB00CC00E8
:10AC1C00CC00CD00CD00CE00CE00CF00CF00D000B8
:10AC2C00D000D100D100D200D200D300D300D40088
:10AC3C00D400D500D500D600D600D700D700D80058
:10AC4C00D800D900D900DA00DA00DB00DB00DC0028
:10AC5C00DC00DD00DD00DE00DE00DF00DF00E000F8
:10AC6C00E000E100E100E200E200E300E300E400C8
:10AC7C00E400E500E500E600E600E700E700E80098
:10AC8C00E800E900E900EA00EA00EB00EB00EC0068
:10AC9C00EC00ED00ED00EE00EE00EF00EF00F00038
:10ACAC00F000F100F100F200F200F300F300F40008
:10ACBC00F400F500F500F600F600F700F700F800D8
:10ACCC00F800F900F900FA00FA00FB00FB00FC00A8
:10ACDC00FC00FD00FD00FE00FE00FF00FF00000177
:10ACEC000001010101010201020103010301040140
:10ACFC000401050105010601060107010701080110
:10AD0C000801090109010A010A010B010B010C01DF
:10AD1C000C010D010D010E010E010F010F011001AF
:10AD2C00100111011101120112011301130114017F
:10AD3C00140115011501160116011701170118014F
:10AD4C001801190119011A011A011B011B011C011F
:10AD5C001C011D011D011E011E011F011F012001EF
:10AD6C0020012101210122012201230123012401BF
:10AD7C00240125012501260126012701270128018F
:10AD8C002801290129012A012A012B012B012C015F
:10AD9C002C012D012D012E012E012F012F0130012F
:10ADAC0030013101310132013201330133013401FF
:10ADBC0034013501350136013601370137013801CF
:10ADCC003801390139013A013A013B013B013C019F
:10ADDC003C013D013D013E013E013F013F0140016F
:10ADEC00400141014101420142014301430144013F
:10ADFC00440145014501460146014701470148010F
:10AE0C004801490149014A014A014B014B014C01DE
:10AE1C004C014D014D014E014E014F014F015001AE
:10AE2C00500151015101520152015301530154017E
:10AE3C00540155015501560156015701570158014E
:10AE4C005801590159015A015A015B015B015C011E
:10AE5C005C015D015D015E015E015F015F016001EE
:10AE6C0060016101610162016201630163016401BE
:10AE7C00640165016501660166016701670168018E
:10AE8C006801690169016A016A016B016B016C015E
:10AE9C006C016D016D016E016E016F016F0170012E
:10AEAC0070017101710172017201730173017401FE
:10AEBC0074017501750176017601770177017801CE
:10AECC007801790179017A017A017B017B017C019E
:10AEDC007C017D017D017E017E017F017F0180016E
:10AEEC00800181018101820182018301830184013E
:10AEFC00840185018501860186018701870188010E
:10AF0C008801890189018A018A018B018B018C01DD
:10AF1C008C018D018D018E018E018F018F019001AD
:10AF2C00900191019101920192019301930194017D
:10AF3C00940195019501960196019701970198014D
:10AF4C009801990199019A019A019B019B019C011D
:10AF5C009C019D019D019E019E019F019F01A001ED
:10AF6C00A001A101A101A201A201A301A301A401BD
:10AF7C00A401A501A501A601A601A701A701A8018D
:10AF8C00A801A901A901AA01AA01AB01AB01AC015D
:10AF9C00AC01AD01AD01AE01AE01AF01AF01B0012D
:10AFAC00B001B101B101B201B201B301B301B401FD
:10AFBC00B401B501B501B601B601B701B701B801CD
:10AFCC00B801B901B901BA01BA01BB01BB01BC019D
:10AFDC00BC01BD01BD01BE01BE01BF01BF01C0016D
:10AFEC00C001C101C101C201C201C301C301C4013D
:10AFFC00C401C501C501C601C601C701C701C8010D
:10B00C00C801C901C901CA01CA01CB01CB01CC01DC
:10B01C00CC01CD01CD01CE01CE01CF01CF01D001AC
:10B02C00D001D101D101D201D201D301D301D4017C
:10B03C00D401D501D501D601D601D701D701D8014C
:10B04C00D801D901D901DA01DA01DB01DB01DC011C
:10B05C00DC01DD01DD01DE01DE01DF01DF01E001EC
:10B06C00E001E101E101E201E201E301E301E401BC
:10B07C00E401E501E501E601E601E701E701E8018C
:10B08C00E801E901E901EA01EA01EB01EB01EC015C
:10B09C00EC01ED01ED01EE01EE01EF01EF01F0012C
:10B0AC00F001F101F101F201F201F301F301F401FC
:10B0BC00F401F501F501F601F601F701F701F801CC
:10B0CC00F801F901F901FA01FA01FB01FB01FC019C
:10B0DC00FC01FD01FD01FE01FE01FF01FF0100026B
:10B0EC000002010201020202020203020302040234
:10B0FC000402050205020602060207020702080204
:10B10C000802090209020A020A020B020B020C02D3
:10B11C000C020D020D020E020E020F020F021002A3
:10B12C001002110211021202120213021302140273
:10B13C001402150215021602160217021702180243
:10B14C001802190219021A021A021B021B021C0213
:10B15C001C021D021D021E021E021F021F022002E3
:10B16C0020022102210222022202230223022402B3
:10B17C002402250225022602260227022702280283
:10B18C002802290229022A022A022B022B022C0253
:10B19C002C022D022D022E022E022F022F02300223
:10B1AC0030023102310232023202330233023402F3
:10B1BC0034023502350236023602370237023802C3
:10B1CC003802390239023A023A023B023B023C0293
:10B1DC003C023D023D023E023E023F023F02400263
:10B1EC004002410241024202420243024302440233
:10B1FC004402450245024602460247024702480203
:10B20C004802490249024A024A024B024B024C02D2
:10B21C004C024D024D024E024E024F024F025002A2
:10B22C005002510251025202520253025302540272
:10B23C005402550255025602560257025702580242
:10B24C005802590259025A025A025B025B025C0212
:10B25C005C025D025D025E025E025F025F026002E2
:10B26C0060026102610262026202630263026402B2
:10B27C006402650265026602660267026702680282
:10B28C006802690269026A026A026B026B026C0252
:10B29C006C026D026D026E026E026F026F02700222
:10B2AC0070027102710272027202730273027402F2
:10B2BC0074027502750276027602770277027802C2
:10B2CC007802790279027A027A027B027B027C0292
:10B2DC007C027D027D027E027E027F027F02800262
:10B2EC008002810281028202820283028302840232
:10B2FC008402850285028602860287028702880202
:10B30C008802890289028A028A028B028B028C02D1
:10B31C008C028D028D028E028E028F028F029002A1
:10B32C009002910291029202920293029302940271
:10B33C009402950295029602960297029702980241
:10B34C009802990299029A029A029B029B029C0211
:10B35C009C029D029D029E029E029F029F02A002E1
:10B36C00A002A102A102A202A202A302A302A402B1
:10B37C00A402A502A502A602A602A702A702A80281
:10B38C00A802A902A902AA02AA02AB02AB02AC0251
:10B39C00AC02AD02AD02AE02AE02AF02AF02B00221
:10B3AC00B002B102B102B202B202B302B302B402F1
:10B3BC00B402B502B502B602B602B702B702B802C1
:10B3CC00B802B902B902BA02BA02BB02BB02BC0291
:10B3DC00BC02BD02BD02BE02BE02BF02BF02C00261
:10B3EC00C002C102C102C202C202C302C302C40231
:10B3FC00C402C502C502C602C602C702C702C80201
:10B40C00C802C902C902CA02CA02CB02CB02CC02D0
:10B41C00CC02CD02CD02CE02CE02CF02CF02D002A0
:10B42C00D002D102D102D202D202D302D302D40270
:10B43C00D402D502D502D602D602D702D702D80240
:10B44C00D802D902D902DA02DA02DB02DB02DC0210
:10B45C00DC02DD02DD02DE02DE02DF02DF02E002E0
:10B46C00E002E102E102E202E202E302E302E402B0
:10B47C00E402E502E502E602E602E702E702E80280
:10B48C00E802E902E902EA02EA02EB02EB02EC0250
:10B49C00EC02ED02ED02EE02EE02EF02EF02F00220
:10B4AC00F002F102F102F202F202F302F302F402F0
:10B4BC00F402F502F502F602F602F702F702F802C0
:10B4CC00F802F902F902FA02FA02FB02FB02FC0290
:10B4DC00FC02FD02FD02FE02FE02FF02FF0200035F
:10B4EC000003010301030203020303030303040328
:10B4FC0004030503050306030603070307030803F8
:10B50C000803090309030A030A030B030B030C03C7
:10B51C000C030D030D030E030E030F030F03100397
:10B52C001003110311031203120313031303140367
:10B53C001403150315031603160317031703180337
:10B54C001803190319031A031A031B031B031C0307
:10B55C001C031D031D031E031E031F031F032003D7
:10B56C0020032103210322032203230323032403A7
:10B57C002403250325032603260327032703280377
:10B58C002803290329032A032A032B032B032C0347
:10B59C002C032D032D032E032E032F032F03300317
:10B5AC0030033103310332033203330333033403E7
:10B5BC0034033503350336033603370337033803B7
:10B5CC003803390339033A033A033B033B033C0387
:10B5DC003C033D033D033E033E033F033F03400357
:10B5EC004003410341034203420343034303440327
:10B5FC0044034503450346034603470347034803F7
:10B60C004803490349034A034A034B034B034C03C6
:10B61C004C034D034D034E034E034F034F03500396
:10B62C005003510351035203520353035303540366
:10B63C005403550355035603560357035703580336
:10B64C005803590359035A035A035B035B035C0306
:10B65C005C035D035D035E035E035F035F036003D6
:10B66C0060036103610362036203630363036403A6
:10B67C006403650365036603660367036703680376
:10B68C006803690369036A036A036B036B036C0346
:10B69C006C036D036D036E036E036F036F03700316
:10B6AC0070037103710372037203730373037403E6
:10B6BC0074037503750376037603770377037803B6
:10B6CC007803790379037A037A037B037B037C0386
:10B6DC007C037D037D037E037E037F037F03800356
:10B6EC008003810381038203820383038303840326
:10B6FC0084038503850386038603870387038803F6
:10B70C008803890389038A038A038B038B038C03C5
:10B71C008C038D038D038E038E038F038F03900395
:10B72C009003910391039203920393039303940365
:10B73C009403950395039603960397039703980335
:10B74C009803990399039A039A039B039B039C0305
:10B75C009C039D039D039E039E039F039F03A003D5
:10B76C00A003A103A103A203A203A303A303A403A5
:10B77C00A403A503A503A603A603A703A703A80375
:10B78C00A803A903A903AA03AA03AB03AB03AC0345
:10B79C00AC03AD03AD03AE03AE03AF03AF03B00315
:10B7AC00B003B103B103B203B203B303B303B403E5
:10B7BC00B403B503B503B603B603B703B703B803B5
:10B7CC00B803B903B903BA03BA03BB03BB03BC0385
:10B7DC00BC03BD03BD03BE03BE03BF03BF03C00355
:10B7EC00C003C103C103C203C203C303C303C40325
:10B7FC00C403C503C503C603C603C703C703C803F5
:10B80C00C803C903C903CA03CA03CB03CB03CC03C4
:10B81C00CC03CD03CD03CE03CE03CF03CF03D00394
:10B82C00D003D103D103D203D203D303D303D40364
:10B83C00D403D503D503D603D603D703D703D80334
:10B84C00D803D903D903DA03DA03DB03DB03DC0304
:10B85C00DC03DD03DD03DE03DE03DF03DF03E003D4
:10B86C00E003E103E103E203E203E303E303E403A4
:10B87C00E403E503E503E603E603E703E703E80374
:10B88C00E803E903E903EA03EA03EB03EB03EC0344
:10B89C00EC03ED03ED03EE03EE03EF03EF03F00314
:10B8AC00F003F103F103F203F203F303F303F403E4
:10B8BC00F403F503F503F603F603F703F703F803B4
:10B8CC00F803F903F903FA03FA03FB03FB03FC0384
:10B8DC00FC03FD03FD03FE03FE03FF03FF03000453
:10B8EC00000401040104020402040304030404041C
:10B8FC0004040504050406040604070407040804EC
:10B90C000804090409040A040A040B040B040C04BB
:10B91C000C040D040D040E040E040F040F0410048B
:10B92C00100411041104120412041304130414045B
:10B93C00140415041504160416041704170418042B
:10B94C001804190419041A041A041B041B041C04FB
:10B95C001C041D041D041E041E041F041F042004CB
:10B96C00200421042104220422042304230424049B
:10B97C00240425042504260426042704270428046B
:10B98C002804290429042A042A042B042B042C043B
:10B99C002C042D042D042E042E042F042F0430040B
:10B9AC0030043104310432043204330433043404DB
:10B9BC0034043504350436043604370437043804AB
:10B9CC003804390439043A043A043B043B043C047B
:10B9DC003C043D043D043E043E043F043F0440044B
:10B9EC00400441044104420442044304430444041B
:10B9FC0044044504450446044604470447044804EB
:10BA0C004804490449044A044A044B044B044C04BA
:10BA1C004C044D044D044E044E044F044F0450048A
:10BA2C00500451045104520452045304530454045A
:10BA3C00540455045504560456045704570458042A
:10BA4C005804590459045A045A045B045B045C04FA
:10BA5C005C045D045D045E045E045F045F046004CA
:10BA6C00600461046104620462046304630464049A
:10BA7C00640465046504660466046704670468046A
:10BA8C006804690469046A046A046B046B046C043A
:10BA9C006C046D046D046E046E046F046F0470040A
:10BAAC0070047104710472047204730473047404DA
:10BABC0074047504750476047604770477047804AA
:10BACC007804790479047A047A047B047B047C047A
:10BADC007C047D047D047E047E047F047F0480044A
:10BAEC00800481048104820482048304830484041A
:10BAFC0084048504850486048604870487048804EA
:10BB0C008804890489048A048A048B048B048C04B9
:10BB1C008C048D048D048E048E048F048F04900489
:10BB2C009004910491049204920493049304940459
:10BB3C009404950495049604960497049704980429
:10BB4C009804990499049A049A049B049B049C04F9
:10BB5C009C049D049D049E049E049F049F04A004C9
:10BB6C00A004A104A104A204A204A304A304A40499
:10BB7C00A404A504A504A604A604A704A704A80469
:10BB8C00A804A904A904AA04AA04AB04AB04AC0439
:10BB9C00AC04AD04AD04AE04AE04AF04AF04B00409
:10BBAC00B004B104B104B204B204B304B304B404D9
:10BBBC00B404B504B504B604B604B704B704B804A9
:10BBCC00B804B904B904BA04BA04BB04BB04BC0479
:10BBDC00BC04BD04BD04BE04BE04BF04BF04C00449
:10BBEC00C004C104C104C204C204C304C304C40419
:10BBFC00C404C504C504C604C604C704C704C804E9
:10BC0C00C804C904C904CA04CA04CB04CB04CC04B8
:10BC1C00CC04CD04CD04CE04CE04CF04CF04D00488
:10BC2C00D004D104D104D204D204D304D304D40458
:10BC3C00D404D504D504D604D604D704D704D80428
:10BC4C00D804D904D904DA04DA04DB04DB04DC04F8
:10BC5C00DC04DD04DD04DE04DE04DF04DF04E004C8
:10BC6C00E004E104E104E204E204E304E304E40498
:10BC7C00E404E504E504E604E604E704E704E80468
:10BC8C00E804E904E904EA04EA04EB04EB04EC0438
:10BC9C00EC04ED04ED04EE04EE04EF04EF04F00408
:10BCAC00F004F104F104F204F204F304F304F404D8
:10BCBC00F404F504F504F604F604F704F704F804A8
:10BCCC00F804F904F904FA04FA04FB04FB04FC0478
:10BCDC00FC04FD04FD04FE04FE04FF04FF04000547
:10BCEC000005010501050205020503050305040510
:10BCFC0004050505050506050605070507050805E0
:10BD0C000805090509050A050A050B050B050C05AF
:10BD1C000C050D050D050E050E050F050F0510057F
:10BD2C00100511051105120512051305130514054F
:10BD3C00140515051505160516051705170518051F
:10BD4C001805190519051A051A051B051B051C05EF
:10BD5C001C051D051D051E051E051F051F052005BF
:10BD6C00200521052105220522052305230524058F
:10BD7C00240525052505260526052705270528055F
:10BD8C002805290529052A052A052B052B052C052F
:10BD9C002C052D052D052E052E052F052F053005FF
:10BDAC0030053105310532053205330533053405CF
:10BDBC00340535053505360536053705370538059F
:10BDCC003805390539053A053A053B053B053C056F
:10BDDC003C053D053D053E053E053F053F0540053F
:10BDEC00400541054105420542054305430544050F
:10BDFC0044054505450546054605470547054805DF
:10BE0C004805490549054A054A054B054B054C05AE
:10BE1C004C054D054D054E054E054F054F0550057E
:10BE2C00500551055105520552055305530554054E
:10BE3C00540555055505560556055705570558051E
:10BE4C005805590559055A055A055B055B055C05EE
:10BE5C005C055D055D055E055E055F055F056005BE
:10BE6C00600561056105620562056305630564058E
:10BE7C00640565056505660566056705670568055E
:10BE8C006805690569056A056A056B056B056C052E
:10BE9C006C056D056D056E056E056F056F057005FE
:10BEAC0070057105710572057205730573057405CE
:10BEBC00740575057505760576057705770578059E
:10BECC007805790579057A057A057B057B057C056E
:10BEDC007C057D057D057E057E057F057F0580053E
:10BEEC00800581058105820582058305830584050E
:10BEFC0084058505850586058605870587058805DE
:10BF0C008805890589058A058A058B058B058C05AD
:10BF1C008C058D058D058E058E058F058F0590057D
:10BF2C00900591059105920592059305930594054D
:10BF3C00940595059505960596059705970598051D
:10BF4C009805990599059A059A059B059B059C05ED
:10BF5C009C059D059D059E059E059F059F05A005BD
:10BF6C00A005A105A105A205A205A305A305A4058D
:10BF7C00A405A505A505A605A605A705A705A8055D
:10BF8C00A805A905A905AA05AA05AB05AB05AC052D
:10BF9C00AC05AD05AD05AE05AE05AF05AF05B005FD
:10BFAC00B005B105B105B205B205B305B305B405CD
:10BFBC00B405B505B505B605B605B705B705B8059D
:10BFCC00B805B905B905BA05BA05BB05BB05BC056D
:10BFDC00BC05BD05BD05BE05BE05BF05BF05C0053D
:10BFEC00C005C105C105C205C205C305C305C4050D
:10BFFC00C405C505C505C605C605C705C705C805DD
:10C00C00C805C905C905CA05CA05CB05CB05CC05AC
:10C01C00CC05CD05CD05CE05CE05CF05CF05D0057C
:10C02C00D005D105D105D205D205D305D305D4054C
:10C03C00D405D505D505D605D605D705D705D8051C
:10C04C00D805D905D905DA05DA05DB05DB05DC05EC
:10C05C00DC05DD05DD05DE05DE05DF05DF05E005BC
:10C06C00E005E105E105E205E205E305E305E4058C
:10C07C00E405E505E505E605E605E705E705E8055C
:10C08C00E805E905E905EA05EA05EB05EB05EC052C
:10C09C00EC05ED05ED05EE05EE05EF05EF05F005FC
:10C0AC00F005F105F105F205F205F305F305F405CC
:10C0BC00F405F505F505F605F605F705F705F8059C
:10C0CC00F805F905F905FA05FA05FB05FB05FC056C
:10C0DC00FC05FD05FD05FE05FE05FF05FF0500063B
:10C0EC000006010601060206020603060306040604
:10C0FC0004060506050606060606070607060806D4
:10C10C000806090609060A060A060B060B060C06A3
:10C11C000C060D060D060E060E060F060F06100673
:10C12C001006110611061206120613061306140643
:10C13C001406150615061606160617061706180613
:10C14C001806190619061A061A061B061B061C06E3
:10C15C001C061D061D061E061E061F061F062006B3
:10C16C002006210621062206220623062306240683
:10C17C002406250625062606260627062706280653
:10C18C002806290629062A062A062B062B062C0623
:10C19C002C062D062D062E062E062F062F063006F3
:10C1AC0030063106310632063206330633063406C3
:10C1BC003406350635063606360637063706380693
:10C1CC003806390639063A063A063B063B063C0663
:10C1DC003C063D063D063E063E063F063F06400633
:10C1EC004006410641064206420643064306440603
:10C1FC0044064506450646064606470647064806D3
:10C20C004806490649064A064A064B064B064C06A2
:10C21C004C064D064D064E064E064F064F06500672
:10C22C005006510651065206520653065306540642
:10C23C005406550655065606560657065706580612
:10C24C005806590659065A065A065B065B065C06E2
:10C25C005C065D065D065E065E065F065F066006B2
:10C26C006006610661066206620663066306640682
:10C27C006406650665066606660667066706680652
:10C28C006806690669066A066A066B066B066C0622
:10C29C006C066D066D066E066E066F066F067006F2
:10C2AC0070067106710672067206730673067406C2
:10C2BC007406750675067606760677067706780692
:10C2CC007806790679067A067A067B067B067C0662
:10C2DC007C067D067D067E067E067F067F06800632
:10C2EC008006810681068206820683068306840602
:10C2FC0084068506850686068606870687068806D2
:10C30C008806890689068A068A068B068B068C06A1
:10C31C008C068D068D068E068E068F068F06900671
:10C32C009006910691069206920693069306940641
:10C33C009406950695069606960697069706980611
:10C34C009806990699069A069A069B069B069C06E1
:10C35C009C069D069D069E069E069F069F06A006B1
:10C36C00A006A106A106A206A206A306A306A40681
:10C37C00A406A506A506A606A606A706A706A80651
:10C38C00A806A906A906AA06AA06AB06AB06AC0621
:10C39C00AC06AD06AD06AE06AE06AF06AF06B006F1
:10C3AC00B006B106B106B206B206B306B306B406C1
:10C3BC00B406B506B506B606B606B706B706B80691
:10C3CC00B806B906B906BA06BA06BB06BB06BC0661
:10C3DC00BC06BD06BD06BE06BE06BF06BF06C00631
:10C3EC00C006C106C106C206C206C306C306C40601
:10C3FC00C406C506C506C606C606C706C706C806D1
:10C40C00C806C906C906CA06CA06CB06CB06CC06A0
:10C41C00CC06CD06CD06CE06CE06CF06CF06D00670
:10C42C00D006D106D106D206D206D306D306D40640
:10C43C00D406D506D506D606D606D706D706D80610
:10C44C00D806D906D906DA06DA06DB06DB06DC06E0
:10C45C00DC06DD06DD06DE06DE06DF06DF06E006B0
:10C46C00E006E106E106E206E206E306E306E40680
:10C47C00E406E506E506E606E606E706E706E80650
:10C48C00E806E906E906EA06EA06EB06EB06EC0620
:10C49C00EC06ED06ED06EE06EE06EF06EF06F006F0
:10C4AC00F006F106F106F206F206F306F306F406C0
:10C4BC00F406F506F506F606F606F706F706F80690
:10C4CC00F806F906F906FA06FA06FB06FB06FC0660
:10C4DC00FC06FD06FD06FE06FE06FF06FF0600072F
:10C4EC0000070107010702070207030703070407F8
:10C4FC0004070507050706070607070707070807C8
:10C50C000807090709070A070A070B070B070C0797
:10C51C000C070D070D070E070E070F070F07100767
:10C52C001007110711071207120713071307140737
:10C53C001407150715071607160717071707180707
:10C54C001807190719071A071A071B071B071C07D7
:10C55C001C071D071D071E071E071F071F072007A7
:10C56C002007210721072207220723072307240777
:10C57C002407250725072607260727072707280747
:10C58C002807290729072A072A072B072B072C0717
:10C59C002C072D072D072E072E072F072F073007E7
:10C5AC0030073107310732073207330733073407B7
:10C5BC003407350735073607360737073707380787
:10C5CC003807390739073A073A073B073B073C0757
:10C5DC003C073D073D073E073E073F073F07400727
:10C5EC0040074107410742074207430743074407F7
:10C5FC0044074507450746074607470747074807C7
:10C60C004807490749074A074A074B074B074C0796
:10C61C004C074D074D074E074E074F074F07500766
:10C62C005007510751075207520753075307540736
:10C63C005407550755075607560757075707580706
:10C64C005807590759075A075A075B075B075C07D6
:10C65C005C075D075D075E075E075F075F076007A6
:10C66C006007610761076207620763076307640776
:10C67C006407650765076607660767076707680746
:10C68C006807690769076A076A076B076B076C0716
:10C69C006C076D076D076E076E076F076F077007E6
:10C6AC0070077107710772077207730773077407B6
:10C6BC007407750775077607760777077707780786
:10C6CC007807790779077A077A077B077B077C0756
:10C6DC007C077D077D077E077E077F077F07800726
:10C6EC0080078107810782078207830783078407F6
:10C6FC0084078507850786078607870787078807C6
:10C70C008807890789078A078A078B078B078C0795
:10C71C008C078D078D078E078E078F078F07900765
:10C72C009007910791079207920793079307940735
:10C73C009407950795079607960797079707980705
:10C74C009807990799079A079A079B079B079C07D5
:10C75C009C079D079D079E079E079F079F07A007A5
:10C76C00A007A107A107A207A207A307A307A40775
:10C77C00A407A507A507A607A607A707A707A80745
:10C78C00A807A907A907AA07AA07AB07AB07AC0715
:10C79C00AC07AD07AD07AE07AE07AF07AF07B007E5
:10C7AC00B007B107B107B207B207B307B307B407B5
:10C7BC00B407B507B507B607B607B707B707B80785
:10C7CC00B807B907B907BA07BA07BB07BB07BC0755
:10C7DC00BC07BD07BD07BE07BE07BF07BF07C00725
:10C7EC00C007C107C107C207C207C307C307C407F5
:10C7FC00C407C507C507C607C607C707C707C807C5
:10C80C00C807C907C907CA07CA07CB07CB07CC0794
:10C81C00CC07CD07CD07CE07CE07CF07CF07D00764
:10C82C00D007D107D107D207D207D307D307D40734
:10C83C00D407D507D507D607D607D707D707D80704
:10C84C00D807D907D907DA07DA07DB07DB07DC07D4
:10C85C00DC07DD07DD07DE07DE07DF07DF07E007A4
:10C86C00E007E107E107E207E207E307E307E40774
:10C87C00E407E507E507E607E607E707E707E80744
:10C88C00E807E907E907EA07EA07EB07EB07EC0714
:10C89C00EC07ED07ED07EE07EE07EF07EF07F007E4
:10C8AC00F007F107F107F207F207F307F307F407B4
:10C8BC00F407F507F507F607F607F707F707F80784
:10C8CC00F807F907F907FA07FA07FB07FB07FC0754
:10C8DC00FC07FD07FD07FE07FE07FF07FF07FF0725
:10C8EC0000080008010801080208020803080308F0
:10C8FC0004080408050805080608060807080708C0
:10C90C0008080808090809080A080A080B080B088F
:10C91C000C080C080D080D080E080E080F080F085F
:10C92C00100810081108110812081208130813082F
:10C93C0014081408150815081608160817081708FF
:10C94C0018081808190819081A081A081B081B08CF
:10C95C001C081C081D081D081E081E081F081F089F
:10C96C00200820082108210822082208230823086F
:10C97C00240824082508250826082608270827083F
:10C98C0028082808290829082A082A082B082B080F
:10C99C002C082C082D082D082E082E082F082F08DF
:10C9AC0030083008310831083208320833083308AF
:10C9BC00340834083508350836083608370837087F
:10C9CC0038083808390839083A083A083B083B084F
:10C9DC003C083C083D083D083E083E083F083F081F
:10C9EC0040084008410841084208420843084308EF
:10C9FC0044084408450845084608460847084708BF
:10CA0C0048084808490849084A084A084B084B088E
:10CA1C004C084C084D084D084E084E084F084F085E
:10CA2C00500850085108510852085208530853082E
:10CA3C0054085408550855085608560857085708FE
:10CA4C0058085808590859085A085A085B085B08CE
:10CA5C005C085C085D085D085E085E085F085F089E
:10CA6C00600860086108610862086208630863086E
:10CA7C00640864086508650866086608670867083E
:10CA8C0068086808690869086A086A086B086B080E
:10CA9C006C086C086D086D086E086E086F086F08DE
:10CAAC0070087008710871087208720873087308AE
:10CABC00740874087508750876087608770877087E
:10CACC0078087808790879087A087A087B087B084E
:10CADC007C087C087D087D087E087E087F087F081E
:10CAEC0080088008810881088208820883088308EE
:10CAFC0084088408850885088608860887088708BE
:10CB0C0088088808890889088A088A088B088B088D
:10CB1C008C088C088D088D088E088E088F088F085D
:10CB2C00900890089108910892089208930893082D
:10CB3C0094089408950895089608960897089708FD
:10CB4C0098089808990899089A089A089B089B08CD
:10CB5C009C089C089D089D089E089E089F089F089D
:10CB6C00A008A008A108A108A208A208A308A3086D
:10CB7C00A408A408A508A508A608A608A708A7083D
:10CB8C00A808A808A908A908AA08AA08AB08AB080D
:10CB9C00AC08AC08AD08AD08AE08AE08AF08AF08DD
:10CBAC00B008B008B108B108B208B208B308B308AD
:10CBBC00B408B408B508B508B608B608B708B7087D
:10CBCC00B808B808B908B908BA08BA08BB08BB084D
:10CBDC00BC08BC08BD08BD08BE08BE08BF08BF081D
:10CBEC00C008C008C108C108C208C208C308C308ED
:10CBFC00C408C408C508C508C608C608C708C708BD
:10CC0C00C808C808C908C908CA08CA08CB08CB088C
:10CC1C00CC08CC08CD08CD08CE08CE08CF08CF085C
:10CC2C00D008D008D108D108D208D208D308D3082C
:10CC3C00D408D408D508D508D608D608D708D708FC
:10CC4C00D808D808D908D908DA08DA08DB08DB08CC
:10CC5C00DC08DC08DD08DD08DE08DE08DF08DF089C
:10CC6C00E008E008E108E108E208E208E308E3086C
:10CC7C00E408E408E508E508E608E608E708E7083C
:10CC8C00E808E808E908E908EA08EA08EB08EB080C
:10CC9C00EC08EC08ED08ED08EE08EE08EF08EF08DC
:10CCAC00F008F008F108F108F208F208F308F308AC
:10CCBC00F408F408F508F508F608F608F708F7087C
:10CCCC00F808F808F908F908FA08FA08FB08FB084C
:10CCDC00FC08FC08FD08FD08FE08FE08FF08FF081C
:10CCEC0000090009010901090209020903090309E4
:10CCFC0004090409050905090609060907090709B4
:10CD0C0008090809090909090A090A090B090B0983
:10CD1C000C090C090D090D090E090E090F090F0953
:10CD2C001009100911091109120912091309130923
:10CD3C0014091409150915091609160917091709F3
:10CD4C0018091809190919091A091A091B091B09C3
:10CD5C001C091C091D091D091E091E091F091F0993
:10CD6C002009200921092109220922092309230963
:10CD7C002409240925092509260926092709270933
:10CD8C0028092809290929092A092A092B092B0903
:10CD9C002C092C092D092D092E092E092F092F09D3
:10CDAC0030093009310931093209320933093309A3
:10CDBC003409340935093509360936093709370973
:10CDCC0038093809390939093A093A093B093B0943
:10CDDC003C093C093D093D093E093E093F093F0913
:10CDEC0040094009410941094209420943094309E3
:10CDFC0044094409450945094609460947094709B3
:10CE0C0048094809490949094A094A094B094B0982
:10CE1C004C094C094D094D094E094E094F094F0952
:10CE2C005009500951095109520952095309530922
:10CE3C0054095409550955095609560957095709F2
:10CE4C0058095809590959095A095A095B095B09C2
:10CE5C005C095C095D095D095E095E095F095F0992
:10CE6C006009600961096109620962096309630962
:10CE7C006409640965096509660966096709670932
:10CE8C0068096809690969096A096A096B096B0902
:10CE9C006C096C096D096D096E096E096F096F09D2
:10CEAC0070097009710971097209720973097309A2
:10CEBC007409740975097509760976097709770972
:10CECC0078097809790979097A097A097B097B0942
:10CEDC007C097C097D097D097E097E097F097F0912
:10CEEC0080098009810981098209820983098309E2
:10CEFC0084098409850985098609860987098709B2
:10CF0C0088098809890989098A098A098B098B0981
:10CF1C008C098C098D098D098E098E098F098F0951
:10CF2C009009900991099109920992099309930921
:10CF3C0094099409950995099609960997099709F1
:10CF4C0098099809990999099A099A099B099B09C1
:10CF5C009C099C099D099D099E099E099F099F0991
:10CF6C00A009A009A109A109A209A209A309A30961
:10CF7C00A409A409A509A509A609A609A709A70931
:10CF8C00A809A809A909A909AA09AA09AB09AB0901
:10CF9C00AC09AC09AD09AD09AE09AE09AF09AF09D1
:10CFAC00B009B009B109B109B209B209B309B309A1
:10CFBC00B409B409B509B509B609B609B709B70971
:10CFCC00B809B809B909B909BA09BA09BB09BB0941
:10CFDC00BC09BC09BD09BD09BE09BE09BF09BF0911
:10CFEC00C009C009C109C109C209C209C309C309E1
:10CFFC00C409C409C509C509C609C609C709C709B1
:10D00C00C809C809C909C909CA09CA09CB09CB0980
:10D01C00CC09CC09CD09CD09CE09CE09CF09CF0950
:10D02C00D009D009D109D109D209D209D309D30920
:10D03C00D409D409D509D509D609D609D709D709F0
:10D04C00D809D809D909D909DA09DA09DB09DB09C0
:10D05C00DC09DC09DD09DD09DE09DE09DF09DF0990
:10D06C00E009E009E109E109E209E209E309E30960
:10D07C00E409E409E509E509E609E609E709E70930
:10D08C00E809E809E909E909EA09EA09EB09EB0900
:10D09C00EC09EC09ED09ED09EE09EE09EF09EF09D0
:10D0AC00F009F009F109F109F209F209F309F309A0
:10D0BC00F409F409F509F509F609F609F709F70970
:10D0CC00F809F809F909F909FA09FA09FB09FB0940
:10D0DC00FC09FC09FD09FD09FE09FE09FF09FF0910
:10D0EC00000A000A010A010A020A020A030A030AD8
:10D0FC00040A040A050A050A060A060A070A070AA8
:10D10C00080A080A090A090A0A0A0A0A0B0A0B0A77
:10D11C000C0A0C0A0D0A0D0A0E0A0E0A0F0A0F0A47
:10D12C00100A100A110A110A120A120A130A130A17
:10D13C00140A140A150A150A160A160A170A170AE7
:10D14C00180A180A190A190A1A0A1A0A1B0A1B0AB7
:10D15C001C0A1C0A1D0A1D0A1E0A1E0A1F0A1F0A87
:10D16C00200A200A210A210A220A220A230A230A57
:10D17C00240A240A250A250A260A260A270A270A27
:10D18C00280A280A290A290A2A0A2A0A2B0A2B0AF7
:10D19C002C0A2C0A2D0A2D0A2E0A2E0A2F0A2F0AC7
:10D1AC00300A300A310A310A320A320A330A330A97
:10D1BC00340A340A350A350A360A360A370A370A67
:10D1CC00380A380A390A390A3A0A3A0A3B0A3B0A37
:10D1DC003C0A3C0A3D0A3D0A3E0A3E0A3F0A3F0A07
:10D1EC00400A400A410A410A420A420A430A430AD7
:10D1FC00440A440A450A450A460A460A470A470AA7
:10D20C00480A480A490A490A4A0A4A0A4B0A4B0A76
:10D21C004C0A4C0A4D0A4D0A4E0A4E0A4F0A4F0A46
:10D22C00500A500A510A510A520A520A530A530A16
:10D23C00540A540A550A550A560A560A570A570AE6
:10D24C00580A580A590A590A5A0A5A0A5B0A5B0AB6
:10D25C005C0A5C0A5D0A5D0A5E0A5E0A5F0A5F0A86
:10D26C00600A600A610A610A620A620A630A630A56
:10D27C00640A640A650A650A660A660A670A670A26
:10D28C00680A680A690A690A6A0A6A0A6B0A6B0AF6
:10D29C006C0A6C0A6D0A6D0A6E0A6E0A6F0A6F0AC6
:10D2AC00700A700A710A710A720A720A730A730A96
:10D2BC00740A740A750A750A760A760A770A770A66
:10D2CC00780A780A790A790A7A0A7A0A7B0A7B0A36
:10D2DC007C0A7C0A7D0A7D0A7E0A7E0A7F0A7F0A06
:10D2EC00800A800A810A810A820A820A830A830AD6
:10D2FC00840A840A850A850A860A860A870A870AA6
:10D30C00880A880A890A890A8A0A8A0A8B0A8B0A75
:10D31C008C0A8C0A8D0A8D0A8E0A8E0A8F0A8F0A45
:10D32C00900A900A910A910A920A920A930A930A15
:10D33C00940A940A950A950A960A960A970A970AE5
:10D34C00980A980A990A990A9A0A9A0A9B0A9B0AB5
:10D35C009C0A9C0A9D0A9D0A9E0A9E0A9F0A9F0A85
:10D36C00A00AA00AA10AA10AA20AA20AA30AA30A55
:10D37C00A40AA40AA50AA50AA60AA60AA70AA70A25
:10D38C00A80AA80AA90AA90AAA0AAA0AAB0AAB0AF5
:10D39C00AC0AAC0AAD0AAD0AAE0AAE0AAF0AAF0AC5
:10D3AC00B00AB00AB10AB10AB20AB20AB30AB30A95
:10D3BC00B40AB40AB50AB50AB60AB60AB70AB70A65
:10D3CC00B80AB80AB90AB90ABA0ABA0ABB0ABB0A35
:10D3DC00BC0ABC0ABD0ABD0ABE0ABE0ABF0ABF0A05
:10D3EC00C00AC00AC10AC10AC20AC20AC30AC30AD5
:10D3FC00C40AC40AC50AC50AC60AC60AC70AC70AA5
:10D40C00C80AC80AC90AC90ACA0ACA0ACB0ACB0A74
:10D41C00CC0ACC0ACD0ACD0ACE0ACE0ACF0ACF0A44
:10D42C00D00AD00AD10AD10AD20AD20AD30AD30A14
:10D43C00D40AD40AD50AD50AD60AD60AD70AD70AE4
:10D44C00D80AD80AD90AD90ADA0ADA0ADB0ADB0AB4
:10D45C00DC0ADC0ADD0ADD0ADE0ADE0ADF0ADF0A84
:10D46C00E00AE00AE10AE10AE20AE20AE30AE30A54
:10D47C00E40AE40AE50AE50AE60AE60AE70AE70A24
:10D48C00E80AE80AE90AE90AEA0AEA0AEB0AEB0AF4
:10D49C00EC0AEC0AED0AED0AEE0AEE0AEF0AEF0AC4
:10D4AC00F00AF00AF10AF10AF20AF20AF30AF30A94
:10D4BC00F40AF40AF50AF50AF60AF60AF70AF70A64
:10D4CC00F80AF80AF90AF90AFA0AFA0AFB0AFB0A34
:10D4DC00FC0AFC0AFD0AFD0AFE0AFE0AFF0AFF0A04
:10D4EC00000B000B010B010B020B020B030B030BCC
:10D4FC00040B040B050B050B060B060B070B070B9C
:10D50C00080B080B090B090B0A0B0A0B0B0B0B0B6B
:10D51C000C0B0C0B0D0B0D0B0E0B0E0B0F0B0F0B3B
:10D52C00100B100B110B110B120B120B130B130B0B
:10D53C00140B140B150B150B160B160B170B170BDB
:10D54C00180B180B190B190B1A0B1A0B1B0B1B0BAB
:10D55C001C0B1C0B1D0B1D0B1E0B1E0B1F0B1F0B7B
:10D56C00200B200B210B210B220B220B230B230B4B
:10D57C00240B240B250B250B260B260B270B270B1B
:10D58C00280B280B290B290B2A0B2A0B2B0B2B0BEB
:10D59C002C0B2C0B2D0B2D0B2E0B2E0B2F0B2F0BBB
:10D5AC00300B300B310B310B320B320B330B330B8B
:10D5BC00340B340B350B350B360B360B370B370B5B
:10D5CC00380B380B390B390B3A0B3A0B3B0B3B0B2B
:10D5DC003C0B3C0B3D0B3D0B3E0B3E0B3F0B3F0BFB
:10D5EC00400B400B410B410B420B420B430B430BCB
:10D5FC00440B440B450B450B460B460B470B470B9B
:10D60C00480B480B490B490B4A0B4A0B4B0B4B0B6A
:10D61C004C0B4C0B4D0B4D0B4E0B4E0B4F0B4F0B3A
:10D62C00500B500B510B510B520B520B530B530B0A
:10D63C00540B540B550B550B560B560B570B570BDA
:10D64C00580B580B590B590B5A0B5A0B5B0B5B0BAA
:10D65C005C0B5C0B5D0B5D0B5E0B5E0B5F0B5F0B7A
:10D66C00600B600B610B610B620B620B630B630B4A
:10D67C00640B640B650B650B660B660B670B670B1A
:10D68C00680B680B690B690B6A0B6A0B6B0B6B0BEA
:10D69C006C0B6C0B6D0B6D0B6E0B6E0B6F0B6F0BBA
:10D6AC00700B700B710B710B720B720B730B730B8A
:10D6BC00740B740B750B750B760B760B770B770B5A
:10D6CC00780B780B790B790B7A0B7A0B7B0B7B0B2A
:10D6DC007C0B7C0B7D0B7D0B7E0B7E0B7F0B7F0BFA
:10D6EC00800B800B810B810B820B820B830B830BCA
:10D6FC00840B840B850B850B860B860B870B870B9A
:10D70C00880B880B890B890B8A0B8A0B8B0B8B0B69
:10D71C008C0B8C0B8D0B8D0B8E0B8E0B8F0B8F0B39
:10D72C00900B900B910B910B920B920B930B930B09
:10D73C00940B940B950B950B960B960B970B970BD9
:10D74C00980B980B990B990B9A0B9A0B9B0B9B0BA9
:10D75C009C0B9C0B9D0B9D0B9E0B9E0B9F0B9F0B79
:10D76C00A00BA00BA10BA10BA20BA20BA30BA30B49
:10D77C00A40BA40BA50BA50BA60BA60BA70BA70B19
:10D78C00A80BA80BA90BA90BAA0BAA0BAB0BAB0BE9
:10D79C00AC0BAC0BAD0BAD0BAE0BAE0BAF0BAF0BB9
:10D7AC00B00BB00BB10BB10BB20BB20BB30BB30B89
:10D7BC00B40BB40BB50BB50BB60BB60BB70BB70B59
:10D7CC00B80BB80BB90BB90BBA0BBA0BBB0BBB0B29
:10D7DC00BC0BBC0BBD0BBD0BBE0BBE0BBF0BBF0BF9
:10D7EC00C00BC00BC10BC10BC20BC20BC30BC30BC9
:10D7FC00C40BC40BC50BC50BC60BC60BC70BC70B99
:10D80C00C80BC80BC90BC90BCA0BCA0BCB0BCB0B68
:10D81C00CC0BCC0BCD0BCD0BCE0BCE0BCF0BCF0B38
:10D82C00D00BD00BD10BD10BD20BD20BD30BD30B08
:10D83C00D40BD40BD50BD50BD60BD60BD70BD70BD8
:10D84C00D80BD80BD90BD90BDA0BDA0BDB0BDB0BA8
:10D85C00DC0BDC0BDD0BDD0BDE0BDE0BDF0BDF0B78
:10D86C00E00BE00BE10BE10BE20BE20BE30BE30B48
:10D87C00E40BE40BE50BE50BE60BE60BE70BE70B18
:10D88C00E80BE80BE90BE90BEA0BEA0BEB0BEB0BE8
:10D89C00EC0BEC0BED0BED0BEE0BEE0BEF0BEF0BB8
:10D8AC00F00BF00BF10BF10BF20BF20BF30BF30B88
:10D8BC00F40BF40BF50BF50BF60BF60BF70BF70B58
:10D8CC00F80BF80BF90BF90BFA0BFA0BFB0BFB0B28
:10D8DC00FC0BFC0BFD0BFD0BFE0BFE0BFF0BFF0BF8
:10D8EC00000C000C010C010C020C020C030C030CC0
:10D8FC00040C040C050C050C060C060C070C070C90
:10D90C00080C080C090C090C0A0C0A0C0B0C0B0C5F
:10D91C000C0C0C0C0D0C0D0C0E0C0E0C0F0C0F0C2F
:10D92C00100C100C110C110C120C120C130C130CFF
:10D93C00140C140C150C150C160C160C170C170CCF
:10D94C00180C180C190C190C1A0C1A0C1B0C1B0C9F
:10D95C001C0C1C0C1D0C1D0C1E0C1E0C1F0C1F0C6F
:10D96C00200C200C210C210C220C220C230C230C3F
:10D97C00240C240C250C250C260C260C270C270C0F
:10D98C00280C280C290C290C2A0C2A0C2B0C2B0CDF
:10D99C002C0C2C0C2D0C2D0C2E0C2E0C2F0C2F0CAF
:10D9AC00300C300C310C310C320C320C330C330C7F
:10D9BC00340C340C350C350C360C360C370C370C4F
:10D9CC00380C380C390C390C3A0C3A0C3B0C3B0C1F
:10D9DC003C0C3C0C3D0C3D0C3E0C3E0C3F0C3F0CEF
:10D9EC00400C400C410C410C420C420C430C430CBF
:10D9FC00440C440C450C450C460C460C470C470C8F
:10DA0C00480C480C490C490C4A0C4A0C4B0C4B0C5E
:10DA1C004C0C4C0C4D0C4D0C4E0C4E0C4F0C4F0C2E
:10DA2C00500C500C510C510C520C520C530C530CFE
:10DA3C00540C540C550C550C560C560C570C570CCE
:10DA4C00580C580C590C590C5A0C5A0C5B0C5B0C9E
:10DA5C005C0C5C0C5D0C5D0C5E0C5E0C5F0C5F0C6E
:10DA6C00600C600C610C610C620C620C630C630C3E
:10DA7C00640C640C650C650C660C660C670C670C0E
:10DA8C00680C680C690C690C6A0C6A0C6B0C6B0CDE
:10DA9C006C0C6C0C6D0C6D0C6E0C6E0C6F0C6F0CAE
:10DAAC00700C700C710C710C720C720C730C730C7E
:10DABC00740C740C750C750C760C760C770C770C4E
:10DACC00780C780C790C790C7A0C7A0C7B0C7B0C1E
:10DADC007C0C7C0C7D0C7D0C7E0C7E0C7F0C7F0CEE
:10DAEC00800C800C810C810C820C820C830C830CBE
:10DAFC00840C840C850C850C860C860C870C870C8E
:10DB0C00880C880C890C890C8A0C8A0C8B0C8B0C5D
:10DB1C008C0C8C0C8D0C8D0C8E0C8E0C8F0C8F0C2D
:10DB2C00900C900C910C910C920C920C930C930CFD
:10DB3C00940C940C950C950C960C960C970C970CCD
:10DB4C00980C980C990C990C9A0C9A0C9B0C9B0C9D
:10DB5C009C0C9C0C9D0C9D0C9E0C9E0C9F0C9F0C6D
:10DB6C00A00CA00CA10CA10CA20CA20CA30CA30C3D
:10DB7C00A40CA40CA50CA50CA60CA60CA70CA70C0D
:10DB8C00A80CA80CA90CA90CAA0CAA0CAB0CAB0CDD
:10DB9C00AC0CAC0CAD0CAD0CAE0CAE0CAF0CAF0CAD
:10DBAC00B00CB00CB10CB10CB20CB20CB30CB30C7D
:10DBBC00B40CB40CB50CB50CB60CB60CB70CB70C4D
:10DBCC00B80CB80CB90CB90CBA0CBA0CBB0CBB0C1D
:10DBDC00BC0CBC0CBD0CBD0CBE0CBE0CBF0CBF0CED
:10DBEC00C00CC00CC10CC10CC20CC20CC30CC30CBD
:10DBFC00C40CC40CC50CC50CC60CC60CC70CC70C8D
:10DC0C00C80CC80CC90CC90CCA0CCA0CCB0CCB0C5C
:10DC1C00CC0CCC0CCD0CCD0CCE0CCE0CCF0CCF0C2C
:10DC2C00D00CD00CD10CD10CD20CD20CD30CD30CFC
:10DC3C00D40CD40CD50CD50CD60CD60CD70CD70CCC
:10DC4C00D80CD80CD90CD90CDA0CDA0CDB0CDB0C9C
:10DC5C00DC0CDC0CDD0CDD0CDE0CDE0CDF0CDF0C6C
:10DC6C00E00CE00CE10CE10CE20CE20CE30CE30C3C
:10DC7C00E40CE40CE50CE50CE60CE60CE70CE70C0C
:10DC8C00E80CE80CE90CE90CEA0CEA0CEB0CEB0CDC
:10DC9C00EC0CEC0CED0CED0CEE0CEE0CEF0CEF0CAC
:10DCAC00F00CF00CF10CF10CF20CF20CF30CF30C7C
:10DCBC00F40CF40CF50CF50CF60CF60CF70CF70C4C
:10DCCC00F80CF80CF90CF90CFA0CFA0CFB0CFB0C1C
:10DCDC00FC0CFC0CFD0CFD0CFE0CFE0CFF0CFF0CEC
:10DCEC00000D000D010D010D020D020D030D030DB4
:10DCFC00040D040D050D050D060D060D070D070D84
:10DD0C00080D080D090D090D0A0D0A0D0B0D0B0D53
:10DD1C000C0D0C0D0D0D0D0D0E0D0E0D0F0D0F0D23
:10DD2C00100D100D110D110D120D120D130D130DF3
:10DD3C00140D140D150D150D160D160D170D170DC3
:10DD4C00180D180D190D190D1A0D1A0D1B0D1B0D93
:10DD5C001C0D1C0D1D0D1D0D1E0D1E0D1F0D1F0D63
:10DD6C00200D200D210D210D220D220D230D230D33
:10DD7C00240D240D250D250D260D260D270D270D03
:10DD8C00280D280D290D290D2A0D2A0D2B0D2B0DD3
:10DD9C002C0D2C0D2D0D2D0D2E0D2E0D2F0D2F0DA3
:10DDAC00300D300D310D310D320D320D330D330D73
:10DDBC00340D340D350D350D360D360D370D370D43
:10DDCC00380D380D390D390D3A0D3A0D3B0D3B0D13
:10DDDC003C0D3C0D3D0D3D0D3E0D3E0D3F0D3F0DE3
:10DDEC00400D400D410D410D420D420D430D430DB3
:10DDFC00440D440D450D450D460D460D470D470D83
:10DE0C00480D480D490D490D4A0D4A0D4B0D4B0D52
:10DE1C004C0D4C0D4D0D4D0D4E0D4E0D4F0D4F0D22
:10DE2C00500D500D510D510D520D520D530D530DF2
:10DE3C00540D540D550D550D560D560D570D570DC2
:10DE4C00580D580D590D590D5A0D5A0D5B0D5B0D92
:10DE5C005C0D5C0D5D0D5D0D5E0D5E0D5F0D5F0D62
:10DE6C00600D600D610D610D620D620D630D630D32
:10DE7C00640D640D650D650D660D660D670D670D02
:10DE8C00680D680D690D690D6A0D6A0D6B0D6B0DD2
:10DE9C006C0D6C0D6D0D6D0D6E0D6E0D6F0D6F0DA2
:10DEAC00700D700D710D710D720D720D730D730D72
:10DEBC00740D740D750D750D760D760D770D770D42
:10DECC00780D780D790D790D7A0D7A0D7B0D7B0D12
:10DEDC007C0D7C0D7D0D7D0D7E0D7E0D7F0D7F0DE2
:10DEEC00800D800D810D810D820D820D830D830DB2
:10DEFC00840D840D850D850D860D860D870D870D82
:10DF0C00880D880D890D890D8A0D8A0D8B0D8B0D51
:10DF1C008C0D8C0D8D0D8D0D8E0D8E0D8F0D8F0D21
:10DF2C00900D900D910D910D920D920D930D930DF1
:10DF3C00940D940D950D950D960D960D970D970DC1
:10DF4C00980D980D990D990D9A0D9A0D9B0D9B0D91
:10DF5C009C0D9C0D9D0D9D0D9E0D9E0D9F0D9F0D61
:10DF6C00A00DA00DA10DA10DA20DA20DA30DA30D31
:10DF7C00A40DA40DA50DA50DA60DA60DA70DA70D01
:10DF8C00A80DA80DA90DA90DAA0DAA0DAB0DAB0DD1
:10DF9C00AC0DAC0DAD0DAD0DAE0DAE0DAF0DAF0DA1
:10DFAC00B00DB00DB10DB10DB20DB20DB30DB30D71
:10DFBC00B40DB40DB50DB50DB60DB60DB70DB70D41
:10DFCC00B80DB80DB90DB90DBA0DBA0DBB0DBB0D11
:10DFDC00BC0DBC0DBD0DBD0DBE0DBE0DBF0DBF0DE1
:10DFEC00C00DC00DC10DC10DC20DC20DC30DC30DB1
:10DFFC00C40DC40DC50DC50DC60DC60DC70DC70D81
:10E00C00C80DC80DC90DC90DCA0DCA0DCB0DCB0D50
:10E01C00CC0DCC0DCD0DCD0DCE0DCE0DCF0DCF0D20
:10E02C00D00DD00DD10DD10DD20DD20DD30DD30DF0
:10E03C00D40DD40DD50DD50DD60DD60DD70DD70DC0
:10E04C00D80DD80DD90DD90DDA0DDA0DDB0DDB0D90
:10E05C00DC0DDC0DDD0DDD0DDE0DDE0DDF0DDF0D60
:10E06C00E00DE00DE10DE10DE20DE20DE30DE30D30
:10E07C00E40DE40DE50DE50DE60DE60DE70DE70D00
:10E08C00E80DE80DE90DE90DEA0DEA0DEB0DEB0DD0
:10E09C00EC0DEC0DED0DED0DEE0DEE0DEF0DEF0DA0
:10E0AC00F00DF00DF10DF10DF20DF20DF30DF30D70
:10E0BC00F40DF40DF50DF50DF60DF60DF70DF70D40
:10E0CC00F80DF80DF90DF90DFA0DFA0DFB0DFB0D10
:10E0DC00FC0DFC0DFD0DFD0DFE0DFE0DFF0DFF0DE0
:10E0EC00000E000E010E010E020E020E030E030EA8
:10E0FC00040E040E050E050E060E060E070E070E78
:10E10C00080E080E090E090E0A0E0A0E0B0E0B0E47
:10E11C000C0E0C0E0D0E0D0E0E0E0E0E0F0E0F0E17
:10E12C00100E100E110E110E120E120E130E130EE7
:10E13C00140E140E150E150E160E160E170E170EB7
:10E14C00180E180E190E190E1A0E1A0E1B0E1B0E87
:10E15C001C0E1C0E1D0E1D0E1E0E1E0E1F0E1F0E57
:10E16C00200E200E210E210E220E220E230E230E27
:10E17C00240E240E250E250E260E260E270E270EF7
:10E18C00280E280E290E290E2A0E2A0E2B0E2B0EC7
:10E19C002C0E2C0E2D0E2D0E2E0E2E0E2F0E2F0E97
:10E1AC00300E300E310E310E320E320E330E330E67
:10E1BC00340E340E350E350E360E360E370E370E37
:10E1CC00380E380E390E390E3A0E3A0E3B0E3B0E07
:10E1DC003C0E3C0E3D0E3D0E3E0E3E0E3F0E3F0ED7
:10E1EC00400E400E410E410E420E420E430E430EA7
:10E1FC00440E440E450E450E460E460E470E470E77
:10E20C00480E480E490E490E4A0E4A0E4B0E4B0E46
:10E21C004C0E4C0E4D0E4D0E4E0E4E0E4F0E4F0E16
:10E22C00500E500E510E510E520E520E530E530EE6
:10E23C00540E540E550E550E560E560E570E570EB6
:10E24C00580E580E590E590E5A0E5A0E5B0E5B0E86
:10E25C005C0E5C0E5D0E5D0E5E0E5E0E5F0E5F0E56
:10E26C00600E600E610E610E620E620E630E630E26
:10E27C00640E640E650E650E660E660E670E670EF6
:10E28C00680E680E690E690E6A0E6A0E6B0E6B0EC6
:10E29C006C0E6C0E6D0E6D0E6E0E6E0E6F0E6F0E96
:10E2AC00700E700E710E710E720E720E730E730E66
:10E2BC00740E740E750E750E760E760E770E770E36
:10E2CC00780E780E790E790E7A0E7A0E7B0E7B0E06
:10E2DC007C0E7C0E7D0E7D0E7E0E7E0E7F0E7F0ED6
:10E2EC00800E800E810E810E820E820E830E830EA6
:10E2FC00840E840E850E850E860E860E870E870E76
:10E30C00880E880E890E890E8A0E8A0E8B0E8B0E45
:10E31C008C0E8C0E8D0E8D0E8E0E8E0E8F0E8F0E15
:10E32C00900E900E910E910E920E920E930E930EE5
:10E33C00940E940E950E950E960E960E970E970EB5
:10E34C00980E980E990E990E9A0E9A0E9B0E9B0E85
:10E35C009C0E9C0E9D0E9D0E9E0E9E0E9F0E9F0E55
:10E36C00A00EA00EA10EA10EA20EA20EA30EA30E25
:10E37C00A40EA40EA50EA50EA60EA60EA70EA70EF5
:10E38C00A80EA80EA90EA90EAA0EAA0EAB0EAB0EC5
:10E39C00AC0EAC0EAD0EAD0EAE0EAE0EAF0EAF0E95
:10E3AC00B00EB00EB10EB10EB20EB20EB30EB30E65
:10E3BC00B40EB40EB50EB50EB60EB60EB70EB70E35
:10E3CC00B80EB80EB90EB90EBA0EBA0EBB0EBB0E05
:10E3DC00BC0EBC0EBD0EBD0EBE0EBE0EBF0EBF0ED5
:10E3EC00C00EC00EC10EC10EC20EC20EC30EC30EA5
:10E3FC00C40EC40EC50EC50EC60EC60EC70EC70E75
:10E40C00C80EC80EC90EC90ECA0ECA0ECB0ECB0E44
:10E41C00CC0ECC0ECD0ECD0ECE0ECE0ECF0ECF0E14
:10E42C00D00ED00ED10ED10ED20ED20ED30ED30EE4
:10E43C00D40ED40ED50ED50ED60ED60ED70ED70EB4
:10E44C00D80ED80ED90ED90EDA0EDA0EDB0EDB0E84
:10E45C00DC0EDC0EDD0EDD0EDE0EDE0EDF0EDF0E54
:10E46C00E00EE00EE10EE10EE20EE20EE30EE30E24
:10E47C00E40EE40EE50EE50EE60EE60EE70EE70EF4
:10E48C00E80EE80EE90EE90EEA0EEA0EEB0EEB0EC4
:10E49C00EC0EEC0EED0EED0EEE0EEE0EEF0EEF0E94
:10E4AC00F00EF00EF10EF10EF20EF20EF30EF30E64
:10E4BC00F40EF40EF50EF50EF60EF60EF70EF70E34
:10E4CC00F80EF80EF90EF90EFA0EFA0EFB0EFB0E04
:10E4DC00FC0EFC0EFD0EFD0EFE0EFE0EFF0EFF0ED4
:10E4EC00000F000F010F010F020F020F030F030F9C
:10E4FC00040F040F050F050F060F060F070F070F6C
:10E50C00080F080F090F090F0A0F0A0F0B0F0B0F3B
:10E51C000C0F0C0F0D0F0D0F0E0F0E0F0F0F0F0F0B
:10E52C00100F100F110F110F120F120F130F130FDB
:10E53C00140F140F150F150F160F160F170F170FAB
:10E54C00180F180F190F190F1A0F1A0F1B0F1B0F7B
:10E55C001C0F1C0F1D0F1D0F1E0F1E0F1F0F1F0F4B
:10E56C00200F200F210F210F220F220F230F230F1B
:10E57C00240F240F250F250F260F260F270F270FEB
:10E58C00280F280F290F290F2A0F2A0F2B0F2B0FBB
:10E59C002C0F2C0F2D0F2D0F2E0F2E0F2F0F2F0F8B
:10E5AC00300F300F310F310F320F320F330F330F5B
:10E5BC00340F340F350F350F360F360F370F370F2B
:10E5CC00380F380F390F390F3A0F3A0F3B0F3B0FFB
:10E5DC003C0F3C0F3D0F3D0F3E0F3E0F3F0F3F0FCB
:10E5EC00400F400F410F410F420F420F430F430F9B
:10E5FC00440F440F450F450F460F460F470F470F6B
:10E60C00480F480F490F490F4A0F4A0F4B0F4B0F3A
:10E61C004C0F4C0F4D0F4D0F4E0F4E0F4F0F4F0F0A
:10E62C00500F500F510F510F520F520F530F530FDA
:10E63C00540F540F550F550F560F560F570F570FAA
:10E64C00580F580F590F590F5A0F5A0F5B0F5B0F7A
:10E65C005C0F5C0F5D0F5D0F5E0F5E0F5F0F5F0F4A
:10E66C00600F600F610F610F620F620F630F630F1A
:10E67C00640F640F650F650F660F660F670F670FEA
:10E68C00680F680F690F690F6A0F6A0F6B0F6B0FBA
:10E69C006C0F6C0F6D0F6D0F6E0F6E0F6F0F6F0F8A
:10E6AC00700F700F710F710F720F720F730F730F5A
:10E6BC00740F740F750F750F760F760F770F770F2A
:10E6CC00780F780F790F790F7A0F7A0F7B0F7B0FFA
:10E6DC007C0F7C0F7D0F7D0F7E0F7E0F7F0F7F0FCA
:10E6EC00800F800F810F810F820F820F830F830F9A
:10E6FC00840F840F850F850F860F860F870F870F6A
:10E70C00880F880F890F890F8A0F8A0F8B0F8B0F39
:10E71C008C0F8C0F8D0F8D0F8E0F8E0F8F0F8F0F09
:10E72C00900F900F910F910F920F920F930F930FD9
:10E73C00940F940F950F950F960F960F970F970FA9
:10E74C00980F980F990F990F9A0F9A0F9B0F9B0F79
:10E75C009C0F9C0F9D0F9D0F9E0F9E0F9F0F9F0F49
:10E76C00A00FA00FA10FA10FA20FA20FA30FA30F19
:10E77C00A40FA40FA50FA50FA60FA60FA70FA70FE9
:10E78C00A80FA80FA90FA90FAA0FAA0FAB0FAB0FB9
:10E79C00AC0FAC0FAD0FAD0FAE0FAE0FAF0FAF0F89
:10E7AC00B00FB00FB10FB10FB20FB20FB30FB30F59
:10E7BC00B40FB40FB50FB50FB60FB60FB70FB70F29
:10E7CC00B80FB80FB90FB90FBA0FBA0FBB0FBB0FF9
:10E7DC00BC0FBC0FBD0FBD0FBE0FBE0FBF0FBF0FC9
:10E7EC00C00FC00FC10FC10FC20FC20FC30FC30F99
:10E7FC00C40FC40FC50FC50FC60FC60FC70FC70F69
:10E80C00C80FC80FC90FC90FCA0FCA0FCB0FCB0F38
:10E81C00CC0FCC0FCD0FCD0FCE0FCE0FCF0FCF0F08
:10E82C00D00FD00FD10FD10FD20FD20FD30FD30FD8
:10E83C00D40FD40FD50FD50FD60FD60FD70FD70FA8
:10E84C00D80FD80FD90FD90FDA0FDA0FDB0FDB0F78
:10E85C00DC0FDC0FDD0FDD0FDE0FDE0FDF0FDF0F48
:10E86C00E00FE00FE10FE10FE20FE20FE30FE30F18
:10E87C00E40FE40FE50FE50FE60FE60FE70FE70FE8
:10E88C00E80FE80FE90FE90FEA0FEA0FEB0FEB0FB8
:10E89C00EC0FEC0FED0FED0FEE0FEE0FEF0FEF0F88
:10E8AC00F00FF00FF10FF10FF20FF20FF30FF30F58
:10E8BC00F40FF40FF50FF50FF60FF60FF70FF70F28
:10E8CC00F80FF80FF90FF90FFA0FFA0FFB0FFB0FF8
:10E8DC00FC0FFC0FFD0FFD0FFE0FFE0FFF0FFE0FC9
:10E8EC00FE0FFD0FFD0FFC0FFC0FFB0FFB0FFA0FC4
:10E8FC00FA0FF90FF90FF80FF80FF70FF70FF60FD4
:10E90C00F60FF50FF50FF40FF40FF30FF30FF20FE3
:10E91C00F20FF10FF10FF00FF00FEF0FEF0FEE0FF3
:10E92C00EE0FED0FED0FEC0FEC0FEB0FEB0FEA0F03
:10E93C00EA0FE90FE90FE80FE80FE70FE70FE60F13
:10E94C00E60FE50FE50FE40FE40FE30FE30FE20F23
:10E95C00E20FE10FE10FE00FE00FDF0FDF0FDE0F33
:10E96C00DE0FDD0FDD0FDC0FDC0FDB0FDB0FDA0F43
:10E97C00DA0FD90FD90FD80FD80FD70FD70FD60F53
:10E98C00D60FD50FD50FD40FD40FD30FD30FD20F63
:10E99C00D20FD10FD10FD00FD00FCF0FCF0FCE0F73
:10E9AC00CE0FCD0FCD0FCC0FCC0FCB0FCB0FCA0F83
:10E9BC00CA0FC90FC90FC80FC80FC70FC70FC60F93
:10E9CC00C60FC50FC50FC40FC40FC30FC30FC20FA3
:10E9DC00C20FC10FC10FC00FC00FBF0FBF0FBE0FB3
:10E9EC00BE0FBD0FBD0FBC0FBC0FBB0FBB0FBA0FC3
:10E9FC00BA0FB90FB90FB80FB80FB70FB70FB60FD3
:10EA0C00B60FB50FB50FB40FB40FB30FB30FB20FE2
:10EA1C00B20FB10FB10FB00FB00FAF0FAF0FAE0FF2
:10EA2C00AE0FAD0FAD0FAC0FAC0FAB0FAB0FAA0F02
:10EA3C00AA0FA90FA90FA80FA80FA70FA70FA60F12
:10EA4C00A60FA50FA50FA40FA40FA30FA30FA20F22
:10EA5C00A20FA10FA10FA00FA00F9F0F9F0F9E0F32
:10EA6C009E0F9D0F9D0F9C0F9C0F9B0F9B0F9A0F42
:10EA7C009A0F990F990F980F980F970F970F960F52
:10EA8C00960F950F950F940F940F930F930F920F62
:10EA9C00920F910F910F900F900F8F0F8F0F8E0F72
:10EAAC008E0F8D0F8D0F8C0F8C0F8B0F8B0F8A0F82
:10EABC008A0F890F890F880F880F870F870F860F92
:10EACC00860F850F850F840F840F830F830F820FA2
:10EADC00820F810F810F800F800F7F0F7F0F7E0FB2
:10EAEC007E0F7D0F7D0F7C0F7C0F7B0F7B0F7A0FC2
:10EAFC007A0F790F790F780F780F770F770F760FD2
:10EB0C00760F750F750F740F740F730F730F720FE1
:10EB1C00720F710F710F700F700F6F0F6F0F6E0FF1
:10EB2C006E0F6D0F6D0F6C0F6C0F6B0F6B0F6A0F01
:10EB3C006A0F690F690F680F680F670F670F660F11
:10EB4C00660F650F650F640F640F630F630F620F21
:10EB5C00620F610F610F600F600F5F0F5F0F5E0F31
:10EB6C005E0F5D0F5D0F5C0F5C0F5B0F5B0F5A0F41
:10EB7C005A0F590F590F580F580F570F570F560F51
:10EB8C00560F550F550F540F540F530F530F520F61
:10EB9C00520F510F510F500F500F4F0F4F0F4E0F71
:10EBAC004E0F4D0F4D0F4C0F4C0F4B0F4B0F4A0F81
:10EBBC004A0F490F490F480F480F470F470F460F91
:10EBCC00460F450F450F440F440F430F430F420FA1
:10EBDC00420F410F410F400F400F3F0F3F0F3E0FB1
:10EBEC003E0F3D0F3D0F3C0F3C0F3B0F3B0F3A0FC1
:10EBFC003A0F390F390F380F380F370F370F360FD1
:10EC0C00360F350F350F340F340F330F330F320FE0
:10EC1C00320F310F310F300F300F2F0F2F0F2E0FF0
:10EC2C002E0F2D0F2D0F2C0F2C0F2B0F2B0F2A0F00
:10EC3C002A0F290F290F280F280F270F270F260F10
:10EC4C00260F250F250F240F240F230F230F220F20
:10EC5C00220F210F210F200F200F1F0F1F0F1E0F30
:10EC6C001E0F1D0F1D0F1C0F1C0F1B0F1B0F1A0F40
:10EC7C001A0F190F190F180F180F170F170F160F50
:10EC8C00160F150F150F140F140F130F130F120F60
:10EC9C00120F110F110F100F100F0F0F0F0F0E0F70
:10ECAC000E0F0D0F0D0F0C0F0C0F0B0F0B0F0A0F80
:10ECBC000A0F090F090F080F080F070F070F060F90
:10ECCC00060F050F050F040F040F030F030F020FA0
:10ECDC00020F010F010F000F000FFF0EFF0EFE0EB3
:10ECEC00FE0EFD0EFD0EFC0EFC0EFB0EFB0EFA0EC8
:10ECFC00FA0EF90EF90EF80EF80EF70EF70EF60ED8
:10ED0C00F60EF50EF50EF40EF40EF30EF30EF20EE7
:10ED1C00F20EF10EF10EF00EF00EEF0EEF0EEE0EF7
:10ED2C00EE0EED0EED0EEC0EEC0EEB0EEB0EEA0E07
:10ED3C00EA0EE90EE90EE80EE80EE70EE70EE60E17
:10ED4C00E60EE50EE50EE40EE40EE30EE30EE20E27
:10ED5C00E20EE10EE10EE00EE00EDF0EDF0EDE0E37
:10ED6C00DE0EDD0EDD0EDC0EDC0EDB0EDB0EDA0E47
:10ED7C00DA0ED90ED90ED80ED80ED70ED70ED60E57
:10ED8C00D60ED50ED50ED40ED40ED30ED30ED20E67
:10ED9C00D20ED10ED10ED00ED00ECF0ECF0ECE0E77
:10EDAC00CE0ECD0ECD0ECC0ECC0ECB0ECB0ECA0E87
:10EDBC00CA0EC90EC90EC80EC80EC70EC70EC60E97
:10EDCC00C60EC50EC50EC40EC40EC30EC30EC20EA7
:10EDDC00C20EC10EC10EC00EC00EBF0EBF0EBE0EB7
:10EDEC00BE0EBD0EBD0EBC0EBC0EBB0EBB0EBA0EC7
:10EDFC00BA0EB90EB90EB80EB80EB70EB70EB60ED7
:10EE0C00B60EB50EB50EB40EB40EB30EB30EB20EE6
:10EE1C00B20EB10EB10EB00EB00EAF0EAF0EAE0EF6
:10EE2C00AE0EAD0EAD0EAC0EAC0EAB0EAB0EAA0E06
:10EE3C00AA0EA90EA90EA80EA80EA70EA70EA60E16
:10EE4C00A60EA50EA50EA40EA40EA30EA30EA20E26
:10EE5C00A20EA10EA10EA00EA00E9F0E9F0E9E0E36
:10EE6C009E0E9D0E9D0E9C0E9C0E9B0E9B0E9A0E46
:10EE7C009A0E990E990E980E980E970E970E960E56
:10EE8C00960E950E950E940E940E930E930E920E66
:10EE9C00920E910E910E900E900E8F0E8F0E8E0E76
:10EEAC008E0E8D0E8D0E8C0E8C0E8B0E8B0E8A0E86
:10EEBC008A0E890E890E880E880E870E870E860E96
:10EECC00860E850E850E840E840E830E830E820EA6
:10EEDC00820E810E810E800E800E7F0E7F0E7E0EB6
:10EEEC007E0E7D0E7D0E7C0E7C0E7B0E7B0E7A0EC6
:10EEFC007A0E790E790E780E780E770E770E760ED6
:10EF0C00760E750E750E740E740E730E730E720EE5
:10EF1C00720E710E710E700E700E6F0E6F0E6E0EF5
:10EF2C006E0E6D0E6D0E6C0E6C0E6B0E6B0E6A0E05
:10EF3C006A0E690E690E680E680E670E670E660E15
:10EF4C00660E650E650E640E640E630E630E620E25
:10EF5C00620E610E610E600E600E5F0E5F0E5E0E35
:10EF6C005E0E5D0E5D0E5C0E5C0E5B0E5B0E5A0E45
:10EF7C005A0E590E590E580E580E570E570E560E55
:10EF8C00560E550E550E540E540E530E530E520E65
:10EF9C00520E510E510E500E500E4F0E4F0E4E0E75
:10EFAC004E0E4D0E4D0E4C0E4C0E4B0E4B0E4A0E85
:10EFBC004A0E490E490E480E480E470E470E460E95
:10EFCC00460E450E450E440E440E430E430E420EA5
:10EFDC00420E410E410E400E400E3F0E3F0E3E0EB5
:10EFEC003E0E3D0E3D0E3C0E3C0E3B0E3B0E3A0EC5
:10EFFC003A0E390E390E380E380E370E370E360ED5
:10F00C00360E350E350E340E340E330E330E320EE4
:10F01C00320E310E310E300E300E2F0E2F0E2E0EF4
:10F02C002E0E2D0E2D0E2C0E2C0E2B0E2B0E2A0E04
:10F03C002A0E290E290E280E280E270E270E260E14
:10F04C00260E250E250E240E240E230E230E220E24
:10F05C00220E210E210E200E200E1F0E1F0E1E0E34
:10F06C001E0E1D0E1D0E1C0E1C0E1B0E1B0E1A0E44
:10F07C001A0E190E190E180E180E170E170E160E54
:10F08C00160E150E150E140E140E130E130E120E64
:10F09C00120E110E110E100E100E0F0E0F0E0E0E74
:10F0AC000E0E0D0E0D0E0C0E0C0E0B0E0B0E0A0E84
:10F0BC000A0E090E090E080E080E070E070E060E94
:10F0CC00060E050E050E040E040E030E030E020EA4
:10F0DC00020E010E010E000E000EFF0DFF0DFE0DB7
:10F0EC00FE0DFD0DFD0DFC0DFC0DFB0DFB0DFA0DCC
:10F0FC00FA0DF90DF90DF80DF80DF70DF70DF60DDC
:10F10C00F60DF50DF50DF40DF40DF30DF30DF20DEB
:10F11C00F20DF10DF10DF00DF00DEF0DEF0DEE0DFB
:10F12C00EE0DED0DED0DEC0DEC0DEB0DEB0DEA0D0B
:10F13C00EA0DE90DE90DE80DE80DE70DE70DE60D1B
:10F14C00E60DE50DE50DE40DE40DE30DE30DE20D2B
:10F15C00E20DE10DE10DE00DE00DDF0DDF0DDE0D3B
:10F16C00DE0DDD0DDD0DDC0DDC0DDB0DDB0DDA0D4B
:10F17C00DA0DD90DD90DD80DD80DD70DD70DD60D5B
:10F18C00D60DD50DD50DD40DD40DD30DD30DD20D6B
:10F19C00D20DD10DD10DD00DD00DCF0DCF0DCE0D7B
:10F1AC00CE0DCD0DCD0DCC0DCC0DCB0DCB0DCA0D8B
:10F1BC00CA0DC90DC90DC80DC80DC70DC70DC60D9B
:10F1CC00C60DC50DC50DC40DC40DC30DC30DC20DAB
:10F1DC00C20DC10DC10DC00DC00DBF0DBF0DBE0DBB
:10F1EC00BE0DBD0DBD0DBC0DBC0DBB0DBB0DBA0DCB
:10F1FC00BA0DB90DB90DB80DB80DB70DB70DB60DDB
:10F20C00B60DB50DB50DB40DB40DB30DB30DB20DEA
:10F21C00B20DB10DB10DB00DB00DAF0DAF0DAE0DFA
:10F22C00AE0DAD0DAD0DAC0DAC0DAB0DAB0DAA0D0A
:10F23C00AA0DA90DA90DA80DA80DA70DA70DA60D1A
:10F24C00A60DA50DA50DA40DA40DA30DA30DA20D2A
:10F25C00A20DA10DA10DA00DA00D9F0D9F0D9E0D3A
:10F26C009E0D9D0D9D0D9C0D9C0D9B0D9B0D9A0D4A
:10F27C009A0D990D990D980D980D970D970D960D5A
:10F28C00960D950D950D940D940D930D930D920D6A
:10F29C00920D910D910D900D900D8F0D8F0D8E0D7A
:10F2AC008E0D8D0D8D0D8C0D8C0D8B0D8B0D8A0D8A
:10F2BC008A0D890D890D880D880D870D870D860D9A
:10F2CC00860D850D850D840D840D830D830D820DAA
:10F2DC00820D810D810D800D800D7F0D7F0D7E0DBA
:10F2EC007E0D7D0D7D0D7C0D7C0D7B0D7B0D7A0DCA
:10F2FC007A0D790D790D780D780D770D770D760DDA
:10F30C00760D750D750D740D740D730D730D720DE9
:10F31C00720D710D710D700D700D6F0D6F0D6E0DF9
:10F32C006E0D6D0D6D0D6C0D6C0D6B0D6B0D6A0D09
:10F33C006A0D690D690D680D680D670D670D660D19
:10F34C00660D650D650D640D640D630D630D620D29
:10F35C00620D610D610D600D600D5F0D5F0D5E0D39
:10F36C005E0D5D0D5D0D5C0D5C0D5B0D5B0D5A0D49
:10F37C005A0D590D590D580D580D570D570D560D59
:10F38C00560D550D550D540D540D530D530D520D69
:10F39C00520D510D510D500D500D4F0D4F0D4E0D79
:10F3AC004E0D4D0D4D0D4C0D4C0D4B0D4B0D4A0D89
:10F3BC004A0D490D490D480D480D470D470D460D99
:10F3CC00460D450D450D440D440D430D430D420DA9
:10F3DC00420D410D410D400D400D3F0D3F0D3E0DB9
:10F3EC003E0D3D0D3D0D3C0D3C0D3B0D3B0D3A0DC9
:10F3FC003A0D390D390D380D380D370D370D360DD9
:10F40C00360D350D350D340D340D330D330D320DE8
:10F41C00320D310D310D300D300D2F0D2F0D2E0DF8
:10F42C002E0D2D0D2D0D2C0D2C0D2B0D2B0D2A0D08
:10F43C002A0D290D290D280D280D270D270D260D18
:10F44C00260D250D250D240D240D230D230D220D28
:10F45C00220D210D210D200D200D1F0D1F0D1E0D38
:10F46C001E0D1D0D1D0D1C0D1C0D1B0D1B0D1A0D48
:10F47C001A0D190D190D180D180D170D170D160D58
:10F48C00160D150D150D140D140D130D130D120D68
:10F49C00120D110D110D100D100D0F0D0F0D0E0D78
:10F4AC000E0D0D0D0D0D0C0D0C0D0B0D0B0D0A0D88
:10F4BC000A0D090D090D080D080D070D070D060D98
:10F4CC00060D050D050D040D040D030D030D020DA8
:10F4DC00020D010D010D000D000DFF0CFF0CFE0CBB
:10F4EC00FE0CFD0CFD0CFC0CFC0CFB0CFB0CFA0CD0
:10F4FC00FA0CF90CF90CF80CF80CF70CF70CF60CE0
:10F50C00F60CF50CF50CF40CF40CF30CF30CF20CEF
:10F51C00F20CF10CF10CF00CF00CEF0CEF0CEE0CFF
:10F52C00EE0CED0CED0CEC0CEC0CEB0CEB0CEA0C0F
:10F53C00EA0CE90CE90CE80CE80CE70CE70CE60C1F
:10F54C00E60CE50CE50CE40CE40CE30CE30CE20C2F
:10F55C00E20CE10CE10CE00CE00CDF0CDF0CDE0C3F
:10F56C00DE0CDD0CDD0CDC0CDC0CDB0CDB0CDA0C4F
:10F57C00DA0CD90CD90CD80CD80CD70CD70CD60C5F
:10F58C00D60CD50CD50CD40CD40CD30CD30CD20C6F
:10F59C00D20CD10CD10CD00CD00CCF0CCF0CCE0C7F
:10F5AC00CE0CCD0CCD0CCC0CCC0CCB0CCB0CCA0C8F
:10F5BC00CA0CC90CC90CC80CC80CC70CC70CC60C9F
:10F5CC00C60CC50CC50CC40CC40CC30CC30CC20CAF
:10F5DC00C20CC10CC10CC00CC00CBF0CBF0CBE0CBF
:10F5EC00BE0CBD0CBD0CBC0CBC0CBB0CBB0CBA0CCF
:10F5FC00BA0CB90CB90CB80CB80CB70CB70CB60CDF
:10F60C00B60CB50CB50CB40CB40CB30CB30CB20CEE
:10F61C00B20CB10CB10CB00CB00CAF0CAF0CAE0CFE
:10F62C00AE0CAD0CAD0CAC0CAC0CAB0CAB0CAA0C0E
:10F63C00AA0CA90CA90CA80CA80CA70CA70CA60C1E
:10F64C00A60CA50CA50CA40CA40CA30CA30CA20C2E
:10F65C00A20CA10CA10CA00CA00C9F0C9F0C9E0C3E
:10F66C009E0C9D0C9D0C9C0C9C0C9B0C9B0C9A0C4E
:10F67C009A0C990C990C980C980C970C970C960C5E
:10F68C00960C950C950C940C940C930C930C920C6E
:10F69C00920C910C910C900C900C8F0C8F0C8E0C7E
:10F6AC008E0C8D0C8D0C8C0C8C0C8B0C8B0C8A0C8E
:10F6BC008A0C890C890C880C880C870C870C860C9E
:10F6CC00860C850C850C840C840C830C830C820CAE
:10F6DC00820C810C810C800C800C7F0C7F0C7E0CBE
:10F6EC007E0C7D0C7D0C7C0C7C0C7B0C7B0C7A0CCE
:10F6FC007A0C790C790C780C780C770C770C760CDE
:10F70C00760C750C750C740C740C730C730C720CED
:10F71C00720C710C710C700C700C6F0C6F0C6E0CFD
:10F72C006E0C6D0C6D0C6C0C6C0C6B0C6B0C6A0C0D
:10F73C006A0C690C690C680C680C670C670C660C1D
:10F74C00660C650C650C640C640C630C630C620C2D
:10F75C00620C610C610C600C600C5F0C5F0C5E0C3D
:10F76C005E0C5D0C5D0C5C0C5C0C5B0C5B0C5A0C4D
:10F77C005A0C590C590C580C580C570C570C560C5D
:10F78C00560C550C550C540C540C530C530C520C6D
:10F79C00520C510C510C500C500C4F0C4F0C4E0C7D
:10F7AC004E0C4D0C4D0C4C0C4C0C4B0C4B0C4A0C8D
:10F7BC004A0C490C490C480C480C470C470C460C9D
:10F7CC00460C450C450C440C440C430C430C420CAD
:10F7DC00420C410C410C400C400C3F0C3F0C3E0CBD
:10F7EC003E0C3D0C3D0C3C0C3C0C3B0C3B0C3A0CCD
:10F7FC003A0C390C390C380C380C370C370C360CDD
:10F80C00360C350C350C340C340C330C330C320CEC
:10F81C00320C310C310C300C300C2F0C2F0C2E0CFC
:10F82C002E0C2D0C2D0C2C0C2C0C2B0C2B0C2A0C0C
:10F83C002A0C290C290C280C280C270C270C260C1C
:10F84C00260C250C250C240C240C230C230C220C2C
:10F85C00220C210C210C200C200C1F0C1F0C1E0C3C
:10F86C001E0C1D0C1D0C1C0C1C0C1B0C1B0C1A0C4C
:10F87C001A0C190C190C180C180C170C170C160C5C
:10F88C00160C150C150C140C140C130C130C120C6C
:10F89C00120C110C110C100C100C0F0C0F0C0E0C7C
:10F8AC000E0C0D0C0D0C0C0C0C0C0B0C0B0C0A0C8C
:10F8BC000A0C090C090C080C080C070C070C060C9C
:10F8CC00060C050C050C040C040C030C030C020CAC
:10F8DC00020C010C010C000C000CFF0BFF0BFE0BBF
:10F8EC00FE0BFD0BFD0BFC0BFC0BFB0BFB0BFA0BD4
:10F8FC00FA0BF90BF90BF80BF80BF70BF70BF60BE4
:10F90C00F60BF50BF50BF40BF40BF30BF30BF20BF3
:10F91C00F20BF10BF10BF00BF00BEF0BEF0BEE0B03
:10F92C00EE0BED0BED0BEC0BEC0BEB0BEB0BEA0B13
:10F93C00EA0BE90BE90BE80BE80BE70BE70BE60B23
:10F94C00E60BE50BE50BE40BE40BE30BE30BE20B33
:10F95C00E20BE10BE10BE00BE00BDF0BDF0BDE0B43
:10F96C00DE0BDD0BDD0BDC0BDC0BDB0BDB0BDA0B53
:10F97C00DA0BD90BD90BD80BD80BD70BD70BD60B63
:10F98C00D60BD50BD50BD40BD40BD30BD30BD20B73
:10F99C00D20BD10BD10BD00BD00BCF0BCF0BCE0B83
:10F9AC00CE0BCD0BCD0BCC0BCC0BCB0BCB0BCA0B93
:10F9BC00CA0BC90BC90BC80BC80BC70BC70BC60BA3
:10F9CC00C60BC50BC50BC40BC40BC30BC30BC20BB3
:10F9DC00C20BC10BC10BC00BC00BBF0BBF0BBE0BC3
:10F9EC00BE0BBD0BBD0BBC0BBC0BBB0BBB0BBA0BD3
:10F9FC00BA0BB90BB90BB80BB80BB70BB70BB60BE3
:10FA0C00B60BB50BB50BB40BB40BB30BB30BB20BF2
:10FA1C00B20BB10BB10BB00BB00BAF0BAF0BAE0B02
:10FA2C00AE0BAD0BAD0BAC0BAC0BAB0BAB0BAA0B12
:10FA3C00AA0BA90BA90BA80BA80BA70BA70BA60B22
:10FA4C00A60BA50BA50BA40BA40BA30BA30BA20B32
:10FA5C00A20BA10BA10BA00BA00B9F0B9F0B9E0B42
:10FA6C009E0B9D0B9D0B9C0B9C0B9B0B9B0B9A0B52
:10FA7C009A0B990B990B980B980B970B970B960B62
:10FA8C00960B950B950B940B940B930B930B920B72
:10FA9C00920B910B910B900B900B8F0B8F0B8E0B82
:10FAAC008E0B8D0B8D0B8C0B8C0B8B0B8B0B8A0B92
:10FABC008A0B890B890B880B880B870B870B860BA2
:10FACC00860B850B850B840B840B830B830B820BB2
:10FADC00820B810B810B800B800B7F0B7F0B7E0BC2
:10FAEC007E0B7D0B7D0B7C0B7C0B7B0B7B0B7A0BD2
:10FAFC007A0B790B790B780B780B770B770B760BE2
:10FB0C00760B750B750B740B740B730B730B720BF1
:10FB1C00720B710B710B700B700B6F0B6F0B6E0B01
:10FB2C006E0B6D0B6D0B6C0B6C0B6B0B6B0B6A0B11
:10FB3C006A0B690B690B680B680B670B670B660B21
:10FB4C00660B650B650B640B640B630B630B620B31
:10FB5C00620B610B610B600B600B5F0B5F0B5E0B41
:10FB6C005E0B5D0B5D0B5C0B5C0B5B0B5B0B5A0B51
:10FB7C005A0B590B590B580B580B570B570B560B61
:10FB8C00560B550B550B540B540B530B530B520B71
:10FB9C00520B510B510B500B500B4F0B4F0B4E0B81
:10FBAC004E0B4D0B4D0B4C0B4C0B4B0B4B0B4A0B91
:10FBBC004A0B490B490B480B480B470B470B460BA1
:10FBCC00460B450B450B440B440B430B430B420BB1
:10FBDC00420B410B410B400B400B3F0B3F0B3E0BC1
:10FBEC003E0B3D0B3D0B3C0B3C0B3B0B3B0B3A0BD1
:10FBFC003A0B390B390B380B380B370B370B360BE1
:10FC0C00360B350B350B340B340B330B330B320BF0
:10FC1C00320B310B310B300B300B2F0B2F0B2E0B00
:10FC2C002E0B2D0B2D0B2C0B2C0B2B0B2B0B2A0B10
:10FC3C002A0B290B290B280B280B270B270B260B20
:10FC4C00260B250B250B240B240B230B230B220B30
:10FC5C00220B210B210B200B200B1F0B1F0B1E0B40
:10FC6C001E0B1D0B1D0B1C0B1C0B1B0B1B0B1A0B50
:10FC7C001A0B190B190B180B180B170B170B160B60
:10FC8C00160B150B150B140B140B130B130B120B70
:10FC9C00120B110B110B100B100B0F0B0F0B0E0B80
:10FCAC000E0B0D0B0D0B0C0B0C0B0B0B0B0B0A0B90
:10FCBC000A0B090B090B080B080B070B070B060BA0
:10FCCC00060B050B050B040B040B030B030B020BB0
:10FCDC00020B010B010B000B000BFF0AFF0AFE0AC3
:10FCEC00FE0AFD0AFD0AFC0AFC0AFB0AFB0AFA0AD8
:10FCFC00FA0AF90AF90AF80AF80AF70AF70AF60AE8
:10FD0C00F60AF50AF50AF40AF40AF30AF30AF20AF7
:10FD1C00F20AF10AF10AF00AF00AEF0AEF0AEE0A07
:10FD2C00EE0AED0AED0AEC0AEC0AEB0AEB0AEA0A17
:10FD3C00EA0AE90AE90AE80AE80AE70AE70AE60A27
:10FD4C00E60AE50AE50AE40AE40AE30AE30AE20A37
:10FD5C00E20AE10AE10AE00AE00ADF0ADF0ADE0A47
:10FD6C00DE0ADD0ADD0ADC0ADC0ADB0ADB0ADA0A57
:10FD7C00DA0AD90AD90AD80AD80AD70AD70AD60A67
:10FD8C00D60AD50AD50AD40AD40AD30AD30AD20A77
:10FD9C00D20AD10AD10AD00AD00ACF0ACF0ACE0A87
:10FDAC00CE0ACD0ACD0ACC0ACC0ACB0ACB0ACA0A97
:10FDBC00CA0AC90AC90AC80AC80AC70AC70AC60AA7
:10FDCC00C60AC50AC50AC40AC40AC30AC30AC20AB7
:10FDDC00C20AC10AC10AC00AC00ABF0ABF0ABE0AC7
:10FDEC00BE0ABD0ABD0ABC0ABC0ABB0ABB0ABA0AD7
:10FDFC00BA0AB90AB90AB80AB80AB70AB70AB60AE7
:10FE0C00B60AB50AB50AB40AB40AB30AB30AB20AF6
:10FE1C00B20AB10AB10AB00AB00AAF0AAF0AAE0A06
:10FE2C00AE0AAD0AAD0AAC0AAC0AAB0AAB0AAA0A16
:10FE3C00AA0AA90AA90AA80AA80AA70AA70AA60A26
:10FE4C00A60AA50AA50AA40AA40AA30AA30AA20A36
:10FE5C00A20AA10AA10AA00AA00A9F0A9F0A9E0A46
:10FE6C009E0A9D0A9D0A9C0A9C0A9B0A9B0A9A0A56
:10FE7C009A0A990A990A980A980A970A970A960A66
:10FE8C00960A950A950A940A940A930A930A920A76
:10FE9C00920A910A910A900A900A8F0A8F0A8E0A86
:10FEAC008E0A8D0A8D0A8C0A8C0A8B0A8B0A8A0A96
:10FEBC008A0A890A890A880A880A870A870A860AA6
:10FECC00860A850A850A840A840A830A830A820AB6
:10FEDC00820A810A810A800A800A7F0A7F0A7E0AC6
:10FEEC007E0A7D0A7D0A7C0A7C0A7B0A7B0A7A0AD6
:10FEFC007A0A790A790A780A780A770A770A760AE6
:10FF0C00760A750A750A740A740A730A730A720AF5
:10FF1C00720A710A710A700A700A6F0A6F0A6E0A05
:10FF2C006E0A6D0A6D0A6C0A6C0A6B0A6B0A6A0A15
:10FF3C006A0A690A690A680A680A670A670A660A25
:10FF4C00660A650A650A640A640A630A630A620A35
:10FF5C00620A610A610A600A600A5F0A5F0A5E0A45
:10FF6C005E0A5D0A5D0A5C0A5C0A5B0A5B0A5A0A55
:10FF7C005A0A590A590A580A580A570A570A560A65
:10FF8C00560A550A550A540A540A530A530A520A75
:10FF9C00520A510A510A500A500A4F0A4F0A4E0A85
:10FFAC004E0A4D0A4D0A4C0A4C0A4B0A4B0A4A0A95
:10FFBC004A0A490A490A480A480A470A470A460AA5
:10FFCC00460A450A450A440A440A430A430A420AB5
:10FFDC00420A410A410A400A400A3F0A3F0A3E0AC5
:10FFEC003E0A3D0A3D0A3C0A3C0A3B0A3B0A3A0AD5
:04FFFC003A0A390A7A
:020000040801F1
:10000000390A380A380A370A370A360A360A350AE8
:10001000350A340A340A330A330A320A320A310AF8
:10002000310A300A300A2F0A2F0A2E0A2E0A2D0A08
:100030002D0A2C0A2C0A2B0A2B0A2A0A2A0A290A18
:10004000290A280A280A270A270A260A260A250A28
:10005000250A240A240A230A230A220A220A210A38
:10006000210A200A200A1F0A1F0A1E0A1E0A1D0A48
:100070001D0A1C0A1C0A1B0A1B0A1A0A1A0A190A58
:10008000190A180A180A170A170A160A160A150A68
:10009000150A140A140A130A130A120A120A110A78
:1000A000110A100A100A0F0A0F0A0E0A0E0A0D0A88
:1000B0000D0A0C0A0C0A0B0A0B0A0A0A0A0A090A98
:1000C000090A080A080A070A070A060A060A050AA8
:1000D000050A040A040A030A030A020A020A010AB8
:1000E000010A000A000AFF09FF09FE09FE09FD09CD
:1000F000FD09FC09FC09FB09FB09FA09FA09F909E0
:10010000F909F809F809F709F709F609F609F509EF
:10011000F509F409F409F309F309F209F209F109FF
:10012000F109F009F009EF09EF09EE09EE09ED090F
:10013000ED09EC09EC09EB09EB09EA09EA09E9091F
:10014000E909E809E809E709E709E609E609E5092F
:10015000E509E409E409E309E309E209E209E1093F
:10016000E109E009E009DF09DF09DE09DE09DD094F
:10017000DD09DC09DC09DB09DB09DA09DA09D9095F
:10018000D909D809D809D709D709D609D609D5096F
:10019000D509D409D409D309D309D209D209D1097F
:1001A000D109D009D009CF09CF09CE09CE09CD098F
:1001B000CD09CC09CC09CB09CB09CA09CA09C9099F
:1001C000C909C809C809C709C709C609C609C509AF
:1001D000C509C409C409C309C309C209C209C109BF
:1001E000C109C009C009BF09BF09BE09BE09BD09CF
:1001F000BD09BC09BC09BB09BB09BA09BA09B909DF
:10020000B909B809B809B709B709B609B609B509EE
:10021000B509B409B409B309B309B209B209B109FE
:10022000B109B009B009AF09AF09AE09AE09AD090E
:10023000AD09AC09AC09AB09AB09AA09AA09A9091E
:10024000A909A809A809A709A709A609A609A5092E
:10025000A509A409A409A309A309A209A209A1093E
:10026000A109A009A0099F099F099E099E099D094E
:100270009D099C099C099B099B099A099A0999095E
:10028000990998099809970997099609960995096E
:10029000950994099409930993099209920991097E
:1002A0009109900990098F098F098E098E098D098E
:1002B0008D098C098C098B098B098A098A0989099E
:1002C00089098809880987098709860986098509AE
:1002D00085098409840983098309820982098109BE
:1002E0008109800980097F097F097E097E097D09CE
:1002F0007D097C097C097B097B097A097A097909DE
:1003000079097809780977097709760976097509ED
:1003100075097409740973097309720972097109FD
:100320007109700970096F096F096E096E096D090D
:100330006D096C096C096B096B096A096A0969091D
:10034000690968096809670967096609660965092D
:10035000650964096409630963096209620961093D
:100360006109600960095F095F095E095E095D094D
:100370005D095C095C095B095B095A095A0959095D
:10038000590958095809570957095609560955096D
:10039000550954095409530953095209520951097D
:1003A0005109500950094F094F094E094E094D098D
:1003B0004D094C094C094B094B094A094A0949099D
:1003C00049094809480947094709460946094509AD
:1003D00045094409440943094309420942094109BD
:1003E0004109400940093F093F093E093E093D09CD
:1003F0003D093C093C093B093B093A093A093909DD
:1004000039093809380937093709360936093509EC
:1004100035093409340933093309320932093109FC
:100420003109300930092F092F092E092E092D090C
:100430002D092C092C092B092B092A092A0929091C
:10044000290928092809270927092609260925092C
:10045000250924092409230923092209220921093C
:100460002109200920091F091F091E091E091D094C
:100470001D091C091C091B091B091A091A0919095C
:10048000190918091809170917091609160915096C
:10049000150914091409130913091209120911097C
:1004A0001109100910090F090F090E090E090D098C
:1004B0000D090C090C090B090B090A090A0909099C
:1004C00009090809080907090709060906090509AC
:1004D00005090409040903090309020902090109BC
:1004E000010900090009FF08FF08FE08FE08FD08D1
:1004F000FD08FC08FC08FB08FB08FA08FA08F908E4
:10050000F908F808F808F708F708F608F608F508F3
:10051000F508F408F408F308F308F208F208F10803
:10052000F108F008F008EF08EF08EE08EE08ED0813
:10053000ED08EC08EC08EB08EB08EA08EA08E90823
:10054000E908E808E808E708E708E608E608E50833
:10055000E508E408E408E308E308E208E208E10843
:10056000E108E008E008DF08DF08DE08DE08DD0853
:10057000DD08DC08DC08DB08DB08DA08DA08D90863
:10058000D908D808D808D708D708D608D608D50873
:10059000D508D408D408D308D308D208D208D10883
:1005A000D108D008D008CF08CF08CE08CE08CD0893
:1005B000CD08CC08CC08CB08CB08CA08CA08C908A3
:1005C000C908C808C808C708C708C608C608C508B3
:1005D000C508C408C408C308C308C208C208C108C3
:1005E000C108C008C008BF08BF08BE08BE08BD08D3
:1005F000BD08BC08BC08BB08BB08BA08BA08B908E3
:10060000B908B808B808B708B708B608B608B508F2
:10061000B508B408B408B308B308B208B208B10802
:10062000B108B008B008AF08AF08AE08AE08AD0812
:10063000AD08AC08AC08AB08AB08AA08AA08A90822
:10064000A908A808A808A708A708A608A608A50832
:10065000A508A408A408A308A308A208A208A10842
:10066000A108A008A0089F089F089E089E089D0852
:100670009D089C089C089B089B089A089A08990862
:100680009908980898089708970896089608950872
:100690009508940894089308930892089208910882
:1006A0009108900890088F088F088E088E088D0892
:1006B0008D088C088C088B088B088A088A088908A2
:1006C00089088808880887088708860886088508B2
:1006D00085088408840883088308820882088108C2
:1006E0008108800880087F087F087E087E087D08D2
:1006F0007D087C087C087B087B087A087A087908E2
:1007000079087808780877087708760876087508F1
:100710007508740874087308730872087208710801
:100720007108700870086F086F086E086E086D0811
:100730006D086C086C086B086B086A086A08690821
:100740006908680868086708670866086608650831
:100750006508640864086308630862086208610841
:100760006108600860085F085F085E085E085D0851
:100770005D085C085C085B085B085A085A08590861
:100780005908580858085708570856085608550871
:100790005508540854085308530852085208510881
:1007A0005108500850084F084F084E084E084D0891
:1007B0004D084C084C084B084B084A084A084908A1
:1007C00049084808480847084708460846084508B1
:1007D00045084408440843084308420842084108C1
:1007E0004108400840083F083F083E083E083D08D1
:1007F0003D083C083C083B083B083A083A083908E1
:1008000039083808380837083708360836083508F0
:100810003508340834083308330832083208310800
:100820003108300830082F082F082E082E082D0810
:100830002D082C082C082B082B082A082A08290820
:100840002908280828082708270826082608250830
:100850002508240824082308230822082208210840
:100860002108200820081F081F081E081E081D0850
:100870001D081C081C081B081B081A081A08190860
:100880001908180818081708170816081608150870
:100890001508140814081308130812081208110880
:1008A0001108100810080F080F080E080E080D0890
:1008B0000D080C080C080B080B080A080A080908A0
:1008C00009080808080807080708060806080508B0
:1008D00005080408040803080308020802080108C0
:1008E000010800080008FF07FF07FF07FE07FE07D3
:1008F000FD07FD07FC07FC07FB07FB07FA07FA07E4
:10090000F907F907F807F807F707F707F607F607F3
:10091000F507F507F407F407F307F307F207F20703
:10092000F107F107F007F007EF07EF07EE07EE0713
:10093000ED07ED07EC07EC07EB07EB07EA07EA0723
:10094000E907E907E807E807E707E707E607E60733
:10095000E507E507E407E407E307E307E207E20743
:10096000E107E107E007E007DF07DF07DE07DE0753
:10097000DD07DD07DC07DC07DB07DB07DA07DA0763
:10098000D907D907D807D807D707D707D607D60773
:10099000D507D507D407D407D307D307D207D20783
:1009A000D107D107D007D007CF07CF07CE07CE0793
:1009B000CD07CD07CC07CC07CB07CB07CA07CA07A3
:1009C000C907C907C807C807C707C707C607C607B3
:1009D000C507C507C407C407C307C307C207C207C3
:1009E000C107C107C007C007BF07BF07BE07BE07D3
:1009F000BD07BD07BC07BC07BB07BB07BA07BA07E3
:100A0000B907B907B807B807B707B707B607B607F2
:100A1000B507B507B407B407B307B307B207B20702
:100A2000B107B107B007B007AF07AF07AE07AE0712
:100A3000AD07AD07AC07AC07AB07AB07AA07AA0722
:100A4000A907A907A807A807A707A707A607A60732
:100A5000A507A507A407A407A307A307A207A20742
:100A6000A107A107A007A0079F079F079E079E0752
:100A70009D079D079C079C079B079B079A079A0762
:100A80009907990798079807970797079607960772
:100A90009507950794079407930793079207920782
:100AA00091079107900790078F078F078E078E0792
:100AB0008D078D078C078C078B078B078A078A07A2
:100AC00089078907880788078707870786078607B2
:100AD00085078507840784078307830782078207C2
:100AE00081078107800780077F077F077E077E07D2
:100AF0007D077D077C077C077B077B077A077A07E2
:100B000079077907780778077707770776077607F1
:100B10007507750774077407730773077207720701
:100B200071077107700770076F076F076E076E0711
:100B30006D076D076C076C076B076B076A076A0721
:100B40006907690768076807670767076607660731
:100B50006507650764076407630763076207620741
:100B600061076107600760075F075F075E075E0751
:100B70005D075D075C075C075B075B075A075A0761
:100B80005907590758075807570757075607560771
:100B90005507550754075407530753075207520781
:100BA00051075107500750074F074F074E074E0791
:100BB0004D074D074C074C074B074B074A074A07A1
:100BC00049074907480748074707470746074607B1
:100BD00045074507440744074307430742074207C1
:100BE00041074107400740073F073F073E073E07D1
:100BF0003D073D073C073C073B073B073A073A07E1
:100C000039073907380738073707370736073607F0
:100C10003507350734073407330733073207320700
:100C200031073107300730072F072F072E072E0710
:100C30002D072D072C072C072B072B072A072A0720
:100C40002907290728072807270727072607260730
:100C50002507250724072407230723072207220740
:100C600021072107200720071F071F071E071E0750
:100C70001D071D071C071C071B071B071A071A0760
:100C80001907190718071807170717071607160770
:100C90001507150714071407130713071207120780
:100CA00011071107100710070F070F070E070E0790
:100CB0000D070D070C070C070B070B070A070A07A0
:100CC00009070907080708070707070706070607B0
:100CD00005070507040704070307030702070207C0
:100CE0000107010700070007FF06FF06FE06FE06D4
:100CF000FD06FD06FC06FC06FB06FB06FA06FA06E8
:100D0000F906F906F806F806F706F706F606F606F7
:100D1000F506F506F406F406F306F306F206F20607
:100D2000F106F106F006F006EF06EF06EE06EE0617
:100D3000ED06ED06EC06EC06EB06EB06EA06EA0627
:100D4000E906E906E806E806E706E706E606E60637
:100D5000E506E506E406E406E306E306E206E20647
:100D6000E106E106E006E006DF06DF06DE06DE0657
:100D7000DD06DD06DC06DC06DB06DB06DA06DA0667
:100D8000D906D906D806D806D706D706D606D60677
:100D9000D506D506D406D406D306D306D206D20687
:100DA000D106D106D006D006CF06CF06CE06CE0697
:100DB000CD06CD06CC06CC06CB06CB06CA06CA06A7
:100DC000C906C906C806C806C706C706C606C606B7
:100DD000C506C506C406C406C306C306C206C206C7
:100DE000C106C106C006C006BF06BF06BE06BE06D7
:100DF000BD06BD06BC06BC06BB06BB06BA06BA06E7
:100E0000B906B906B806B806B706B706B606B606F6
:100E1000B506B506B406B406B306B306B206B20606
:100E2000B106B106B006B006AF06AF06AE06AE0616
:100E3000AD06AD06AC06AC06AB06AB06AA06AA0626
:100E4000A906A906A806A806A706A706A606A60636
:100E5000A506A506A406A406A306A306A206A20646
:100E6000A106A106A006A0069F069F069E069E0656
:100E70009D069D069C069C069B069B069A069A0666
:100E80009906990698069806970697069606960676
:100E90009506950694069406930693069206920686
:100EA00091069106900690068F068F068E068E0696
:100EB0008D068D068C068C068B068B068A068A06A6
:100EC00089068906880688068706870686068606B6
:100ED00085068506840684068306830682068206C6
:100EE00081068106800680067F067F067E067E06D6
:100EF0007D067D067C067C067B067B067A067A06E6
:100F000079067906780678067706770676067606F5
:100F10007506750674067406730673067206720605
:100F200071067106700670066F066F066E066E0615
:100F30006D066D066C066C066B066B066A066A0625
:100F40006906690668066806670667066606660635
:100F50006506650664066406630663066206620645
:100F600061066106600660065F065F065E065E0655
:100F70005D065D065C065C065B065B065A065A0665
:100F80005906590658065806570657065606560675
:100F90005506550654065406530653065206520685
:100FA00051065106500650064F064F064E064E0695
:100FB0004D064D064C064C064B064B064A064A06A5
:100FC00049064906480648064706470646064606B5
:100FD00045064506440644064306430642064206C5
:100FE00041064106400640063F063F063E063E06D5
:100FF0003D063D063C063C063B063B063A063A06E5
:1010000039063906380638063706370636063606F4
:101010003506350634063406330633063206320604
:1010200031063106300630062F062F062E062E0614
:101030002D062D062C062C062B062B062A062A0624
:101040002906290628062806270627062606260634
:101050002506250624062406230623062206220644
:1010600021062106200620061F061F061E061E0654
:101070001D061D061C061C061B061B061A061A0664
:101080001906190618061806170617061606160674
:101090001506150614061406130613061206120684
:1010A00011061106100610060F060F060E060E0694
:1010B0000D060D060C060C060B060B060A060A06A4
:1010C00009060906080608060706070606060606B4
:1010D00005060506040604060306030602060206C4
:1010E0000106010600060006FF05FF05FE05FE05D8
:1010F000FD05FD05FC05FC05FB05FB05FA05FA05EC
:10110000F905F905F805F805F705F705F605F605FB
:10111000F505F505F405F405F305F305F205F2050B
:10112000F105F105F005F005EF05EF05EE05EE051B
:10113000ED05ED05EC05EC05EB05EB05EA05EA052B
:10114000E905E905E805E805E705E705E605E6053B
:10115000E505E505E405E405E305E305E205E2054B
:10116000E105E105E005E005DF05DF05DE05DE055B
:10117000DD05DD05DC05DC05DB05DB05DA05DA056B
:10118000D905D905D805D805D705D705D605D6057B
:10119000D505D505D405D405D305D305D205D2058B
:1011A000D105D105D005D005CF05CF05CE05CE059B
:1011B000CD05CD05CC05CC05CB05CB05CA05CA05AB
:1011C000C905C905C805C805C705C705C605C605BB
:1011D000C505C505C405C405C305C305C205C205CB
:1011E000C105C105C005C005BF05BF05BE05BE05DB
:1011F000BD05BD05BC05BC05BB05BB05BA05BA05EB
:10120000B905B905B805B805B705B705B605B605FA
:10121000B505B505B405B405B305B305B205B2050A
:10122000B105B105B005B005AF05AF05AE05AE051A
:10123000AD05AD05AC05AC05AB05AB05AA05AA052A
:10124000A905A905A805A805A705A705A605A6053A
:10125000A505A505A405A405A305A305A205A2054A
:10126000A105A105A005A0059F059F059E059E055A
:101270009D059D059C059C059B059B059A059A056A
:10128000990599059805980597059705960596057A
:10129000950595059405940593059305920592058A
:1012A00091059105900590058F058F058E058E059A
:1012B0008D058D058C058C058B058B058A058A05AA
:1012C00089058905880588058705870586058605BA
:1012D00085058505840584058305830582058205CA
:1012E00081058105800580057F057F057E057E05DA
:1012F0007D057D057C057C057B057B057A057A05EA
:1013000079057905780578057705770576057605F9
:101310007505750574057405730573057205720509
:1013200071057105700570056F056F056E056E0519
:101330006D056D056C056C056B056B056A056A0529
:101340006905690568056805670567056605660539
:101350006505650564056405630563056205620549
:1013600061056105600560055F055F055E055E0559
:101370005D055D055C055C055B055B055A055A0569
:101380005905590558055805570557055605560579
:101390005505550554055405530553055205520589
:1013A00051055105500550054F054F054E054E0599
:1013B0004D054D054C054C054B054B054A054A05A9
:1013C00049054905480548054705470546054605B9
:1013D00045054505440544054305430542054205C9
:1013E00041054105400540053F053F053E053E05D9
:1013F0003D053D053C053C053B053B053A053A05E9
:1014000039053905380538053705370536053605F8
:101410003505350534053405330533053205320508
:1014200031053105300530052F052F052E052E0518
:101430002D052D052C052C052B052B052A052A0528
:101440002905290528052805270527052605260538
:101450002505250524052405230523052205220548
:1014600021052105200520051F051F051E051E0558
:101470001D051D051C051C051B051B051A051A0568
:101480001905190518051805170517051605160578
:101490001505150514051405130513051205120588
:1014A00011051105100510050F050F050E050E0598
:1014B0000D050D050C050C050B050B050A050A05A8
:1014C00009050905080508050705070506050605B8
:1014D00005050505040504050305030502050205C8
:1014E0000105010500050005FF04FF04FE04FE04DC
:1014F000FD04FD04FC04FC04FB04FB04FA04FA04F0
:10150000F904F904F804F804F704F704F604F604FF
:10151000F504F504F404F404F304F304F204F2040F
:10152000F104F104F004F004EF04EF04EE04EE041F
:10153000ED04ED04EC04EC04EB04EB04EA04EA042F
:10154000E904E904E804E804E704E704E604E6043F
:10155000E504E504E404E404E304E304E204E2044F
:10156000E104E104E004E004DF04DF04DE04DE045F
:10157000DD04DD04DC04DC04DB04DB04DA04DA046F
:10158000D904D904D804D804D704D704D604D6047F
:10159000D504D504D404D404D304D304D204D2048F
:1015A000D104D104D004D004CF04CF04CE04CE049F
:1015B000CD04CD04CC04CC04CB04CB04CA04CA04AF
:1015C000C904C904C804C804C704C704C604C604BF
:1015D000C504C504C404C404C304C304C204C204CF
:1015E000C104C104C004C004BF04BF04BE04BE04DF
:1015F000BD04BD04BC04BC04BB04BB04BA04BA04EF
:10160000B904B904B804B804B704B704B604B604FE
:10161000B504B504B404B404B304B304B204B2040E
:10162000B104B104B004B004AF04AF04AE04AE041E
:10163000AD04AD04AC04AC04AB04AB04AA04AA042E
:10164000A904A904A804A804A704A704A604A6043E
:10165000A504A504A404A404A304A304A204A2044E
:10166000A104A104A004A0049F049F049E049E045E
:101670009D049D049C049C049B049B049A049A046E
:10168000990499049804980497049704960496047E
:10169000950495049404940493049304920492048E
:1016A00091049104900490048F048F048E048E049E
:1016B0008D048D048C048C048B048B048A048A04AE
:1016C00089048904880488048704870486048604BE
:1016D00085048504840484048304830482048204CE
:1016E00081048104800480047F047F047E047E04DE
:1016F0007D047D047C047C047B047B047A047A04EE
:1017000079047904780478047704770476047604FD
:10171000750475047404740473047304720472040D
:1017200071047104700470046F046F046E046E041D
:101730006D046D046C046C046B046B046A046A042D
:10174000690469046804680467046704660466043D
:10175000650465046404640463046304620462044D
:1017600061046104600460045F045F045E045E045D
:101770005D045D045C045C045B045B045A045A046D
:10178000590459045804580457045704560456047D
:10179000550455045404540453045304520452048D
:1017A00051045104500450044F044F044E044E049D
:1017B0004D044D044C044C044B044B044A044A04AD
:1017C00049044904480448044704470446044604BD
:1017D00045044504440444044304430442044204CD
:1017E00041044104400440043F043F043E043E04DD
:1017F0003D043D043C043C043B043B043A043A04ED
:1018000039043904380438043704370436043604FC
:10181000350435043404340433043304320432040C
:1018200031043104300430042F042F042E042E041C
:101830002D042D042C042C042B042B042A042A042C
:10184000290429042804280427042704260426043C
:10185000250425042404240423042304220422044C
:1018600021042104200420041F041F041E041E045C
:101870001D041D041C041C041B041B041A041A046C
:10188000190419041804180417041704160416047C
:10189000150415041404140413041304120412048C
:1018A00011041104100410040F040F040E040E049C
:1018B0000D040D040C040C040B040B040A040A04AC
:1018C00009040904080408040704070406040604BC
:1018D00005040504040404040304030402040204CC
:1018E0000104010400040004FF03FF03FE03FE03E0
:1018F000FD03FD03FC03FC03FB03FB03FA03FA03F4
:10190000F903F903F803F803F703F703F603F60303
:10191000F503F503F403F403F303F303F203F20313
:10192000F103F103F003F003EF03EF03EE03EE0323
:10193000ED03ED03EC03EC03EB03EB03EA03EA0333
:10194000E903E903E803E803E703E703E603E60343
:10195000E503E503E403E403E303E303E203E20353
:10196000E103E103E003E003DF03DF03DE03DE0363
:10197000DD03DD03DC03DC03DB03DB03DA03DA0373
:10198000D903D903D803D803D703D703D603D60383
:10199000D503D503D403D403D303D303D203D20393
:1019A000D103D103D003D003CF03CF03CE03CE03A3
:1019B000CD03CD03CC03CC03CB03CB03CA03CA03B3
:1019C000C903C903C803C803C703C703C603C603C3
:1019D000C503C503C403C403C303C303C203C203D3
:1019E000C103C103C003C003BF03BF03BE03BE03E3
:1019F000BD03BD03BC03BC03BB03BB03BA03BA03F3
:101A0000B903B903B803B803B703B703B603B60302
:101A1000B503B503B403B403B303B303B203B20312
:101A2000B103B103B003B003AF03AF03AE03AE0322
:101A3000AD03AD03AC03AC03AB03AB03AA03AA0332
:101A4000A903A903A803A803A703A703A603A60342
:101A5000A503A503A403A403A303A303A203A20352
:101A6000A103A103A003A0039F039F039E039E0362
:101A70009D039D039C039C039B039B039A039A0372
:101A80009903990398039803970397039603960382
:101A90009503950394039403930393039203920392
:101AA00091039103900390038F038F038E038E03A2
:101AB0008D038D038C038C038B038B038A038A03B2
:101AC00089038903880388038703870386038603C2
:101AD00085038503840384038303830382038203D2
:101AE00081038103800380037F037F037E037E03E2
:101AF0007D037D037C037C037B037B037A037A03F2
:101B00007903790378037803770377037603760301
:101B10007503750374037403730373037203720311
:101B200071037103700370036F036F036E036E0321
:101B30006D036D036C036C036B036B036A036A0331
:101B40006903690368036803670367036603660341
:101B50006503650364036403630363036203620351
:101B600061036103600360035F035F035E035E0361
:101B70005D035D035C035C035B035B035A035A0371
:101B80005903590358035803570357035603560381
:101B90005503550354035403530353035203520391
:101BA00051035103500350034F034F034E034E03A1
:101BB0004D034D034C034C034B034B034A034A03B1
:101BC00049034903480348034703470346034603C1
:101BD00045034503440344034303430342034203D1
:101BE00041034103400340033F033F033E033E03E1
:101BF0003D033D033C033C033B033B033A033A03F1
:101C00003903390338033803370337033603360300
:101C10003503350334033403330333033203320310
:101C200031033103300330032F032F032E032E0320
:101C30002D032D032C032C032B032B032A032A0330
:101C40002903290328032803270327032603260340
:101C50002503250324032403230323032203220350
:101C600021032103200320031F031F031E031E0360
:101C70001D031D031C031C031B031B031A031A0370
:101C80001903190318031803170317031603160380
:101C90001503150314031403130313031203120390
:101CA00011031103100310030F030F030E030E03A0
:101CB0000D030D030C030C030B030B030A030A03B0
:101CC00009030903080308030703070306030603C0
:101CD00005030503040304030303030302030203D0
:101CE0000103010300030003FF02FF02FE02FE02E4
:101CF000FD02FD02FC02FC02FB02FB02FA02FA02F8
:101D0000F902F902F802F802F702F702F602F60207
:101D1000F502F502F402F402F302F302F202F20217
:101D2000F102F102F002F002EF02EF02EE02EE0227
:101D3000ED02ED02EC02EC02EB02EB02EA02EA0237
:101D4000E902E902E802E802E702E702E602E60247
:101D5000E502E502E402E402E302E302E202E20257
:101D6000E102E102E002E002DF02DF02DE02DE0267
:101D7000DD02DD02DC02DC02DB02DB02DA02DA0277
:101D8000D902D902D802D802D702D702D602D60287
:101D9000D502D502D402D402D302D302D202D20297
:101DA000D102D102D002D002CF02CF02CE02CE02A7
:101DB000CD02CD02CC02CC02CB02CB02CA02CA02B7
:101DC000C902C902C802C802C702C702C602C602C7
:101DD000C502C502C402C402C302C302C202C202D7
:101DE000C102C102C002C002BF02BF02BE02BE02E7
:101DF000BD02BD02BC02BC02BB02BB02BA02BA02F7
:101E0000B902B902B802B802B702B702B602B60206
:101E1000B502B502B402B402B302B302B202B20216
:101E2000B102B102B002B002AF02AF02AE02AE0226
:101E3000AD02AD02AC02AC02AB02AB02AA02AA0236
:101E4000A902A902A802A802A702A702A602A60246
:101E5000A502A502A402A402A302A302A202A20256
:101E6000A102A102A002A0029F029F029E029E0266
:101E70009D029D029C029C029B029B029A029A0276
:101E80009902990298029802970297029602960286
:101E90009502950294029402930293029202920296
:101EA00091029102900290028F028F028E028E02A6
:101EB0008D028D028C028C028B028B028A028A02B6
:101EC00089028902880288028702870286028602C6
:101ED00085028502840284028302830282028202D6
:101EE00081028102800280027F027F027E027E02E6
:101EF0007D027D027C027C027B027B027A027A02F6
:101F00007902790278027802770277027602760205
:101F10007502750274027402730273027202720215
:101F200071027102700270026F026F026E026E0225
:101F30006D026D026C026C026B026B026A026A0235
:101F40006902690268026802670267026602660245
:101F50006502650264026402630263026202620255
:101F600061026102600260025F025F025E025E0265
:101F70005D025D025C025C025B025B025A025A0275
:101F80005902590258025802570257025602560285
:101F90005502550254025402530253025202520295
:101FA00051025102500250024F024F024E024E02A5
:101FB0004D024D024C024C024B024B024A024A02B5
:101FC00049024902480248024702470246024602C5
:101FD00045024502440244024302430242024202D5
:101FE00041024102400240023F023F023E023E02E5
:101FF0003D023D023C023C023B023B023A023A02F5
:102000003902390238023802370237023602360204
:102010003502350234023402330233023202320214
:1020200031023102300230022F022F022E022E0224
:102030002D022D022C022C022B022B022A022A0234
:102040002902290228022802270227022602260244
:102050002502250224022402230223022202220254
:1020600021022102200220021F021F021E021E0264
:102070001D021D021C021C021B021B021A021A0274
:102080001902190218021802170217021602160284
:102090001502150214021402130213021202120294
:1020A00011021102100210020F020F020E020E02A4
:1020B0000D020D020C020C020B020B020A020A02B4
:1020C00009020902080208020702070206020602C4
:1020D00005020502040204020302030202020202D4
:1020E0000102010200020002FF01FF01FE01FE01E8
:1020F000FD01FD01FC01FC01FB01FB01FA01FA01FC
:10210000F901F901F801F801F701F701F601F6010B
:10211000F501F501F401F401F301F301F201F2011B
:10212000F101F101F001F001EF01EF01EE01EE012B
:10213000ED01ED01EC01EC01EB01EB01EA01EA013B
:10214000E901E901E801E801E701E701E601E6014B
:10215000E501E501E401E401E301E301E201E2015B
:10216000E101E101E001E001DF01DF01DE01DE016B
:10217000DD01DD01DC01DC01DB01DB01DA01DA017B
:10218000D901D901D801D801D701D701D601D6018B
:10219000D501D501D401D401D301D301D201D2019B
:1021A000D101D101D001D001CF01CF01CE01CE01AB
:1021B000CD01CD01CC01CC01CB01CB01CA01CA01BB
:1021C000C901C901C801C801C701C701C601C601CB
:1021D000C501C501C401C401C301C301C201C201DB
:1021E000C101C101C001C001BF01BF01BE01BE01EB
:1021F000BD01BD01BC01BC01BB01BB01BA01BA01FB
:10220000B901B901B801B801B701B701B601B6010A
:10221000B501B501B401B401B301B301B201B2011A
:10222000B101B101B001B001AF01AF01AE01AE012A
:10223000AD01AD01AC01AC01AB01AB01AA01AA013A
:10224000A901A901A801A801A701A701A601A6014A
:10225000A501A501A401A401A301A301A201A2015A
:10226000A101A101A001A0019F019F019E019E016A
:102270009D019D019C019C019B019B019A019A017A
:10228000990199019801980197019701960196018A
:10229000950195019401940193019301920192019A
:1022A00091019101900190018F018F018E018E01AA
:1022B0008D018D018C018C018B018B018A018A01BA
:1022C00089018901880188018701870186018601CA
:1022D00085018501840184018301830182018201DA
:1022E00081018101800180017F017F017E017E01EA
:1022F0007D017D017C017C017B017B017A017A01FA
:102300007901790178017801770177017601760109
:102310007501750174017401730173017201720119
:1023200071017101700170016F016F016E016E0129
:102330006D016D016C016C016B016B016A016A0139
:102340006901690168016801670167016601660149
:102350006501650164016401630163016201620159
:1023600061016101600160015F015F015E015E0169
:102370005D015D015C015C015B015B015A015A0179
:102380005901590158015801570157015601560189
:102390005501550154015401530153015201520199
:1023A00051015101500150014F014F014E014E01A9
:1023B0004D014D014C014C014B014B014A014A01B9
:1023C00049014901480148014701470146014601C9
:1023D00045014501440144014301430142014201D9
:1023E00041014101400140013F013F013E013E01E9
:1023F0003D013D013C013C013B013B013A013A01F9
:102400003901390138013801370137013601360108
:102410003501350134013401330133013201320118
:1024200031013101300130012F012F012E012E0128
:102430002D012D012C012C012B012B012A012A0138
:102440002901290128012801270127012601260148
:102450002501250124012401230123012201220158
:1024600021012101200120011F011F011E011E0168
:102470001D011D011C011C011B011B011A011A0178
:102480001901190118011801170117011601160188
:102490001501150114011401130113011201120198
:1024A00011011101100110010F010F010E010E01A8
:1024B0000D010D010C010C010B010B010A010A01B8
:1024C00009010901080108010701070106010601C8
:1024D00005010501040104010301030102010201D8
:1024E0000101010100010001FF00FF00FE00FE00EC
:1024F000FD00FD00FC00FC00FB00FB00FA00FA0000
:10250000F900F900F800F800F700F700F600F6000F
:10251000F500F500F400F400F300F300F200F2001F
:10252000F100F100F000F000EF00EF00EE00EE002F
:10253000ED00ED00EC00EC00EB00EB00EA00EA003F
:10254000E900E900E800E800E700E700E600E6004F
:10255000E500E500E400E400E300E300E200E2005F
:10256000E100E100E000E000DF00DF00DE00DE006F
:10257000DD00DD00DC00DC00DB00DB00DA00DA007F
:10258000D900D900D800D800D700D700D600D6008F
:10259000D500D500D400D400D300D300D200D2009F
:1025A000D100D100D000D000CF00CF00CE00CE00AF
:1025B000CD00CD00CC00CC00CB00CB00CA00CA00BF
:1025C000C900C900C800C800C700C700C600C600CF
:1025D000C500C500C400C400C300C300C200C200DF
:1025E000C100C100C000C000BF00BF00BE00BE00EF
:1025F000BD00BD00BC00BC00BB00BB00BA00BA00FF
:10260000B900B900B800B800B700B700B600B6000E
:10261000B500B500B400B400B300B300B200B2001E
:10262000B100B100B000B000AF00AF00AE00AE002E
:10263000AD00AD00AC00AC00AB00AB00AA00AA003E
:10264000A900A900A800A800A700A700A600A6004E
:10265000A500A500A400A400A300A300A200A2005E
:10266000A100A100A000A0009F009F009E009E006E
:102670009D009D009C009C009B009B009A009A007E
:10268000990099009800980097009700960096008E
:10269000950095009400940093009300920092009E
:1026A00091009100900090008F008F008E008E00AE
:1026B0008D008D008C008C008B008B008A008A00BE
:1026C00089008900880088008700870086008600CE
:1026D00085008500840084008300830082008200DE
:1026E00081008100800080007F007F007E007E00EE
:1026F0007D007D007C007C007B007B007A007A00FE
:10270000790079007800780077007700760076000D
:10271000750075007400740073007300720072001D
:1027200071007100700070006F006F006E006E002D
:102730006D006D006C006C006B006B006A006A003D
:10274000690069006800680067006700660066004D
:10275000650065006400640063006300620062005D
:1027600061006100600060005F005F005E005E006D
:102770005D005D005C005C005B005B005A005A007D
:10278000590059005800580057005700560056008D
:10279000550055005400540053005300520052009D
:1027A00051005100500050004F004F004E004E00AD
:1027B0004D004D004C004C004B004B004A004A00BD
:1027C00049004900480048004700470046004600CD
:1027D00045004500440044004300430042004200DD
:1027E00041004100400040003F003F003E003E00ED
:1027F0003D003D003C003C003B003B003A003A00FD
:10280000390039003800380037003700360036000C
:10281000350035003400340033003300320032001C
:1028200031003100300030002F002F002E002E002C
:102830002D002D002C002C002B002B002A002A003C
:10284000290029002800280027002700260026004C
:10285000250025002400240023002300220022005C
:1028600021002100200020001F001F001E001E006C
:102870001D001D001C001C001B001B001A001A007C
:10288000190019001800180017001700160016008C
:10289000150015001400140013001300120012009C
:1028A00011001100100010000F000F000E000E00AC
:1028B0000D000D000C000C000B000B000A000A00BC
:1028C00009000900080008000700070006000600CC
:1028D00005000500040004000300030002000200DC
:1028E00001000100000000000000000000000100E5
:1028F00001000200020003000300040004000500C0
:10290000050006000600070007000800080009008F
:1029100009000A000A000B000B000C000C000D005F
:102920000D000E000E000F000F001000100011002F
:1029300011001200120013001300140014001500FF
:1029400015001600160017001700180018001900CF
:1029500019001A001A001B001B001C001C001D009F
:102960001D001E001E001F001F002000200021006F
:10297000210022002200230023002400240025003F
:10298000250026002600270027002800280029000F
:1029900029002A002A002B002B002C002C002D00DF
:1029A0002D002E002E002F002F00300030003100AF
:1029B000310032003200330033003400340035007F
:1029C000350036003600370037003800380039004F
:1029D00039003A003A003B003B003C003C003D001F
:1029E0003D003E003E003F003F00400040004100EF
:1029F00041004200420043004300440044004500BF
:102A0000450046004600470047004800480049008E
:102A100049004A004A004B004B004C004C004D005E
:102A20004D004E004E004F004F005000500051002E
:102A300051005200520053005300540054005500FE
:102A400055005600560057005700580058005900CE
:102A500059005A005A005B005B005C005C005D009E
:102A60005D005E005E005F005F006000600061006E
:102A7000610062006200630063006400640065003E
:102A8000650066006600670067006800680069000E
:102A900069006A006A006B006B006C006C006D00DE
:102AA0006D006E006E006F006F00700070007100AE
:102AB000710072007200730073007400740075007E
:102AC000750076007600770077007800780079004E
:102AD00079007A007A007B007B007C007C007D001E
:102AE0007D007E007E007F007F00800080008100EE
:102AF00081008200820083008300840084008500BE
:102B0000850086008600870087008800880089008D
:102B100089008A008A008B008B008C008C008D005D
:102B20008D008E008E008F008F009000900091002D
:102B300091009200920093009300940094009500FD
:102B400095009600960097009700980098009900CD
:102B500099009A009A009B009B009C009C009D009D
:102B60009D009E009E009F009F00A000A000A1006D
:102B7000A100A200A200A300A300A400A400A5003D
:102B8000A500A600A600A700A700A800A800A9000D
:102B9000A900AA00AA00AB00AB00AC00AC00AD00DD
:102BA000AD00AE00AE00AF00AF00B000B000B100AD
:102BB000B100B200B200B300B300B400B400B5007D
:102BC000B500B600B600B700B700B800B800B9004D
:102BD000B900BA00BA00BB00BB00BC00BC00BD001D
:102BE000BD00BE00BE00BF00BF00C000C000C100ED
:102BF000C100C200C200C300C300C400C400C500BD
:102C0000C500C600C600C700C700C800C800C9008C
:102C1000C900CA00CA00CB00CB00CC00CC00CD005C
:102C2000CD00CE00CE00CF00CF00D000D000D1002C
:102C3000D100D200D200D300D300D400D400D500FC
:102C4000D500D600D600D700D700D800D800D900CC
:102C5000D900DA00DA00DB00DB00DC00DC00DD009C
:102C6000DD00DE00DE00DF00DF00E000E000E1006C
:102C7000E100E200E200E300E300E400E400E5003C
:102C8000E500E600E600E700E700E800E800E9000C
:102C9000E900EA00EA00EB00EB00EC00EC00ED00DC
:102CA000ED00EE00EE00EF00EF00F000F000F100AC
:102CB000F100F200F200F300F300F400F400F5007C
:102CC000F500F600F600F700F700F800F800F9004C
:102CD000F900FA00FA00FB00FB00FC00FC00FD001C
:102CE000FD00FE00FE00FF00FF00000100010101E9
:102CF00001010201020103010301040104010501B4
:102D00000501060106010701070108010801090183
:102D100009010A010A010B010B010C010C010D0153
:102D20000D010E010E010F010F0110011001110123
:102D300011011201120113011301140114011501F3
:102D400015011601160117011701180118011901C3
:102D500019011A011A011B011B011C011C011D0193
:102D60001D011E011E011F011F0120012001210163
:102D70002101220122012301230124012401250133
:102D80002501260126012701270128012801290103
:102D900029012A012A012B012B012C012C012D01D3
:102DA0002D012E012E012F012F01300130013101A3
:102DB0003101320132013301330134013401350173
:102DC0003501360136013701370138013801390143
:102DD00039013A013A013B013B013C013C013D0113
:102DE0003D013E013E013F013F01400140014101E3
:102DF00041014201420143014301440144014501B3
:102E00004501460146014701470148014801490182
:102E100049014A014A014B014B014C014C014D0152
:102E20004D014E014E014F014F0150015001510122
:102E300051015201520153015301540154015501F2
:102E400055015601560157015701580158015901C2
:102E500059015A015A015B015B015C015C015D0192
:102E60005D015E015E015F015F0160016001610162
:102E70006101620162016301630164016401650132
:102E80006501660166016701670168016801690102
:102E900069016A016A016B016B016C016C016D01D2
:102EA0006D016E016E016F016F01700170017101A2
:102EB0007101720172017301730174017401750172
:102EC0007501760176017701770178017801790142
:102ED00079017A017A017B017B017C017C017D0112
:102EE0007D017E017E017F017F01800180018101E2
:102EF00081018201820183018301840184018501B2
:102F00008501860186018701870188018801890181
:102F100089018A018A018B018B018C018C018D0151
:102F20008D018E018E018F018F0190019001910121
:102F300091019201920193019301940194019501F1
:102F400095019601960197019701980198019901C1
:102F500099019A019A019B019B019C019C019D0191
:102F60009D019E019E019F019F01A001A001A10161
:102F7000A101A201A201A301A301A401A401A50131
:102F8000A501A601A601A701A701A801A801A90101
:102F9000A901AA01AA01AB01AB01AC01AC01AD01D1
:102FA000AD01AE01AE01AF01AF01B001B001B101A1
:102FB000B101B201B201B301B301B401B401B50171
:102FC000B501B601B601B701B701B801B801B90141
:102FD000B901BA01BA01BB01BB01BC01BC01BD0111
:102FE000BD01BE01BE01BF01BF01C001C001C101E1
:102FF000C101C201C201C301C301C401C401C501B1
:10300000C501C601C601C701C701C801C801C90180
:10301000C901CA01CA01CB01CB01CC01CC01CD0150
:10302000CD01CE01CE01CF01CF01D001D001D10120
:10303000D101D201D201D301D301D401D401D501F0
:10304000D501D601D601D701D701D801D801D901C0
:10305000D901DA01DA01DB01DB01DC01DC01DD0190
:10306000DD01DE01DE01DF01DF01E001E001E10160
:10307000E101E201E201E301E301E401E401E50130
:10308000E501E601E601E701E701E801E801E90100
:10309000E901EA01EA01EB01EB01EC01EC01ED01D0
:1030A000ED01EE01EE01EF01EF01F001F001F101A0
:1030B000F101F201F201F301F301F401F401F50170
:1030C000F501F601F601F701F701F801F801F90140
:1030D000F901FA01FA01FB01FB01FC01FC01FD0110
:1030E000FD01FE01FE01FF01FF01000200020102DD
:1030F00001020202020203020302040204020502A8
:103100000502060206020702070208020802090277
:1031100009020A020A020B020B020C020C020D0247
:103120000D020E020E020F020F0210021002110217
:1031300011021202120213021302140214021502E7
:1031400015021602160217021702180218021902B7
:1031500019021A021A021B021B021C021C021D0287
:103160001D021E021E021F021F0220022002210257
:103170002102220222022302230224022402250227
:1031800025022602260227022702280228022902F7
:1031900029022A022A022B022B022C022C022D02C7
:1031A0002D022E022E022F022F0230023002310297
:1031B0003102320232023302330234023402350267
:1031C0003502360236023702370238023802390237
:1031D00039023A023A023B023B023C023C023D0207
:1031E0003D023E023E023F023F02400240024102D7
:1031F00041024202420243024302440244024502A7
:103200004502460246024702470248024802490276
:1032100049024A024A024B024B024C024C024D0246
:103220004D024E024E024F024F0250025002510216
:1032300051025202520253025302540254025502E6
:1032400055025602560257025702580258025902B6
:1032500059025A025A025B025B025C025C025D0286
:103260005D025E025E025F025F0260026002610256
:103270006102620262026302630264026402650226
:1032800065026602660267026702680268026902F6
:1032900069026A026A026B026B026C026C026D02C6
:1032A0006D026E026E026F026F0270027002710296
:1032B0007102720272027302730274027402750266
:1032C0007502760276027702770278027802790236
:1032D00079027A027A027B027B027C027C027D0206
:1032E0007D027E027E027F027F02800280028102D6
:1032F00081028202820283028302840284028502A6
:103300008502860286028702870288028802890275
:1033100089028A028A028B028B028C028C028D0245
:103320008D028E028E028F028F0290029002910215
:1033300091029202920293029302940294029502E5
:1033400095029602960297029702980298029902B5
:1033500099029A029A029B029B029C029C029D0285
:103360009D029E029E029F029F02A002A002A10255
:10337000A102A202A202A302A302A402A402A50225
:10338000A502A602A602A702A702A802A802A902F5
:10339000A902AA02AA02AB02AB02AC02AC02AD02C5
:1033A000AD02AE02AE02AF02AF02B002B002B10295
:1033B000B102B202B202B302B302B402B402B50265
:1033C000B502B602B602B702B702B802B802B90235
:1033D000B902BA02BA02BB02BB02BC02BC02BD0205
:1033E000BD02BE02BE02BF02BF02C002C002C102D5
:1033F000C102C202C202C302C302C402C402C502A5
:10340000C502C602C602C702C702C802C802C90274
:10341000C902CA02CA02CB02CB02CC02CC02CD0244
:10342000CD02CE02CE02CF02CF02D002D002D10214
:10343000D102D202D202D302D302D402D402D502E4
:10344000D502D602D602D702D702D802D802D902B4
:10345000D902DA02DA02DB02DB02DC02DC02DD0284
:10346000DD02DE02DE02DF02DF02E002E002E10254
:10347000E102E202E202E302E302E402E402E50224
:10348000E502E602E602E702E702E802E802E902F4
:10349000E902EA02EA02EB02EB02EC02EC02ED02C4
:1034A000ED02EE02EE02EF02EF02F002F002F10294
:1034B000F102F202F202F302F302F402F402F50264
:1034C000F502F602F602F702F702F802F802F90234
:1034D000F902FA02FA02FB02FB02FC02FC02FD0204
:1034E000FD02FE02FE02FF02FF02000300030103D1
:1034F000010302030203030303030403040305039C
:10350000050306030603070307030803080309036B
:1035100009030A030A030B030B030C030C030D033B
:103520000D030E030E030F030F031003100311030B
:1035300011031203120313031303140314031503DB
:1035400015031603160317031703180318031903AB
:1035500019031A031A031B031B031C031C031D037B
:103560001D031E031E031F031F032003200321034B
:10357000210322032203230323032403240325031B
:1035800025032603260327032703280328032903EB
:1035900029032A032A032B032B032C032C032D03BB
:1035A0002D032E032E032F032F033003300331038B
:1035B000310332033203330333033403340335035B
:1035C000350336033603370337033803380339032B
:1035D00039033A033A033B033B033C033C033D03FB
:1035E0003D033E033E033F033F03400340034103CB
:1035F000410342034203430343034403440345039B
:10360000450346034603470347034803480349036A
:1036100049034A034A034B034B034C034C034D033A
:103620004D034E034E034F034F035003500351030A
:1036300051035203520353035303540354035503DA
:1036400055035603560357035703580358035903AA
:1036500059035A035A035B035B035C035C035D037A
:103660005D035E035E035F035F036003600361034A
:10367000610362036203630363036403640365031A
:1036800065036603660367036703680368036903EA
:1036900069036A036A036B036B036C036C036D03BA
:1036A0006D036E036E036F036F037003700371038A
:1036B000710372037203730373037403740375035A
:1036C000750376037603770377037803780379032A
:1036D00079037A037A037B037B037C037C037D03FA
:1036E0007D037E037E037F037F03800380038103CA
:1036F000810382038203830383038403840385039A
:103700008503860386038703870388038803890369
:1037100089038A038A038B038B038C038C038D0339
:103720008D038E038E038F038F0390039003910309
:1037300091039203920393039303940394039503D9
:1037400095039603960397039703980398039903A9
:1037500099039A039A039B039B039C039C039D0379
:103760009D039E039E039F039F03A003A003A10349
:10377000A103A203A203A303A303A403A403A50319
:10378000A503A603A603A703A703A803A803A903E9
:10379000A903AA03AA03AB03AB03AC03AC03AD03B9
:1037A000AD03AE03AE03AF03AF03B003B003B10389
:1037B000B103B203B203B303B303B403B403B50359
:1037C000B503B603B603B703B703B803B803B90329
:1037D000B903BA03BA03BB03BB03BC03BC03BD03F9
:1037E000BD03BE03BE03BF03BF03C003C003C103C9
:1037F000C103C203C203C303C303C403C403C50399
:10380000C503C603C603C703C703C803C803C90368
:10381000C903CA03CA03CB03CB03CC03CC03CD0338
:10382000CD03CE03CE03CF03CF03D003D003D10308
:10383000D103D203D203D303D303D403D403D503D8
:10384000D503D603D603D703D703D803D803D903A8
:10385000D903DA03DA03DB03DB03DC03DC03DD0378
:10386000DD03DE03DE03DF03DF03E003E003E10348
:10387000E103E203E203E303E303E403E403E50318
:10388000E503E603E603E703E703E803E803E903E8
:10389000E903EA03EA03EB03EB03EC03EC03ED03B8
:1038A000ED03EE03EE03EF03EF03F003F003F10388
:1038B000F103F203F203F303F303F403F403F50358
:1038C000F503F603F603F703F703F803F803F90328
:1038D000F903FA03FA03FB03FB03FC03FC03FD03F8
:1038E000FD03FE03FE03FF03FF03000400040104C5
:1038F0000104020402040304030404040404050490
:10390000050406040604070407040804080409045F
:1039100009040A040A040B040B040C040C040D042F
:103920000D040E040E040F040F04100410041104FF
:1039300011041204120413041304140414041504CF
:10394000150416041604170417041804180419049F
:1039500019041A041A041B041B041C041C041D046F
:103960001D041E041E041F041F042004200421043F
:10397000210422042204230423042404240425040F
:1039800025042604260427042704280428042904DF
:1039900029042A042A042B042B042C042C042D04AF
:1039A0002D042E042E042F042F043004300431047F
:1039B000310432043204330433043404340435044F
:1039C000350436043604370437043804380439041F
:1039D00039043A043A043B043B043C043C043D04EF
:1039E0003D043E043E043F043F04400440044104BF
:1039F000410442044204430443044404440445048F
:103A0000450446044604470447044804480449045E
:103A100049044A044A044B044B044C044C044D042E
:103A20004D044E044E044F044F04500450045104FE
:103A300051045204520453045304540454045504CE
:103A4000550456045604570457045804580459049E
:103A500059045A045A045B045B045C045C045D046E
:103A60005D045E045E045F045F046004600461043E
:103A7000610462046204630463046404640465040E
:103A800065046604660467046704680468046904DE
:103A900069046A046A046B046B046C046C046D04AE
:103AA0006D046E046E046F046F047004700471047E
:103AB000710472047204730473047404740475044E
:103AC000750476047604770477047804780479041E
:103AD00079047A047A047B047B047C047C047D04EE
:103AE0007D047E047E047F047F04800480048104BE
:103AF000810482048204830483048404840485048E
:103B0000850486048604870487048804880489045D
:103B100089048A048A048B048B048C048C048D042D
:103B20008D048E048E048F048F04900490049104FD
:103B300091049204920493049304940494049504CD
:103B4000950496049604970497049804980499049D
:103B500099049A049A049B049B049C049C049D046D
:103B60009D049E049E049F049F04A004A004A1043D
:103B7000A104A204A204A304A304A404A404A5040D
:103B8000A504A604A604A704A704A804A804A904DD
:103B9000A904AA04AA04AB04AB04AC04AC04AD04AD
:103BA000AD04AE04AE04AF04AF04B004B004B1047D
:103BB000B104B204B204B304B304B404B404B5044D
:103BC000B504B604B604B704B704B804B804B9041D
:103BD000B904BA04BA04BB04BB04BC04BC04BD04ED
:103BE000BD04BE04BE04BF04BF04C004C004C104BD
:103BF000C104C204C204C304C304C404C404C5048D
:103C0000C504C604C604C704C704C804C804C9045C
:103C1000C904CA04CA04CB04CB04CC04CC04CD042C
:103C2000CD04CE04CE04CF04CF04D004D004D104FC
:103C3000D104D204D204D304D304D404D404D504CC
:103C4000D504D604D604D704D704D804D804D9049C
:103C5000D904DA04DA04DB04DB04DC04DC04DD046C
:103C6000DD04DE04DE04DF04DF04E004E004E1043C
:103C7000E104E204E204E304E304E404E404E5040C
:103C8000E504E604E604E704E704E804E804E904DC
:103C9000E904EA04EA04EB04EB04EC04EC04ED04AC
:103CA000ED04EE04EE04EF04EF04F004F004F1047C
:103CB000F104F204F204F304F304F404F404F5044C
:103CC000F504F604F604F704F704F804F804F9041C
:103CD000F904FA04FA04FB04FB04FC04FC04FD04EC
:103CE000FD04FE04FE04FF04FF04000500050105B9
:103CF0000105020502050305030504050405050584
:103D00000505060506050705070508050805090553
:103D100009050A050A050B050B050C050C050D0523
:103D20000D050E050E050F050F05100510051105F3
:103D300011051205120513051305140514051505C3
:103D40001505160516051705170518051805190593
:103D500019051A051A051B051B051C051C051D0563
:103D60001D051E051E051F051F0520052005210533
:103D70002105220522052305230524052405250503
:103D800025052605260527052705280528052905D3
:103D900029052A052A052B052B052C052C052D05A3
:103DA0002D052E052E052F052F0530053005310573
:103DB0003105320532053305330534053405350543
:103DC0003505360536053705370538053805390513
:103DD00039053A053A053B053B053C053C053D05E3
:103DE0003D053E053E053F053F05400540054105B3
:103DF0004105420542054305430544054405450583
:103E00004505460546054705470548054805490552
:103E100049054A054A054B054B054C054C054D0522
:103E20004D054E054E054F054F05500550055105F2
:103E300051055205520553055305540554055505C2
:103E40005505560556055705570558055805590592
:103E500059055A055A055B055B055C055C055D0562
:103E60005D055E055E055F055F0560056005610532
:103E70006105620562056305630564056405650502
:103E800065056605660567056705680568056905D2
:103E900069056A056A056B056B056C056C056D05A2
:103EA0006D056E056E056F056F0570057005710572
:103EB0007105720572057305730574057405750542
:103EC0007505760576057705770578057805790512
:103ED00079057A057A057B057B057C057C057D05E2
:103EE0007D057E057E057F057F05800580058105B2
:103EF0008105820582058305830584058405850582
:103F00008505860586058705870588058805890551
:103F100089058A058A058B058B058C058C058D0521
:103F20008D058E058E058F058F05900590059105F1
:103F300091059205920593059305940594059505C1
:103F40009505960596059705970598059805990591
:103F500099059A059A059B059B059C059C059D0561
:103F60009D059E059E059F059F05A005A005A10531
:103F7000A105A205A205A305A305A405A405A50501
:103F8000A505A605A605A705A705A805A805A905D1
:103F9000A905AA05AA05AB05AB05AC05AC05AD05A1
:103FA000AD05AE05AE05AF05AF05B005B005B10571
:103FB000B105B205B205B305B305B405B405B50541
:103FC000B505B605B605B705B705B805B805B90511
:103FD000B905BA05BA05BB05BB05BC05BC05BD05E1
:103FE000BD05BE05BE05BF05BF05C005C005C105B1
:103FF000C105C205C205C305C305C405C405C50581
:10400000C505C605C605C705C705C805C805C90550
:10401000C905CA05CA05CB05CB05CC05CC05CD0520
:10402000CD05CE05CE05CF05CF05D005D005D105F0
:10403000D105D205D205D305D305D405D405D505C0
:10404000D505D605D605D705D705D805D805D90590
:10405000D905DA05DA05DB05DB05DC05DC05DD0560
:10406000DD05DE05DE05DF05DF05E005E005E10530
:10407000E105E205E205E305E305E405E405E50500
:10408000E505E605E605E705E705E805E805E905D0
:10409000E905EA05EA05EB05EB05EC05EC05ED05A0
:1040A000ED05EE05EE05EF05EF05F005F005F10570
:1040B000F105F205F205F305F305F405F405F50540
:1040C000F505F605F605F705F705F805F805F90510
:1040D000F905FA05FA05FB05FB05FC05FC05FD05E0
:1040E000FD05FE05FE05FF05FF05000600060106AD
:1040F0000106020602060306030604060406050678
:104100000506060606060706070608060806090647
:1041100009060A060A060B060B060C060C060D0617
:104120000D060E060E060F060F06100610061106E7
:1041300011061206120613061306140614061506B7
:104140001506160616061706170618061806190687
:1041500019061A061A061B061B061C061C061D0657
:104160001D061E061E061F061F0620062006210627
:1041700021062206220623062306240624062506F7
:1041800025062606260627062706280628062906C7
:1041900029062A062A062B062B062C062C062D0697
:1041A0002D062E062E062F062F0630063006310667
:1041B0003106320632063306330634063406350637
:1041C0003506360636063706370638063806390607
:1041D00039063A063A063B063B063C063C063D06D7
:1041E0003D063E063E063F063F06400640064106A7
:1041F0004106420642064306430644064406450677
:104200004506460646064706470648064806490646
:1042100049064A064A064B064B064C064C064D0616
:104220004D064E064E064F064F06500650065106E6
:1042300051065206520653065306540654065506B6
:104240005506560656065706570658065806590686
:1042500059065A065A065B065B065C065C065D0656
:104260005D065E065E065F065F0660066006610626
:1042700061066206620663066306640664066506F6
:1042800065066606660667066706680668066906C6
:1042900069066A066A066B066B066C066C066D0696
:1042A0006D066E066E066F066F0670067006710666
:1042B0007106720672067306730674067406750636
:1042C0007506760676067706770678067806790606
:1042D00079067A067A067B067B067C067C067D06D6
:1042E0007D067E067E067F067F06800680068106A6
:1042F0008106820682068306830684068406850676
:104300008506860686068706870688068806890645
:1043100089068A068A068B068B068C068C068D0615
:104320008D068E068E068F068F06900690069106E5
:1043300091069206920693069306940694069506B5
:104340009506960696069706970698069806990685
:1043500099069A069A069B069B069C069C069D0655
:104360009D069E069E069F069F06A006A006A10625
:10437000A106A206A206A306A306A406A406A506F5
:10438000A506A606A606A706A706A806A806A906C5
:10439000A906AA06AA06AB06AB06AC06AC06AD0695
:1043A000AD06AE06AE06AF06AF06B006B006B10665
:1043B000B106B206B206B306B306B406B406B50635
:1043C000B506B606B606B706B706B806B806B90605
:1043D000B906BA06BA06BB06BB06BC06BC06BD06D5
:1043E000BD06BE06BE06BF06BF06C006C006C106A5
:1043F000C106C206C206C306C306C406C406C50675
:10440000C506C606C606C706C706C806C806C90644
:10441000C906CA06CA06CB06CB06CC06CC06CD0614
:10442000CD06CE06CE06CF06CF06D006D006D106E4
:10443000D106D206D206D306D306D406D406D506B4
:10444000D506D606D606D706D706D806D806D90684
:10445000D906DA06DA06DB06DB06DC06DC06DD0654
:10446000DD06DE06DE06DF06DF06E006E006E10624
:10447000E106E206E206E306E306E406E406E506F4
:10448000E506E606E606E706E706E806E806E906C4
:10449000E906EA06EA06EB06EB06EC06EC06ED0694
:1044A000ED06EE06EE06EF06EF06F006F006F10664
:1044B000F106F206F206F306F306F406F406F50634
:1044C000F506F606F606F706F706F806F806F90604
:1044D000F906FA06FA06FB06FB06FC06FC06FD06D4
:1044E000FD06FE06FE06FF06FF06000700070107A1
:1044F000010702070207030703070407040705076C
:10450000050706070607070707070807080709073B
:1045100009070A070A070B070B070C070C070D070B
:104520000D070E070E070F070F07100710071107DB
:1045300011071207120713071307140714071507AB
:10454000150716071607170717071807180719077B
:1045500019071A071A071B071B071C071C071D074B
:104560001D071E071E071F071F072007200721071B
:1045700021072207220723072307240724072507EB
:1045800025072607260727072707280728072907BB
:1045900029072A072A072B072B072C072C072D078B
:1045A0002D072E072E072F072F073007300731075B
:1045B000310732073207330733073407340735072B
:1045C00035073607360737073707380738073907FB
:1045D00039073A073A073B073B073C073C073D07CB
:1045E0003D073E073E073F073F074007400741079B
:1045F000410742074207430743074407440745076B
:10460000450746074607470747074807480749073A
:1046100049074A074A074B074B074C074C074D070A
:104620004D074E074E074F074F07500750075107DA
:1046300051075207520753075307540754075507AA
:10464000550756075607570757075807580759077A
:1046500059075A075A075B075B075C075C075D074A
:104660005D075E075E075F075F076007600761071A
:1046700061076207620763076307640764076507EA
:1046800065076607660767076707680768076907BA
:1046900069076A076A076B076B076C076C076D078A
:1046A0006D076E076E076F076F077007700771075A
:1046B000710772077207730773077407740775072A
:1046C00075077607760777077707780778077907FA
:1046D00079077A077A077B077B077C077C077D07CA
:1046E0007D077E077E077F077F078007800781079A
:1046F000810782078207830783078407840785076A
:104700008507860786078707870788078807890739
:1047100089078A078A078B078B078C078C078D0709
:104720008D078E078E078F078F07900790079107D9
:1047300091079207920793079307940794079507A9
:104740009507960796079707970798079807990779
:1047500099079A079A079B079B079C079C079D0749
:104760009D079E079E079F079F07A007A007A10719
:10477000A107A207A207A307A307A407A407A507E9
:10478000A507A607A607A707A707A807A807A907B9
:10479000A907AA07AA07AB07AB07AC07AC07AD0789
:1047A000AD07AE07AE07AF07AF07B007B007B10759
:1047B000B107B207B207B307B307B407B407B50729
:1047C000B507B607B607B707B707B807B807B907F9
:1047D000B907BA07BA07BB07BB07BC07BC07BD07C9
:1047E000BD07BE07BE07BF07BF07C007C007C10799
:1047F000C107C207C207C307C307C407C407C50769
:10480000C507C607C607C707C707C807C807C90738
:10481000C907CA07CA07CB07CB07CC07CC07CD0708
:10482000CD07CE07CE07CF07CF07D007D007D107D8
:10483000D107D207D207D307D307D407D407D507A8
:10484000D507D607D607D707D707D807D807D90778
:10485000D907DA07DA07DB07DB07DC07DC07DD0748
:10486000DD07DE07DE07DF07DF07E007E007E10718
:10487000E107E207E207E307E307E407E407E507E8
:10488000E507E607E607E707E707E807E807E907B8
:10489000E907EA07EA07EB07EB07EC07EC07ED0788
:1048A000ED07EE07EE07EF07EF07F007F007F10758
:1048B000F107F207F207F307F307F407F407F50728
:1048C000F507F607F607F707F707F807F807F907F8
:1048D000F907FA07FA07FB07FB07FC07FC07FD07C8
:1048E000FD07FE07FE07FF07FF07FF070008000898
:1048F0000108010802080208030803080408040864
:104900000508050806080608070807080808080833
:10491000090809080A080A080B080B080C080C0803
:104920000D080D080E080E080F080F0810081008D3
:1049300011081108120812081308130814081408A3
:104940001508150816081608170817081808180873
:10495000190819081A081A081B081B081C081C0843
:104960001D081D081E081E081F081F082008200813
:1049700021082108220822082308230824082408E3
:1049800025082508260826082708270828082808B3
:10499000290829082A082A082B082B082C082C0883
:1049A0002D082D082E082E082F082F083008300853
:1049B0003108310832083208330833083408340823
:1049C00035083508360836083708370838083808F3
:1049D000390839083A083A083B083B083C083C08C3
:1049E0003D083D083E083E083F083F084008400893
:1049F0004108410842084208430843084408440863
:104A00004508450846084608470847084808480832
:104A1000490849084A084A084B084B084C084C0802
:104A20004D084D084E084E084F084F0850085008D2
:104A300051085108520852085308530854085408A2
:104A40005508550856085608570857085808580872
:104A5000590859085A085A085B085B085C085C0842
:104A60005D085D085E085E085F085F086008600812
:104A700061086108620862086308630864086408E2
:104A800065086508660866086708670868086808B2
:104A9000690869086A086A086B086B086C086C0882
:104AA0006D086D086E086E086F086F087008700852
:104AB0007108710872087208730873087408740822
:104AC00075087508760876087708770878087808F2
:104AD000790879087A087A087B087B087C087C08C2
:104AE0007D087D087E087E087F087F088008800892
:104AF0008108810882088208830883088408840862
:104B00008508850886088608870887088808880831
:104B1000890889088A088A088B088B088C088C0801
:104B20008D088D088E088E088F088F0890089008D1
:104B300091089108920892089308930894089408A1
:104B40009508950896089608970897089808980871
:104B5000990899089A089A089B089B089C089C0841
:104B60009D089D089E089E089F089F08A008A00811
:104B7000A108A108A208A208A308A308A408A408E1
:104B8000A508A508A608A608A708A708A808A808B1
:104B9000A908A908AA08AA08AB08AB08AC08AC0881
:104BA000AD08AD08AE08AE08AF08AF08B008B00851
:104BB000B108B108B208B208B308B308B408B40821
:104BC000B508B508B608B608B708B708B808B808F1
:104BD000B908B908BA08BA08BB08BB08BC08BC08C1
:104BE000BD08BD08BE08BE08BF08BF08C008C00891
:104BF000C108C108C208C208C308C308C408C40861
:104C0000C508C508C608C608C708C708C808C80830
:104C1000C908C908CA08CA08CB08CB08CC08CC0800
:104C2000CD08CD08CE08CE08CF08CF08D008D008D0
:104C3000D108D108D208D208D308D308D408D408A0
:104C4000D508D508D608D608D708D708D808D80870
:104C5000D908D908DA08DA08DB08DB08DC08DC0840
:104C6000DD08DD08DE08DE08DF08DF08E008E00810
:104C7000E108E108E208E208E308E308E408E408E0
:104C8000E508E508E608E608E708E708E808E808B0
:104C9000E908E908EA08EA08EB08EB08EC08EC0880
:104CA000ED08ED08EE08EE08EF08EF08F008F00850
:104CB000F108F108F208F208F308F308F408F40820
:104CC000F508F508F608F608F708F708F808F808F0
:104CD000F908F908FA08FA08FB08FB08FC08FC08C0
:104CE000FD08FD08FE08FE08FF08FF08000900098E
:104CF0000109010902090209030903090409040958
:104D00000509050906090609070907090809080927
:104D1000090909090A090A090B090B090C090C09F7
:104D20000D090D090E090E090F090F0910091009C7
:104D30001109110912091209130913091409140997
:104D40001509150916091609170917091809180967
:104D5000190919091A091A091B091B091C091C0937
:104D60001D091D091E091E091F091F092009200907
:104D700021092109220922092309230924092409D7
:104D800025092509260926092709270928092809A7
:104D9000290929092A092A092B092B092C092C0977
:104DA0002D092D092E092E092F092F093009300947
:104DB0003109310932093209330933093409340917
:104DC00035093509360936093709370938093809E7
:104DD000390939093A093A093B093B093C093C09B7
:104DE0003D093D093E093E093F093F094009400987
:104DF0004109410942094209430943094409440957
:104E00004509450946094609470947094809480926
:104E1000490949094A094A094B094B094C094C09F6
:104E20004D094D094E094E094F094F0950095009C6
:104E30005109510952095209530953095409540996
:104E40005509550956095609570957095809580966
:104E5000590959095A095A095B095B095C095C0936
:104E60005D095D095E095E095F095F096009600906
:104E700061096109620962096309630964096409D6
:104E800065096509660966096709670968096809A6
:104E9000690969096A096A096B096B096C096C0976
:104EA0006D096D096E096E096F096F097009700946
:104EB0007109710972097209730973097409740916
:104EC00075097509760976097709770978097809E6
:104ED000790979097A097A097B097B097C097C09B6
:104EE0007D097D097E097E097F097F098009800986
:104EF0008109810982098209830983098409840956
:104F00008509850986098609870987098809880925
:104F1000890989098A098A098B098B098C098C09F5
:104F20008D098D098E098E098F098F0990099009C5
:104F30009109910992099209930993099409940995
:104F40009509950996099609970997099809980965
:104F5000990999099A099A099B099B099C099C0935
:104F60009D099D099E099E099F099F09A009A00905
:104F7000A109A109A209A209A309A309A409A409D5
:104F8000A509A509A609A609A709A709A809A809A5
:104F9000A909A909AA09AA09AB09AB09AC09AC0975
:104FA000AD09AD09AE09AE09AF09AF09B009B00945
:104FB000B109B109B209B209B309B309B409B40915
:104FC000B509B509B609B609B709B709B809B809E5
:104FD000B909B909BA09BA09BB09BB09BC09BC09B5
:104FE000BD09BD09BE09BE09BF09BF09C009C00985
:104FF000C109C109C209C209C309C309C409C40955
:10500000C509C509C609C609C709C709C809C80924
:10501000C909C909CA09CA09CB09CB09CC09CC09F4
:10502000CD09CD09CE09CE09CF09CF09D009D009C4
:10503000D109D109D209D209D309D309D409D40994
:10504000D509D509D609D609D709D709D809D80964
:10505000D909D909DA09DA09DB09DB09DC09DC0934
:10506000DD09DD09DE09DE09DF09DF09E009E00904
:10507000E109E109E209E209E309E309E409E409D4
:10508000E509E509E609E609E709E709E809E809A4
:10509000E909E909EA09EA09EB09EB09EC09EC0974
:1050A000ED09ED09EE09EE09EF09EF09F009F00944
:1050B000F109F109F209F209F309F309F409F40914
:1050C000F509F509F609F609F709F709F809F809E4
:1050D000F909F909FA09FA09FB09FB09FC09FC09B4
:1050E000FD09FD09FE09FE09FF09FF09000A000A82
:1050F000010A010A020A020A030A030A040A040A4C
:10510000050A050A060A060A070A070A080A080A1B
:10511000090A090A0A0A0A0A0B0A0B0A0C0A0C0AEB
:105120000D0A0D0A0E0A0E0A0F0A0F0A100A100ABB
:10513000110A110A120A120A130A130A140A140A8B
:10514000150A150A160A160A170A170A180A180A5B
:10515000190A190A1A0A1A0A1B0A1B0A1C0A1C0A2B
:105160001D0A1D0A1E0A1E0A1F0A1F0A200A200AFB
:10517000210A210A220A220A230A230A240A240ACB
:10518000250A250A260A260A270A270A280A280A9B
:10519000290A290A2A0A2A0A2B0A2B0A2C0A2C0A6B
:1051A0002D0A2D0A2E0A2E0A2F0A2F0A300A300A3B
:1051B000310A310A320A320A330A330A340A340A0B
:1051C000350A350A360A360A370A370A380A380ADB
:1051D000390A390A3A0A3A0A3B0A3B0A3C0A3C0AAB
:1051E0003D0A3D0A3E0A3E0A3F0A3F0A400A400A7B
:1051F000410A410A420A420A430A430A440A440A4B
:10520000450A450A460A460A470A470A480A480A1A
:10521000490A490A4A0A4A0A4B0A4B0A4C0A4C0AEA
:105220004D0A4D0A4E0A4E0A4F0A4F0A500A500ABA
:10523000510A510A520A520A530A530A540A540A8A
:10524000550A550A560A560A570A570A580A580A5A
:10525000590A590A5A0A5A0A5B0A5B0A5C0A5C0A2A
:105260005D0A5D0A5E0A5E0A5F0A5F0A600A600AFA
:10527000610A610A620A620A630A630A640A640ACA
:10528000650A650A660A660A670A670A680A680A9A
:10529000690A690A6A0A6A0A6B0A6B0A6C0A6C0A6A
:1052A0006D0A6D0A6E0A6E0A6F0A6F0A700A700A3A
:1052B000710A710A720A720A730A730A740A740A0A
:1052C000750A750A760A760A770A770A780A780ADA
:1052D000790A790A7A0A7A0A7B0A7B0A7C0A7C0AAA
:1052E0007D0A7D0A7E0A7E0A7F0A7F0A800A800A7A
:1052F000810A810A820A820A830A830A840A840A4A
:10530000850A850A860A860A870A870A880A880A19
:10531000890A890A8A0A8A0A8B0A8B0A8C0A8C0AE9
:105320008D0A8D0A8E0A8E0A8F0A8F0A900A900AB9
:10533000910A910A920A920A930A930A940A940A89
:10534000950A950A960A960A970A970A980A980A59
:10535000990A990A9A0A9A0A9B0A9B0A9C0A9C0A29
:105360009D0A9D0A9E0A9E0A9F0A9F0AA00AA00AF9
:10537000A10AA10AA20AA20AA30AA30AA40AA40AC9
:10538000A50AA50AA60AA60AA70AA70AA80AA80A99
:10539000A90AA90AAA0AAA0AAB0AAB0AAC0AAC0A69
:1053A000AD0AAD0AAE0AAE0AAF0AAF0AB00AB00A39
:1053B000B10AB10AB20AB20AB30AB30AB40AB40A09
:1053C000B50AB50AB60AB60AB70AB70AB80AB80AD9
:1053D000B90AB90ABA0ABA0ABB0ABB0ABC0ABC0AA9
:1053E000BD0ABD0ABE0ABE0ABF0ABF0AC00AC00A79
:1053F000C10AC10AC20AC20AC30AC30AC40AC40A49
:10540000C50AC50AC60AC60AC70AC70AC80AC80A18
:10541000C90AC90ACA0ACA0ACB0ACB0ACC0ACC0AE8
:10542000CD0ACD0ACE0ACE0ACF0ACF0AD00AD00AB8
:10543000D10AD10AD20AD20AD30AD30AD40AD40A88
:10544000D50AD50AD60AD60AD70AD70AD80AD80A58
:10545000D90AD90ADA0ADA0ADB0ADB0ADC0ADC0A28
:10546000DD0ADD0ADE0ADE0ADF0ADF0AE00AE00AF8
:10547000E10AE10AE20AE20AE30AE30AE40AE40AC8
:10548000E50AE50AE60AE60AE70AE70AE80AE80A98
:10549000E90AE90AEA0AEA0AEB0AEB0AEC0AEC0A68
:1054A000ED0AED0AEE0AEE0AEF0AEF0AF00AF00A38
:1054B000F10AF10AF20AF20AF30AF30AF40AF40A08
:1054C000F50AF50AF60AF60AF70AF70AF80AF80AD8
:1054D000F90AF90AFA0AFA0AFB0AFB0AFC0AFC0AA8
:1054E000FD0AFD0AFE0AFE0AFF0AFF0A000B000B76
:1054F000010B010B020B020B030B030B040B040B40
:10550000050B050B060B060B070B070B080B080B0F
:10551000090B090B0A0B0A0B0B0B0B0B0C0B0C0BDF
:105520000D0B0D0B0E0B0E0B0F0B0F0B100B100BAF
:10553000110B110B120B120B130B130B140B140B7F
:10554000150B150B160B160B170B170B180B180B4F
:10555000190B190B1A0B1A0B1B0B1B0B1C0B1C0B1F
:105560001D0B1D0B1E0B1E0B1F0B1F0B200B200BEF
:10557000210B210B220B220B230B230B240B240BBF
:10558000250B250B260B260B270B270B280B280B8F
:10559000290B290B2A0B2A0B2B0B2B0B2C0B2C0B5F
:1055A0002D0B2D0B2E0B2E0B2F0B2F0B300B300B2F
:1055B000310B310B320B320B330B330B340B340BFF
:1055C000350B350B360B360B370B370B380B380BCF
:1055D000390B390B3A0B3A0B3B0B3B0B3C0B3C0B9F
:1055E0003D0B3D0B3E0B3E0B3F0B3F0B400B400B6F
:1055F000410B410B420B420B430B430B440B440B3F
:10560000450B450B460B460B470B470B480B480B0E
:10561000490B490B4A0B4A0B4B0B4B0B4C0B4C0BDE
:105620004D0B4D0B4E0B4E0B4F0B4F0B500B500BAE
:10563000510B510B520B520B530B530B540B540B7E
:10564000550B550B560B560B570B570B580B580B4E
:10565000590B590B5A0B5A0B5B0B5B0B5C0B5C0B1E
:105660005D0B5D0B5E0B5E0B5F0B5F0B600B600BEE
:10567000610B610B620B620B630B630B640B640BBE
:10568000650B650B660B660B670B670B680B680B8E
:10569000690B690B6A0B6A0B6B0B6B0B6C0B6C0B5E
:1056A0006D0B6D0B6E0B6E0B6F0B6F0B700B700B2E
:1056B000710B710B720B720B730B730B740B740BFE
:1056C000750B750B760B760B770B770B780B780BCE
:1056D000790B790B7A0B7A0B7B0B7B0B7C0B7C0B9E
:1056E0007D0B7D0B7E0B7E0B7F0B7F0B800B800B6E
:1056F000810B810B820B820B830B830B840B840B3E
:10570000850B850B860B860B870B870B880B880B0D
:10571000890B890B8A0B8A0B8B0B8B0B8C0B8C0BDD
:105720008D0B8D0B8E0B8E0B8F0B8F0B900B900BAD
:10573000910B910B920B920B930B930B940B940B7D
:10574000950B950B960B960B970B970B980B980B4D
:10575000990B990B9A0B9A0B9B0B9B0B9C0B9C0B1D
:105760009D0B9D0B9E0B9E0B9F0B9F0BA00BA00BED
:10577000A10BA10BA20BA20BA30BA30BA40BA40BBD
:10578000A50BA50BA60BA60BA70BA70BA80BA80B8D
:10579000A90BA90BAA0BAA0BAB0BAB0BAC0BAC0B5D
:1057A000AD0BAD0BAE0BAE0BAF0BAF0BB00BB00B2D
:1057B000B10BB10BB20BB20BB30BB30BB40BB40BFD
:1057C000B50BB50BB60BB60BB70BB70BB80BB80BCD
:1057D000B90BB90BBA0BBA0BBB0BBB0BBC0BBC0B9D
:1057E000BD0BBD0BBE0BBE0BBF0BBF0BC00BC00B6D
:1057F000C10BC10BC20BC20BC30BC30BC40BC40B3D
:10580000C50BC50BC60BC60BC70BC70BC80BC80B0C
:10581000C90BC90BCA0BCA0BCB0BCB0BCC0BCC0BDC
:10582000CD0BCD0BCE0BCE0BCF0BCF0BD00BD00BAC
:10583000D10BD10BD20BD20BD30BD30BD40BD40B7C
:10584000D50BD50BD60BD60BD70BD70BD80BD80B4C
:10585000D90BD90BDA0BDA0BDB0BDB0BDC0BDC0B1C
:10586000DD0BDD0BDE0BDE0BDF0BDF0BE00BE00BEC
:10587000E10BE10BE20BE20BE30BE30BE40BE40BBC
:10588000E50BE50BE60BE60BE70BE70BE80BE80B8C
:10589000E90BE90BEA0BEA0BEB0BEB0BEC0BEC0B5C
:1058A000ED0BED0BEE0BEE0BEF0BEF0BF00BF00B2C
:1058B000F10BF10BF20BF20BF30BF30BF40BF40BFC
:1058C000F50BF50BF60BF60BF70BF70BF80BF80BCC
:1058D000F90BF90BFA0BFA0BFB0BFB0BFC0BFC0B9C
:1058E000FD0BFD0BFE0BFE0BFF0BFF0B000C000C6A
:1058F000010C010C020C020C030C030C040C040C34
:10590000050C050C060C060C070C070C080C080C03
:10591000090C090C0A0C0A0C0B0C0B0C0C0C0C0CD3
:105920000D0C0D0C0E0C0E0C0F0C0F0C100C100CA3
:10593000110C110C120C120C130C130C140C140C73
:10594000150C150C160C160C170C170C180C180C43
:10595000190C190C1A0C1A0C1B0C1B0C1C0C1C0C13
:105960001D0C1D0C1E0C1E0C1F0C1F0C200C200CE3
:10597000210C210C220C220C230C230C240C240CB3
:10598000250C250C260C260C270C270C280C280C83
:10599000290C290C2A0C2A0C2B0C2B0C2C0C2C0C53
:1059A0002D0C2D0C2E0C2E0C2F0C2F0C300C300C23
:1059B000310C310C320C320C330C330C340C340CF3
:1059C000350C350C360C360C370C370C380C380CC3
:1059D000390C390C3A0C3A0C3B0C3B0C3C0C3C0C93
:1059E0003D0C3D0C3E0C3E0C3F0C3F0C400C400C63
:1059F000410C410C420C420C430C430C440C440C33
:105A0000450C450C460C460C470C470C480C480C02
:105A1000490C490C4A0C4A0C4B0C4B0C4C0C4C0CD2
:105A20004D0C4D0C4E0C4E0C4F0C4F0C500C500CA2
:105A3000510C510C520C520C530C530C540C540C72
:105A4000550C550C560C560C570C570C580C580C42
:105A5000590C590C5A0C5A0C5B0C5B0C5C0C5C0C12
:105A60005D0C5D0C5E0C5E0C5F0C5F0C600C600CE2
:105A7000610C610C620C620C630C630C640C640CB2
:105A8000650C650C660C660C670C670C680C680C82
:105A9000690C690C6A0C6A0C6B0C6B0C6C0C6C0C52
:105AA0006D0C6D0C6E0C6E0C6F0C6F0C700C700C22
:105AB000710C710C720C720C730C730C740C740CF2
:105AC000750C750C760C760C770C770C780C780CC2
:105AD000790C790C7A0C7A0C7B0C7B0C7C0C7C0C92
:105AE0007D0C7D0C7E0C7E0C7F0C7F0C800C800C62
:105AF000810C810C820C820C830C830C840C840C32
:105B0000850C850C860C860C870C870C880C880C01
:105B1000890C890C8A0C8A0C8B0C8B0C8C0C8C0CD1
:105B20008D0C8D0C8E0C8E0C8F0C8F0C900C900CA1
:105B3000910C910C920C920C930C930C940C940C71
:105B4000950C950C960C960C970C970C980C980C41
:105B5000990C990C9A0C9A0C9B0C9B0C9C0C9C0C11
:105B60009D0C9D0C9E0C9E0C9F0C9F0CA00CA00CE1
:105B7000A10CA10CA20CA20CA30CA30CA40CA40CB1
:105B8000A50CA50CA60CA60CA70CA70CA80CA80C81
:105B9000A90CA90CAA0CAA0CAB0CAB0CAC0CAC0C51
:105BA000AD0CAD0CAE0CAE0CAF0CAF0CB00CB00C21
:105BB000B10CB10CB20CB20CB30CB30CB40CB40CF1
:105BC000B50CB50CB60CB60CB70CB70CB80CB80CC1
:105BD000B90CB90CBA0CBA0CBB0CBB0CBC0CBC0C91
:105BE000BD0CBD0CBE0CBE0CBF0CBF0CC00CC00C61
:105BF000C10CC10CC20CC20CC30CC30CC40CC40C31
:105C0000C50CC50CC60CC60CC70CC70CC80CC80C00
:105C1000C90CC90CCA0CCA0CCB0CCB0CCC0CCC0CD0
:105C2000CD0CCD0CCE0CCE0CCF0CCF0CD00CD00CA0
:105C3000D10CD10CD20CD20CD30CD30CD40CD40C70
:105C4000D50CD50CD60CD60CD70CD70CD80CD80C40
:105C5000D90CD90CDA0CDA0CDB0CDB0CDC0CDC0C10
:105C6000DD0CDD0CDE0CDE0CDF0CDF0CE00CE00CE0
:105C7000E10CE10CE20CE20CE30CE30CE40CE40CB0
:105C8000E50CE50CE60CE60CE70CE70CE80CE80C80
:105C9000E90CE90CEA0CEA0CEB0CEB0CEC0CEC0C50
:105CA000ED0CED0CEE0CEE0CEF0CEF0CF00CF00C20
:105CB000F10CF10CF20CF20CF30CF30CF40CF40CF0
:105CC000F50CF50CF60CF60CF70CF70CF80CF80CC0
:105CD000F90CF90CFA0CFA0CFB0CFB0CFC0CFC0C90
:105CE000FD0CFD0CFE0CFE0CFF0CFF0C000D000D5E
:105CF000010D010D020D020D030D030D040D040D28
:105D0000050D050D060D060D070D070D080D080DF7
:105D1000090D090D0A0D0A0D0B0D0B0D0C0D0C0DC7
:105D20000D0D0D0D0E0D0E0D0F0D0F0D100D100D97
:105D3000110D110D120D120D130D130D140D140D67
:105D4000150D150D160D160D170D170D180D180D37
:105D5000190D190D1A0D1A0D1B0D1B0D1C0D1C0D07
:105D60001D0D1D0D1E0D1E0D1F0D1F0D200D200DD7
:105D7000210D210D220D220D230D230D240D240DA7
:105D8000250D250D260D260D270D270D280D280D77
:105D9000290D290D2A0D2A0D2B0D2B0D2C0D2C0D47
:105DA0002D0D2D0D2E0D2E0D2F0D2F0D300D300D17
:105DB000310D310D320D320D330D330D340D340DE7
:105DC000350D350D360D360D370D370D380D380DB7
:105DD000390D390D3A0D3A0D3B0D3B0D3C0D3C0D87
:105DE0003D0D3D0D3E0D3E0D3F0D3F0D400D400D57
:105DF000410D410D420D420D430D430D440D440D27
:105E0000450D450D460D460D470D470D480D480DF6
:105E1000490D490D4A0D4A0D4B0D4B0D4C0D4C0DC6
:105E20004D0D4D0D4E0D4E0D4F0D4F0D500D500D96
:105E3000510D510D520D520D530D530D540D540D66
:105E4000550D550D560D560D570D570D580D580D36
:105E5000590D590D5A0D5A0D5B0D5B0D5C0D5C0D06
:105E60005D0D5D0D5E0D5E0D5F0D5F0D600D600DD6
:105E7000610D610D620D620D630D630D640D640DA6
:105E8000650D650D660D660D670D670D680D680D76
:105E9000690D690D6A0D6A0D6B0D6B0D6C0D6C0D46
:105EA0006D0D6D0D6E0D6E0D6F0D6F0D700D700D16
:105EB000710D710D720D720D730D730D740D740DE6
:105EC000750D750D760D760D770D770D780D780DB6
:105ED000790D790D7A0D7A0D7B0D7B0D7C0D7C0D86
:105EE0007D0D7D0D7E0D7E0D7F0D7F0D800D800D56
:105EF000810D810D820D820D830D830D840D840D26
:105F0000850D850D860D860D870D870D880D880DF5
:105F1000890D890D8A0D8A0D8B0D8B0D8C0D8C0DC5
:105F20008D0D8D0D8E0D8E0D8F0D8F0D900D900D95
:105F3000910D910D920D920D930D930D940D940D65
:105F4000950D950D960D960D970D970D980D980D35
:105F5000990D990D9A0D9A0D9B0D9B0D9C0D9C0D05
:105F60009D0D9D0D9E0D9E0D9F0D9F0DA00DA00DD5
:105F7000A10DA10DA20DA20DA30DA30DA40DA40DA5
:105F8000A50DA50DA60DA60DA70DA70DA80DA80D75
:105F9000A90DA90DAA0DAA0DAB0DAB0DAC0DAC0D45
:105FA000AD0DAD0DAE0DAE0DAF0DAF0DB00DB00D15
:105FB000B10DB10DB20DB20DB30DB30DB40DB40DE5
:105FC000B50DB50DB60DB60DB70DB70DB80DB80DB5
:105FD000B90DB90DBA0DBA0DBB0DBB0DBC0DBC0D85
:105FE000BD0DBD0DBE0DBE0DBF0DBF0DC00DC00D55
:105FF000C10DC10DC20DC20DC30DC30DC40DC40D25
:10600000C50DC50DC60DC60DC70DC70DC80DC80DF4
:10601000C90DC90DCA0DCA0DCB0DCB0DCC0DCC0DC4
:10602000CD0DCD0DCE0DCE0DCF0DCF0DD00DD00D94
:10603000D10DD10DD20DD20DD30DD30DD40DD40D64
:10604000D50DD50DD60DD60DD70DD70DD80DD80D34
:10605000D90DD90DDA0DDA0DDB0DDB0DDC0DDC0D04
:10606000DD0DDD0DDE0DDE0DDF0DDF0DE00DE00DD4
:10607000E10DE10DE20DE20DE30DE30DE40DE40DA4
:10608000E50DE50DE60DE60DE70DE70DE80DE80D74
:10609000E90DE90DEA0DEA0DEB0DEB0DEC0DEC0D44
:1060A000ED0DED0DEE0DEE0DEF0DEF0DF00DF00D14
:1060B000F10DF10DF20DF20DF30DF30DF40DF40DE4
:1060C000F50DF50DF60DF60DF70DF70DF80DF80DB4
:1060D000F90DF90DFA0DFA0DFB0DFB0DFC0DFC0D84
:1060E000FD0DFD0DFE0DFE0DFF0DFF0D000E000E52
:1060F000010E010E020E020E030E030E040E040E1C
:10610000050E050E060E060E070E070E080E080EEB
:10611000090E090E0A0E0A0E0B0E0B0E0C0E0C0EBB
:106120000D0E0D0E0E0E0E0E0F0E0F0E100E100E8B
:10613000110E110E120E120E130E130E140E140E5B
:10614000150E150E160E160E170E170E180E180E2B
:10615000190E190E1A0E1A0E1B0E1B0E1C0E1C0EFB
:106160001D0E1D0E1E0E1E0E1F0E1F0E200E200ECB
:10617000210E210E220E220E230E230E240E240E9B
:10618000250E250E260E260E270E270E280E280E6B
:10619000290E290E2A0E2A0E2B0E2B0E2C0E2C0E3B
:1061A0002D0E2D0E2E0E2E0E2F0E2F0E300E300E0B
:1061B000310E310E320E320E330E330E340E340EDB
:1061C000350E350E360E360E370E370E380E380EAB
:1061D000390E390E3A0E3A0E3B0E3B0E3C0E3C0E7B
:1061E0003D0E3D0E3E0E3E0E3F0E3F0E400E400E4B
:1061F000410E410E420E420E430E430E440E440E1B
:10620000450E450E460E460E470E470E480E480EEA
:10621000490E490E4A0E4A0E4B0E4B0E4C0E4C0EBA
:106220004D0E4D0E4E0E4E0E4F0E4F0E500E500E8A
:10623000510E510E520E520E530E530E540E540E5A
:10624000550E550E560E560E570E570E580E580E2A
:10625000590E590E5A0E5A0E5B0E5B0E5C0E5C0EFA
:106260005D0E5D0E5E0E5E0E5F0E5F0E600E600ECA
:10627000610E610E620E620E630E630E640E640E9A
:10628000650E650E660E660E670E670E680E680E6A
:10629000690E690E6A0E6A0E6B0E6B0E6C0E6C0E3A
:1062A0006D0E6D0E6E0E6E0E6F0E6F0E700E700E0A
:1062B000710E710E720E720E730E730E740E740EDA
:1062C000750E750E760E760E770E770E780E780EAA
:1062D000790E790E7A0E7A0E7B0E7B0E7C0E7C0E7A
:1062E0007D0E7D0E7E0E7E0E7F0E7F0E800E800E4A
:1062F000810E810E820E820E830E830E840E840E1A
:10630000850E850E860E860E870E870E880E880EE9
:10631000890E890E8A0E8A0E8B0E8B0E8C0E8C0EB9
:106320008D0E8D0E8E0E8E0E8F0E8F0E900E900E89
:10633000910E910E920E920E930E930E940E940E59
:10634000950E950E960E960E970E970E980E980E29
:10635000990E990E9A0E9A0E9B0E9B0E9C0E9C0EF9
:106360009D0E9D0E9E0E9E0E9F0E9F0EA00EA00EC9
:10637000A10EA10EA20EA20EA30EA30EA40EA40E99
:10638000A50EA50EA60EA60EA70EA70EA80EA80E69
:10639000A90EA90EAA0EAA0EAB0EAB0EAC0EAC0E39
:1063A000AD0EAD0EAE0EAE0EAF0EAF0EB00EB00E09
:1063B000B10EB10EB20EB20EB30EB30EB40EB40ED9
:1063C000B50EB50EB60EB60EB70EB70EB80EB80EA9
:1063D000B90EB90EBA0EBA0EBB0EBB0EBC0EBC0E79
:1063E000BD0EBD0EBE0EBE0EBF0EBF0EC00EC00E49
:1063F000C10EC10EC20EC20EC30EC30EC40EC40E19
:10640000C50EC50EC60EC60EC70EC70EC80EC80EE8
:10641000C90EC90ECA0ECA0ECB0ECB0ECC0ECC0EB8
:10642000CD0ECD0ECE0ECE0ECF0ECF0ED00ED00E88
:10643000D10ED10ED20ED20ED30ED30ED40ED40E58
:10644000D50ED50ED60ED60ED70ED70ED80ED80E28
:10645000D90ED90EDA0EDA0EDB0EDB0EDC0EDC0EF8
:10646000DD0EDD0EDE0EDE0EDF0EDF0EE00EE00EC8
:10647000E10EE10EE20EE20EE30EE30EE40EE40E98
:10648000E50EE50EE60EE60EE70EE70EE80EE80E68
:10649000E90EE90EEA0EEA0EEB0EEB0EEC0EEC0E38
:1064A000ED0EED0EEE0EEE0EEF0EEF0EF00EF00E08
:1064B000F10EF10EF20EF20EF30EF30EF40EF40ED8
:1064C000F50EF50EF60EF60EF70EF70EF80EF80EA8
:1064D000F90EF90EFA0EFA0EFB0EFB0EFC0EFC0E78
:1064E000FD0EFD0EFE0EFE0EFF0EFF0E000F000F46
:1064F000010F010F020F020F030F030F040F040F10
:10650000050F050F060F060F070F070F080F080FDF
:10651000090F090F0A0F0A0F0B0F0B0F0C0F0C0FAF
:106520000D0F0D0F0E0F0E0F0F0F0F0F100F100F7F
:10653000110F110F120F120F130F130F140F140F4F
:10654000150F150F160F160F170F170F180F180F1F
:10655000190F190F1A0F1A0F1B0F1B0F1C0F1C0FEF
:106560001D0F1D0F1E0F1E0F1F0F1F0F200F200FBF
:10657000210F210F220F220F230F230F240F240F8F
:10658000250F250F260F260F270F270F280F280F5F
:10659000290F290F2A0F2A0F2B0F2B0F2C0F2C0F2F
:1065A0002D0F2D0F2E0F2E0F2F0F2F0F300F300FFF
:1065B000310F310F320F320F330F330F340F340FCF
:1065C000350F350F360F360F370F370F380F380F9F
:1065D000390F390F3A0F3A0F3B0F3B0F3C0F3C0F6F
:1065E0003D0F3D0F3E0F3E0F3F0F3F0F400F400F3F
:1065F000410F410F420F420F430F430F440F440F0F
:10660000450F450F460F460F470F470F480F480FDE
:10661000490F490F4A0F4A0F4B0F4B0F4C0F4C0FAE
:106620004D0F4D0F4E0F4E0F4F0F4F0F500F500F7E
:10663000510F510F520F520F530F530F540F540F4E
:10664000550F550F560F560F570F570F580F580F1E
:10665000590F590F5A0F5A0F5B0F5B0F5C0F5C0FEE
:106660005D0F5D0F5E0F5E0F5F0F5F0F600F600FBE
:10667000610F610F620F620F630F630F640F640F8E
:10668000650F650F660F660F670F670F680F680F5E
:10669000690F690F6A0F6A0F6B0F6B0F6C0F6C0F2E
:1066A0006D0F6D0F6E0F6E0F6F0F6F0F700F700FFE
:1066B000710F710F720F720F730F730F740F740FCE
:1066C000750F750F760F760F770F770F780F780F9E
:1066D000790F790F7A0F7A0F7B0F7B0F7C0F7C0F6E
:1066E0007D0F7D0F7E0F7E0F7F0F7F0F800F800F3E
:1066F000810F810F820F820F830F830F840F840F0E
:10670000850F850F860F860F870F870F880F880FDD
:10671000890F890F8A0F8A0F8B0F8B0F8C0F8C0FAD
:106720008D0F8D0F8E0F8E0F8F0F8F0F900F900F7D
:10673000910F910F920F920F930F930F940F940F4D
:10674000950F950F960F960F970F970F980F980F1D
:10675000990F990F9A0F9A0F9B0F9B0F9C0F9C0FED
:106760009D0F9D0F9E0F9E0F9F0F9F0FA00FA00FBD
:10677000A10FA10FA20FA20FA30FA30FA40FA40F8D
:10678000A50FA50FA60FA60FA70FA70FA80FA80F5D
:10679000A90FA90FAA0FAA0FAB0FAB0FAC0FAC0F2D
:1067A000AD0FAD0FAE0FAE0FAF0FAF0FB00FB00FFD
:1067B000B10FB10FB20FB20FB30FB30FB40FB40FCD
:1067C000B50FB50FB60FB60FB70FB70FB80FB80F9D
:1067D000B90FB90FBA0FBA0FBB0FBB0FBC0FBC0F6D
:1067E000BD0FBD0FBE0FBE0FBF0FBF0FC00FC00F3D
:1067F000C10FC10FC20FC20FC30FC30FC40FC40F0D
:10680000C50FC50FC60FC60FC70FC70FC80FC80FDC
:10681000C90FC90FCA0FCA0FCB0FCB0FCC0FCC0FAC
:10682000CD0FCD0FCE0FCE0FCF0FCF0FD00FD00F7C
:10683000D10FD10FD20FD20FD30FD30FD40FD40F4C
:10684000D50FD50FD60FD60FD70FD70FD80FD80F1C
:10685000D90FD90FDA0FDA0FDB0FDB0FDC0FDC0FEC
:10686000DD0FDD0FDE0FDE0FDF0FDF0FE00FE00FBC
:10687000E10FE10FE20FE20FE30FE30FE40FE40F8C
:10688000E50FE50FE60FE60FE70FE70FE80FE80F5C
:10689000E90FE90FEA0FEA0FEB0FEB0FEC0FEC0F2C
:1068A000ED0FED0FEE0FEE0FEF0FEF0FF00FF00FFC
:1068B000F10FF10FF20FF20FF30FF30FF40FF40FCC
:1068C000F50FF50FF60FF60FF70FF70FF80FF80F9C
:1068D000F90FF90FFA0FFA0FFB0FFB0FFC0FFC0F6C
:1068E000FD0FFD0FFE0FFE0FFF0FFE0FFE0FFD0F42
:1068F000FD0FFC0FFC0FFB0FFB0FFA0FFA0FF90F48
:10690000F90FF80FF80FF70FF70FF60FF60FF50F57
:10691000F50FF40FF40FF30FF30FF20FF20FF10F67
:10692000F10FF00FF00FEF0FEF0FEE0FEE0FED0F77
:10693000ED0FEC0FEC0FEB0FEB0FEA0FEA0FE90F87
:10694000E90FE80FE80FE70FE70FE60FE60FE50F97
:10695000E50FE40FE40FE30FE30FE20FE20FE10FA7
:10696000E10FE00FE00FDF0FDF0FDE0FDE0FDD0FB7
:10697000DD0FDC0FDC0FDB0FDB0FDA0FDA0FD90FC7
:10698000D90FD80FD80FD70FD70FD60FD60FD50FD7
:10699000D50FD40FD40FD30FD30FD20FD20FD10FE7
:1069A000D10FD00FD00FCF0FCF0FCE0FCE0FCD0FF7
:1069B000CD0FCC0FCC0FCB0FCB0FCA0FCA0FC90F07
:1069C000C90FC80FC80FC70FC70FC60FC60FC50F17
:1069D000C50FC40FC40FC30FC30FC20FC20FC10F27
:1069E000C10FC00FC00FBF0FBF0FBE0FBE0FBD0F37
:1069F000BD0FBC0FBC0FBB0FBB0FBA0FBA0FB90F47
:106A0000B90FB80FB80FB70FB70FB60FB60FB50F56
:106A1000B50FB40FB40FB30FB30FB20FB20FB10F66
:106A2000B10FB00FB00FAF0FAF0FAE0FAE0FAD0F76
:106A3000AD0FAC0FAC0FAB0FAB0FAA0FAA0FA90F86
:106A4000A90FA80FA80FA70FA70FA60FA60FA50F96
:106A5000A50FA40FA40FA30FA30FA20FA20FA10FA6
:106A6000A10FA00FA00F9F0F9F0F9E0F9E0F9D0FB6
:106A70009D0F9C0F9C0F9B0F9B0F9A0F9A0F990FC6
:106A8000990F980F980F970F970F960F960F950FD6
:106A9000950F940F940F930F930F920F920F910FE6
:106AA000910F900F900F8F0F8F0F8E0F8E0F8D0FF6
:106AB0008D0F8C0F8C0F8B0F8B0F8A0F8A0F890F06
:106AC000890F880F880F870F870F860F860F850F16
:106AD000850F840F840F830F830F820F820F810F26
:106AE000810F800F800F7F0F7F0F7E0F7E0F7D0F36
:106AF0007D0F7C0F7C0F7B0F7B0F7A0F7A0F790F46
:106B0000790F780F780F770F770F760F760F750F55
:106B1000750F740F740F730F730F720F720F710F65
:106B2000710F700F700F6F0F6F0F6E0F6E0F6D0F75
:106B30006D0F6C0F6C0F6B0F6B0F6A0F6A0F690F85
:106B4000690F680F680F670F670F660F660F650F95
:106B5000650F640F640F630F630F620F620F610FA5
:106B6000610F600F600F5F0F5F0F5E0F5E0F5D0FB5
:106B70005D0F5C0F5C0F5B0F5B0F5A0F5A0F590FC5
:106B8000590F580F580F570F570F560F560F550FD5
:106B9000550F540F540F530F530F520F520F510FE5
:106BA000510F500F500F4F0F4F0F4E0F4E0F4D0FF5
:106BB0004D0F4C0F4C0F4B0F4B0F4A0F4A0F490F05
:106BC000490F480F480F470F470F460F460F450F15
:106BD000450F440F440F430F430F420F420F410F25
:106BE000410F400F400F3F0F3F0F3E0F3E0F3D0F35
:106BF0003D0F3C0F3C0F3B0F3B0F3A0F3A0F390F45
:106C0000390F380F380F370F370F360F360F350F54
:106C1000350F340F340F330F330F320F320F310F64
:106C2000310F300F300F2F0F2F0F2E0F2E0F2D0F74
:106C30002D0F2C0F2C0F2B0F2B0F2A0F2A0F290F84
:106C4000290F280F280F270F270F260F260F250F94
:106C5000250F240F240F230F230F220F220F210FA4
:106C6000210F200F200F1F0F1F0F1E0F1E0F1D0FB4
:106C70001D0F1C0F1C0F1B0F1B0F1A0F1A0F190FC4
:106C8000190F180F180F170F170F160F160F150FD4
:106C9000150F140F140F130F130F120F120F110FE4
:106CA000110F100F100F0F0F0F0F0E0F0E0F0D0FF4
:106CB0000D0F0C0F0C0F0B0F0B0F0A0F0A0F090F04
:106CC000090F080F080F070F070F060F060F050F14
:106CD000050F040F040F030F030F020F020F010F24
:106CE000010F000F000FFF0EFF0EFE0EFE0EFD0E39
:106CF000FD0EFC0EFC0EFB0EFB0EFA0EFA0EF90E4C
:106D0000F90EF80EF80EF70EF70EF60EF60EF50E5B
:106D1000F50EF40EF40EF30EF30EF20EF20EF10E6B
:106D2000F10EF00EF00EEF0EEF0EEE0EEE0EED0E7B
:106D3000ED0EEC0EEC0EEB0EEB0EEA0EEA0EE90E8B
:106D4000E90EE80EE80EE70EE70EE60EE60EE50E9B
:106D5000E50EE40EE40EE30EE30EE20EE20EE10EAB
:106D6000E10EE00EE00EDF0EDF0EDE0EDE0EDD0EBB
:106D7000DD0EDC0EDC0EDB0EDB0EDA0EDA0ED90ECB
:106D8000D90ED80ED80ED70ED70ED60ED60ED50EDB
:106D9000D50ED40ED40ED30ED30ED20ED20ED10EEB
:106DA000D10ED00ED00ECF0ECF0ECE0ECE0ECD0EFB
:106DB000CD0ECC0ECC0ECB0ECB0ECA0ECA0EC90E0B
:106DC000C90EC80EC80EC70EC70EC60EC60EC50E1B
:106DD000C50EC40EC40EC30EC30EC20EC20EC10E2B
:106DE000C10EC00EC00EBF0EBF0EBE0EBE0EBD0E3B
:106DF000BD0EBC0EBC0EBB0EBB0EBA0EBA0EB90E4B
:106E0000B90EB80EB80EB70EB70EB60EB60EB50E5A
:106E1000B50EB40EB40EB30EB30EB20EB20EB10E6A
:106E2000B10EB00EB00EAF0EAF0EAE0EAE0EAD0E7A
:106E3000AD0EAC0EAC0EAB0EAB0EAA0EAA0EA90E8A
:106E4000A90EA80EA80EA70EA70EA60EA60EA50E9A
:106E5000A50EA40EA40EA30EA30EA20EA20EA10EAA
:106E6000A10EA00EA00E9F0E9F0E9E0E9E0E9D0EBA
:106E70009D0E9C0E9C0E9B0E9B0E9A0E9A0E990ECA
:106E8000990E980E980E970E970E960E960E950EDA
:106E9000950E940E940E930E930E920E920E910EEA
:106EA000910E900E900E8F0E8F0E8E0E8E0E8D0EFA
:106EB0008D0E8C0E8C0E8B0E8B0E8A0E8A0E890E0A
:106EC000890E880E880E870E870E860E860E850E1A
:106ED000850E840E840E830E830E820E820E810E2A
:106EE000810E800E800E7F0E7F0E7E0E7E0E7D0E3A
:106EF0007D0E7C0E7C0E7B0E7B0E7A0E7A0E790E4A
:106F0000790E780E780E770E770E760E760E750E59
:106F1000750E740E740E730E730E720E720E710E69
:106F2000710E700E700E6F0E6F0E6E0E6E0E6D0E79
:106F30006D0E6C0E6C0E6B0E6B0E6A0E6A0E690E89
:106F4000690E680E680E670E670E660E660E650E99
:106F5000650E640E640E630E630E620E620E610EA9
:106F6000610E600E600E5F0E5F0E5E0E5E0E5D0EB9
:106F70005D0E5C0E5C0E5B0E5B0E5A0E5A0E590EC9
:106F8000590E580E580E570E570E560E560E550ED9
:106F9000550E540E540E530E530E520E520E510EE9
:106FA000510E500E500E4F0E4F0E4E0E4E0E4D0EF9
:106FB0004D0E4C0E4C0E4B0E4B0E4A0E4A0E490E09
:106FC000490E480E480E470E470E460E460E450E19
:106FD000450E440E440E430E430E420E420E410E29
:106FE000410E400E400E3F0E3F0E3E0E3E0E3D0E39
:106FF0003D0E3C0E3C0E3B0E3B0E3A0E3A0E390E49
:10700000390E380E380E370E370E360E360E350E58
:10701000350E340E340E330E330E320E320E310E68
:10702000310E300E300E2F0E2F0E2E0E2E0E2D0E78
:107030002D0E2C0E2C0E2B0E2B0E2A0E2A0E290E88
:10704000290E280E280E270E270E260E260E250E98
:10705000250E240E240E230E230E220E220E210EA8
:10706000210E200E200E1F0E1F0E1E0E1E0E1D0EB8
:107070001D0E1C0E1C0E1B0E1B0E1A0E1A0E190EC8
:10708000190E180E180E170E170E160E160E150ED8
:10709000150E140E140E130E130E120E120E110EE8
:1070A000110E100E100E0F0E0F0E0E0E0E0E0D0EF8
:1070B0000D0E0C0E0C0E0B0E0B0E0A0E0A0E090E08
:1070C000090E080E080E070E070E060E060E050E18
:1070D000050E040E040E030E030E020E020E010E28
:1070E000010E000E000EFF0DFF0DFE0DFE0DFD0D3D
:1070F000FD0DFC0DFC0DFB0DFB0DFA0DFA0DF90D50
:10710000F90DF80DF80DF70DF70DF60DF60DF50D5F
:10711000F50DF40DF40DF30DF30DF20DF20DF10D6F
:10712000F10DF00DF00DEF0DEF0DEE0DEE0DED0D7F
:10713000ED0DEC0DEC0DEB0DEB0DEA0DEA0DE90D8F
:10714000E90DE80DE80DE70DE70DE60DE60DE50D9F
:10715000E50DE40DE40DE30DE30DE20DE20DE10DAF
:10716000E10DE00DE00DDF0DDF0DDE0DDE0DDD0DBF
:10717000DD0DDC0DDC0DDB0DDB0DDA0DDA0DD90DCF
:10718000D90DD80DD80DD70DD70DD60DD60DD50DDF
:10719000D50DD40DD40DD30DD30DD20DD20DD10DEF
:1071A000D10DD00DD00DCF0DCF0DCE0DCE0DCD0DFF
:1071B000CD0DCC0DCC0DCB0DCB0DCA0DCA0DC90D0F
:1071C000C90DC80DC80DC70DC70DC60DC60DC50D1F
:1071D000C50DC40DC40DC30DC30DC20DC20DC10D2F
:1071E000C10DC00DC00DBF0DBF0DBE0DBE0DBD0D3F
:1071F000BD0DBC0DBC0DBB0DBB0DBA0DBA0DB90D4F
:10720000B90DB80DB80DB70DB70DB60DB60DB50D5E
:10721000B50DB40DB40DB30DB30DB20DB20DB10D6E
:10722000B10DB00DB00DAF0DAF0DAE0DAE0DAD0D7E
:10723000AD0DAC0DAC0DAB0DAB0DAA0DAA0DA90D8E
:10724000A90DA80DA80DA70DA70DA60DA60DA50D9E
:10725000A50DA40DA40DA30DA30DA20DA20DA10DAE
:10726000A10DA00DA00D9F0D9F0D9E0D9E0D9D0DBE
:107270009D0D9C0D9C0D9B0D9B0D9A0D9A0D990DCE
:10728000990D980D980D970D970D960D960D950DDE
:10729000950D940D940D930D930D920D920D910DEE
:1072A000910D900D900D8F0D8F0D8E0D8E0D8D0DFE
:1072B0008D0D8C0D8C0D8B0D8B0D8A0D8A0D890D0E
:1072C000890D880D880D870D870D860D860D850D1E
:1072D000850D840D840D830D830D820D820D810D2E
:1072E000810D800D800D7F0D7F0D7E0D7E0D7D0D3E
:1072F0007D0D7C0D7C0D7B0D7B0D7A0D7A0D790D4E
:10730000790D780D780D770D770D760D760D750D5D
:10731000750D740D740D730D730D720D720D710D6D
:10732000710D700D700D6F0D6F0D6E0D6E0D6D0D7D
:107330006D0D6C0D6C0D6B0D6B0D6A0D6A0D690D8D
:10734000690D680D680D670D670D660D660D650D9D
:10735000650D640D640D630D630D620D620D610DAD
:10736000610D600D600D5F0D5F0D5E0D5E0D5D0DBD
:107370005D0D5C0D5C0D5B0D5B0D5A0D5A0D590DCD
:10738000590D580D580D570D570D560D560D550DDD
:10739000550D540D540D530D530D520D520D510DED
:1073A000510D500D500D4F0D4F0D4E0D4E0D4D0DFD
:1073B0004D0D4C0D4C0D4B0D4B0D4A0D4A0D490D0D
:1073C000490D480D480D470D470D460D460D450D1D
:1073D000450D440D440D430D430D420D420D410D2D
:1073E000410D400D400D3F0D3F0D3E0D3E0D3D0D3D
:1073F0003D0D3C0D3C0D3B0D3B0D3A0D3A0D390D4D
:10740000390D380D380D370D370D360D360D350D5C
:10741000350D340D340D330D330D320D320D310D6C
:10742000310D300D300D2F0D2F0D2E0D2E0D2D0D7C
:107430002D0D2C0D2C0D2B0D2B0D2A0D2A0D290D8C
:10744000290D280D280D270D270D260D260D250D9C
:10745000250D240D240D230D230D220D220D210DAC
:10746000210D200D200D1F0D1F0D1E0D1E0D1D0DBC
:107470001D0D1C0D1C0D1B0D1B0D1A0D1A0D190DCC
:10748000190D180D180D170D170D160D160D150DDC
:10749000150D140D140D130D130D120D120D110DEC
:1074A000110D100D100D0F0D0F0D0E0D0E0D0D0DFC
:1074B0000D0D0C0D0C0D0B0D0B0D0A0D0A0D090D0C
:1074C000090D080D080D070D070D060D060D050D1C
:1074D000050D040D040D030D030D020D020D010D2C
:1074E000010D000D000DFF0CFF0CFE0CFE0CFD0C41
:1074F000FD0CFC0CFC0CFB0CFB0CFA0CFA0CF90C54
:10750000F90CF80CF80CF70CF70CF60CF60CF50C63
:10751000F50CF40CF40CF30CF30CF20CF20CF10C73
:10752000F10CF00CF00CEF0CEF0CEE0CEE0CED0C83
:10753000ED0CEC0CEC0CEB0CEB0CEA0CEA0CE90C93
:10754000E90CE80CE80CE70CE70CE60CE60CE50CA3
:10755000E50CE40CE40CE30CE30CE20CE20CE10CB3
:10756000E10CE00CE00CDF0CDF0CDE0CDE0CDD0CC3
:10757000DD0CDC0CDC0CDB0CDB0CDA0CDA0CD90CD3
:10758000D90CD80CD80CD70CD70CD60CD60CD50CE3
:10759000D50CD40CD40CD30CD30CD20CD20CD10CF3
:1075A000D10CD00CD00CCF0CCF0CCE0CCE0CCD0C03
:1075B000CD0CCC0CCC0CCB0CCB0CCA0CCA0CC90C13
:1075C000C90CC80CC80CC70CC70CC60CC60CC50C23
:1075D000C50CC40CC40CC30CC30CC20CC20CC10C33
:1075E000C10CC00CC00CBF0CBF0CBE0CBE0CBD0C43
:1075F000BD0CBC0CBC0CBB0CBB0CBA0CBA0CB90C53
:10760000B90CB80CB80CB70CB70CB60CB60CB50C62
:10761000B50CB40CB40CB30CB30CB20CB20CB10C72
:10762000B10CB00CB00CAF0CAF0CAE0CAE0CAD0C82
:10763000AD0CAC0CAC0CAB0CAB0CAA0CAA0CA90C92
:10764000A90CA80CA80CA70CA70CA60CA60CA50CA2
:10765000A50CA40CA40CA30CA30CA20CA20CA10CB2
:10766000A10CA00CA00C9F0C9F0C9E0C9E0C9D0CC2
:107670009D0C9C0C9C0C9B0C9B0C9A0C9A0C990CD2
:10768000990C980C980C970C970C960C960C950CE2
:10769000950C940C940C930C930C920C920C910CF2
:1076A000910C900C900C8F0C8F0C8E0C8E0C8D0C02
:1076B0008D0C8C0C8C0C8B0C8B0C8A0C8A0C890C12
:1076C000890C880C880C870C870C860C860C850C22
:1076D000850C840C840C830C830C820C820C810C32
:1076E000810C800C800C7F0C7F0C7E0C7E0C7D0C42
:1076F0007D0C7C0C7C0C7B0C7B0C7A0C7A0C790C52
:10770000790C780C780C770C770C760C760C750C61
:10771000750C740C740C730C730C720C720C710C71
:10772000710C700C700C6F0C6F0C6E0C6E0C6D0C81
:107730006D0C6C0C6C0C6B0C6B0C6A0C6A0C690C91
:10774000690C680C680C670C670C660C660C650CA1
:10775000650C640C640C630C630C620C620C610CB1
:10776000610C600C600C5F0C5F0C5E0C5E0C5D0CC1
:107770005D0C5C0C5C0C5B0C5B0C5A0C5A0C590CD1
:10778000590C580C580C570C570C560C560C550CE1
:10779000550C540C540C530C530C520C520C510CF1
:1077A000510C500C500C4F0C4F0C4E0C4E0C4D0C01
:1077B0004D0C4C0C4C0C4B0C4B0C4A0C4A0C490C11
:1077C000490C480C480C470C470C460C460C450C21
:1077D000450C440C440C430C430C420C420C410C31
:1077E000410C400C400C3F0C3F0C3E0C3E0C3D0C41
:1077F0003D0C3C0C3C0C3B0C3B0C3A0C3A0C390C51
:10780000390C380C380C370C370C360C360C350C60
:10781000350C340C340C330C330C320C320C310C70
:10782000310C300C300C2F0C2F0C2E0C2E0C2D0C80
:107830002D0C2C0C2C0C2B0C2B0C2A0C2A0C290C90
:10784000290C280C280C270C270C260C260C250CA0
:10785000250C240C240C230C230C220C220C210CB0
:10786000210C200C200C1F0C1F0C1E0C1E0C1D0CC0
:107870001D0C1C0C1C0C1B0C1B0C1A0C1A0C190CD0
:10788000190C180C180C170C170C160C160C150CE0
:10789000150C140C140C130C130C120C120C110CF0
:1078A000110C100C100C0F0C0F0C0E0C0E0C0D0C00
:1078B0000D0C0C0C0C0C0B0C0B0C0A0C0A0C090C10
:1078C000090C080C080C070C070C060C060C050C20
:1078D000050C040C040C030C030C020C020C010C30
:1078E000010C000C000CFF0BFF0BFE0BFE0BFD0B45
:1078F000FD0BFC0BFC0BFB0BFB0BFA0BFA0BF90B58
:10790000F90BF80BF80BF70BF70BF60BF60BF50B67
:10791000F50BF40BF40BF30BF30BF20BF20BF10B77
:10792000F10BF00BF00BEF0BEF0BEE0BEE0BED0B87
:10793000ED0BEC0BEC0BEB0BEB0BEA0BEA0BE90B97
:10794000E90BE80BE80BE70BE70BE60BE60BE50BA7
:10795000E50BE40BE40BE30BE30BE20BE20BE10BB7
:10796000E10BE00BE00BDF0BDF0BDE0BDE0BDD0BC7
:10797000DD0BDC0BDC0BDB0BDB0BDA0BDA0BD90BD7
:10798000D90BD80BD80BD70BD70BD60BD60BD50BE7
:10799000D50BD40BD40BD30BD30BD20BD20BD10BF7
:1079A000D10BD00BD00BCF0BCF0BCE0BCE0BCD0B07
:1079B000CD0BCC0BCC0BCB0BCB0BCA0BCA0BC90B17
:1079C000C90BC80BC80BC70BC70BC60BC60BC50B27
:1079D000C50BC40BC40BC30BC30BC20BC20BC10B37
:1079E000C10BC00BC00BBF0BBF0BBE0BBE0BBD0B47
:1079F000BD0BBC0BBC0BBB0BBB0BBA0BBA0BB90B57
:107A0000B90BB80BB80BB70BB70BB60BB60BB50B66
:107A1000B50BB40BB40BB30BB30BB20BB20BB10B76
:107A2000B10BB00BB00BAF0BAF0BAE0BAE0BAD0B86
:107A3000AD0BAC0BAC0BAB0BAB0BAA0BAA0BA90B96
:107A4000A90BA80BA80BA70BA70BA60BA60BA50BA6
:107A5000A50BA40BA40BA30BA30BA20BA20BA10BB6
:107A6000A10BA00BA00B9F0B9F0B9E0B9E0B9D0BC6
:107A70009D0B9C0B9C0B9B0B9B0B9A0B9A0B990BD6
:107A8000990B980B980B970B970B960B960B950BE6
:107A9000950B940B940B930B930B920B920B910BF6
:107AA000910B900B900B8F0B8F0B8E0B8E0B8D0B06
:107AB0008D0B8C0B8C0B8B0B8B0B8A0B8A0B890B16
:107AC000890B880B880B870B870B860B860B850B26
:107AD000850B840B840B830B830B820B820B810B36
:107AE000810B800B800B7F0B7F0B7E0B7E0B7D0B46
:107AF0007D0B7C0B7C0B7B0B7B0B7A0B7A0B790B56
:107B0000790B780B780B770B770B760B760B750B65
:107B1000750B740B740B730B730B720B720B710B75
:107B2000710B700B700B6F0B6F0B6E0B6E0B6D0B85
:107B30006D0B6C0B6C0B6B0B6B0B6A0B6A0B690B95
:107B4000690B680B680B670B670B660B660B650BA5
:107B5000650B640B640B630B630B620B620B610BB5
:107B6000610B600B600B5F0B5F0B5E0B5E0B5D0BC5
:107B70005D0B5C0B5C0B5B0B5B0B5A0B5A0B590BD5
:107B8000590B580B580B570B570B560B560B550BE5
:107B9000550B540B540B530B530B520B520B510BF5
:107BA000510B500B500B4F0B4F0B4E0B4E0B4D0B05
:107BB0004D0B4C0B4C0B4B0B4B0B4A0B4A0B490B15
:107BC000490B480B480B470B470B460B460B450B25
:107BD000450B440B440B430B430B420B420B410B35
:107BE000410B400B400B3F0B3F0B3E0B3E0B3D0B45
:107BF0003D0B3C0B3C0B3B0B3B0B3A0B3A0B390B55
:107C0000390B380B380B370B370B360B360B350B64
:107C1000350B340B340B330B330B320B320B310B74
:107C2000310B300B300B2F0B2F0B2E0B2E0B2D0B84
:107C30002D0B2C0B2C0B2B0B2B0B2A0B2A0B290B94
:107C4000290B280B280B270B270B260B260B250BA4
:107C5000250B240B240B230B230B220B220B210BB4
:107C6000210B200B200B1F0B1F0B1E0B1E0B1D0BC4
:107C70001D0B1C0B1C0B1B0B1B0B1A0B1A0B190BD4
:107C8000190B180B180B170B170B160B160B150BE4
:107C9000150B140B140B130B130B120B120B110BF4
:107CA000110B100B100B0F0B0F0B0E0B0E0B0D0B04
:107CB0000D0B0C0B0C0B0B0B0B0B0A0B0A0B090B14
:107CC000090B080B080B070B070B060B060B050B24
:107CD000050B040B040B030B030B020B020B010B34
:107CE000010B000B000BFF0AFF0AFE0AFE0AFD0A49
:107CF000FD0AFC0AFC0AFB0AFB0AFA0AFA0AF90A5C
:107D0000F90AF80AF80AF70AF70AF60AF60AF50A6B
:107D1000F50AF40AF40AF30AF30AF20AF20AF10A7B
:107D2000F10AF00AF00AEF0AEF0AEE0AEE0AED0A8B
:107D3000ED0AEC0AEC0AEB0AEB0AEA0AEA0AE90A9B
:107D4000E90AE80AE80AE70AE70AE60AE60AE50AAB
:107D5000E50AE40AE40AE30AE30AE20AE20AE10ABB
:107D6000E10AE00AE00ADF0ADF0ADE0ADE0ADD0ACB
:107D7000DD0ADC0ADC0ADB0ADB0ADA0ADA0AD90ADB
:107D8000D90AD80AD80AD70AD70AD60AD60AD50AEB
:107D9000D50AD40AD40AD30AD30AD20AD20AD10AFB
:107DA000D10AD00AD00ACF0ACF0ACE0ACE0ACD0A0B
:107DB000CD0ACC0ACC0ACB0ACB0ACA0ACA0AC90A1B
:107DC000C90AC80AC80AC70AC70AC60AC60AC50A2B
:107DD000C50AC40AC40AC30AC30AC20AC20AC10A3B
:107DE000C10AC00AC00ABF0ABF0ABE0ABE0ABD0A4B
:107DF000BD0ABC0ABC0ABB0ABB0ABA0ABA0AB90A5B
:107E0000B90AB80AB80AB70AB70AB60AB60AB50A6A
:107E1000B50AB40AB40AB30AB30AB20AB20AB10A7A
:107E2000B10AB00AB00AAF0AAF0AAE0AAE0AAD0A8A
:107E3000AD0AAC0AAC0AAB0AAB0AAA0AAA0AA90A9A
:107E4000A90AA80AA80AA70AA70AA60AA60AA50AAA
:107E5000A50AA40AA40AA30AA30AA20AA20AA10ABA
:107E6000A10AA00AA00A9F0A9F0A9E0A9E0A9D0ACA
:107E70009D0A9C0A9C0A9B0A9B0A9A0A9A0A990ADA
:107E8000990A980A980A970A970A960A960A950AEA
:107E9000950A940A940A930A930A920A920A910AFA
:107EA000910A900A900A8F0A8F0A8E0A8E0A8D0A0A
:107EB0008D0A8C0A8C0A8B0A8B0A8A0A8A0A890A1A
:107EC000890A880A880A870A870A860A860A850A2A
:107ED000850A840A840A830A830A820A820A810A3A
:107EE000810A800A800A7F0A7F0A7E0A7E0A7D0A4A
:107EF0007D0A7C0A7C0A7B0A7B0A7A0A7A0A790A5A
:107F0000790A780A780A770A770A760A760A750A69
:107F1000750A740A740A730A730A720A720A710A79
:107F2000710A700A700A6F0A6F0A6E0A6E0A6D0A89
:107F30006D0A6C0A6C0A6B0A6B0A6A0A6A0A690A99
:107F4000690A680A680A670A670A660A660A650AA9
:107F5000650A640A640A630A630A620A620A610AB9
:107F6000610A600A600A5F0A5F0A5E0A5E0A5D0AC9
:107F70005D0A5C0A5C0A5B0A5B0A5A0A5A0A590AD9
:107F8000590A580A580A570A570A560A560A550AE9
:107F9000550A540A540A530A530A520A520A510AF9
:107FA000510A500A500A4F0A4F0A4E0A4E0A4D0A09
:107FB0004D0A4C0A4C0A4B0A4B0A4A0A4A0A490A19
:107FC000490A480A480A470A470A460A460A450A29
:107FD000450A440A440A430A430A420A420A410A39
:107FE000410A400A400A3F0A3F0A3E0A3E0A3D0A49
:107FF0003D0A3C0A3C0A3B0A3B0A3A0A3A0A390A59
:10800000390A380A380A370A370A360A360A350A68
:10801000350A340A340A330A330A320A320A310A78
:10802000310A300A300A2F0A2F0A2E0A2E0A2D0A88
:108030002D0A2C0A2C0A2B0A2B0A2A0A2A0A290A98
:10804000290A280A280A270A270A260A260A250AA8
:10805000250A240A240A230A230A220A220A210AB8
:10806000210A200A200A1F0A1F0A1E0A1E0A1D0AC8
:108070001D0A1C0A1C0A1B0A1B0A1A0A1A0A190AD8
:10808000190A180A180A170A170A160A160A150AE8
:10809000150A140A140A130A130A120A120A110AF8
:1080A000110A100A100A0F0A0F0A0E0A0E0A0D0A08
:1080B0000D0A0C0A0C0A0B0A0B0A0A0A0A0A090A18
:1080C000090A080A080A070A070A060A060A050A28
:1080D000050A040A040A030A030A020A020A010A38
:1080E000010A000A000AFF09FF09FE09FE09FD094D
:1080F000FD09FC09FC09FB09FB09FA09FA09F90960
:10810000F909F809F809F709F709F609F609F5096F
:10811000F509F409F409F309F309F209F209F1097F
:10812000F109F009F009EF09EF09EE09EE09ED098F
:10813000ED09EC09EC09EB09EB09EA09EA09E9099F
:10814000E909E809E809E709E709E609E609E509AF
:10815000E509E409E409E309E309E209E209E109BF
:10816000E109E009E009DF09DF09DE09DE09DD09CF
:10817000DD09DC09DC09DB09DB09DA09DA09D909DF
:10818000D909D809D809D709D709D609D609D509EF
:10819000D509D409D409D309D309D209D209D109FF
:1081A000D109D009D009CF09CF09CE09CE09CD090F
:1081B000CD09CC09CC09CB09CB09CA09CA09C9091F
:1081C000C909C809C809C709C709C609C609C5092F
:1081D000C509C409C409C309C309C209C209C1093F
:1081E000C109C009C009BF09BF09BE09BE09BD094F
:1081F000BD09BC09BC09BB09BB09BA09BA09B9095F
:10820000B909B809B809B709B709B609B609B5096E
:10821000B509B409B409B309B309B209B209B1097E
:10822000B109B009B009AF09AF09AE09AE09AD098E
:10823000AD09AC09AC09AB09AB09AA09AA09A9099E
:10824000A909A809A809A709A709A609A609A509AE
:10825000A509A409A409A309A309A209A209A109BE
:10826000A109A009A0099F099F099E099E099D09CE
:108270009D099C099C099B099B099A099A099909DE
:1082800099099809980997099709960996099509EE
:1082900095099409940993099309920992099109FE
:1082A0009109900990098F098F098E098E098D090E
:1082B0008D098C098C098B098B098A098A0989091E
:1082C000890988098809870987098609860985092E
:1082D000850984098409830983098209820981093E
:1082E0008109800980097F097F097E097E097D094E
:1082F0007D097C097C097B097B097A097A0979095E
:10830000790978097809770977097609760975096D
:10831000750974097409730973097209720971097D
:108320007109700970096F096F096E096E096D098D
:108330006D096C096C096B096B096A096A0969099D
:1083400069096809680967096709660966096509AD
:1083500065096409640963096309620962096109BD
:108360006109600960095F095F095E095E095D09CD
:108370005D095C095C095B095B095A095A095909DD
:1083800059095809580957095709560956095509ED
:1083900055095409540953095309520952095109FD
:1083A0005109500950094F094F094E094E094D090D
:1083B0004D094C094C094B094B094A094A0949091D
:1083C000490948094809470947094609460945092D
:1083D000450944094409430943094209420941093D
:1083E0004109400940093F093F093E093E093D094D
:1083F0003D093C093C093B093B093A093A0939095D
:10840000390938093809370937093609360935096C
:10841000350934093409330933093209320931097C
:108420003109300930092F092F092E092E092D098C
:108430002D092C092C092B092B092A092A0929099C
:1084400029092809280927092709260926092509AC
:1084500025092409240923092309220922092109BC
:108460002109200920091F091F091E091E091D09CC
:108470001D091C091C091B091B091A091A091909DC
:1084800019091809180917091709160916091509EC
:1084900015091409140913091309120912091109FC
:1084A0001109100910090F090F090E090E090D090C
:1084B0000D090C090C090B090B090A090A0909091C
:1084C000090908090809070907090609060905092C
:1084D000050904090409030903090209020901093C
:1084E000010900090009FF08FF08FE08FE08FD0851
:1084F000FD08FC08FC08FB08FB08FA08FA08F90864
:10850000F908F808F808F708F708F608F608F50873
:10851000F508F408F408F308F308F208F208F10883
:10852000F108F008F008EF08EF08EE08EE08ED0893
:10853000ED08EC08EC08EB08EB08EA08EA08E908A3
:10854000E908E808E808E708E708E608E608E508B3
:10855000E508E408E408E308E308E208E208E108C3
:10856000E108E008E008DF08DF08DE08DE08DD08D3
:10857000DD08DC08DC08DB08DB08DA08DA08D908E3
:10858000D908D808D808D708D708D608D608D508F3
:10859000D508D408D408D308D308D208D208D10803
:1085A000D108D008D008CF08CF08CE08CE08CD0813
:1085B000CD08CC08CC08CB08CB08CA08CA08C90823
:1085C000C908C808C808C708C708C608C608C50833
:1085D000C508C408C408C308C308C208C208C10843
:1085E000C108C008C008BF08BF08BE08BE08BD0853
:1085F000BD08BC08BC08BB08BB08BA08BA08B90863
:10860000B908B808B808B708B708B608B608B50872
:10861000B508B408B408B308B308B208B208B10882
:10862000B108B008B008AF08AF08AE08AE08AD0892
:10863000AD08AC08AC08AB08AB08AA08AA08A908A2
:10864000A908A808A808A708A708A608A608A508B2
:10865000A508A408A408A308A308A208A208A108C2
:10866000A108A008A0089F089F089E089E089D08D2
:108670009D089C089C089B089B089A089A089908E2
:1086800099089808980897089708960896089508F2
:108690009508940894089308930892089208910802
:1086A0009108900890088F088F088E088E088D0812
:1086B0008D088C088C088B088B088A088A08890822
:1086C0008908880888088708870886088608850832
:1086D0008508840884088308830882088208810842
:1086E0008108800880087F087F087E087E087D0852
:1086F0007D087C087C087B087B087A087A08790862
:108700007908780878087708770876087608750871
:108710007508740874087308730872087208710881
:108720007108700870086F086F086E086E086D0891
:108730006D086C086C086B086B086A086A086908A1
:1087400069086808680867086708660866086508B1
:1087500065086408640863086308620862086108C1
:108760006108600860085F085F085E085E085D08D1
:108770005D085C085C085B085B085A085A085908E1
:1087800059085808580857085708560856085508F1
:108790005508540854085308530852085208510801
:1087A0005108500850084F084F084E084E084D0811
:1087B0004D084C084C084B084B084A084A08490821
:1087C0004908480848084708470846084608450831
:1087D0004508440844084308430842084208410841
:1087E0004108400840083F083F083E083E083D0851
:1087F0003D083C083C083B083B083A083A08390861
:108800003908380838083708370836083608350870
:108810003508340834083308330832083208310880
:108820003108300830082F082F082E082E082D0890
:108830002D082C082C082B082B082A082A082908A0
:1088400029082808280827082708260826082508B0
:1088500025082408240823082308220822082108C0
:108860002108200820081F081F081E081E081D08D0
:108870001D081C081C081B081B081A081A081908E0
:1088800019081808180817081708160816081508F0
:108890001508140814081308130812081208110800
:1088A0001108100810080F080F080E080E080D0810
:1088B0000D080C080C080B080B080A080A08090820
:1088C0000908080808080708070806080608050830
:1088D0000508040804080308030802080208010840
:1088E000010800080008FF07FF07FF07FE07FE0753
:1088F000FD07FD07FC07FC07FB07FB07FA07FA0764
:10890000F907F907F807F807F707F707F607F60773
:10891000F507F507F407F407F307F307F207F20783
:10892000F107F107F007F007EF07EF07EE07EE0793
:10893000ED07ED07EC07EC07EB07EB07EA07EA07A3
:10894000E907E907E807E807E707E707E607E607B3
:10895000E507E507E407E407E307E307E207E207C3
:10896000E107E107E007E007DF07DF07DE07DE07D3
:10897000DD07DD07DC07DC07DB07DB07DA07DA07E3
:10898000D907D907D807D807D707D707D607D607F3
:10899000D507D507D407D407D307D307D207D20703
:1089A000D107D107D007D007CF07CF07CE07CE0713
:1089B000CD07CD07CC07CC07CB07CB07CA07CA0723
:1089C000C907C907C807C807C707C707C607C60733
:1089D000C507C507C407C407C307C307C207C20743
:1089E000C107C107C007C007BF07BF07BE07BE0753
:1089F000BD07BD07BC07BC07BB07BB07BA07BA0763
:108A0000B907B907B807B807B707B707B607B60772
:108A1000B507B507B407B407B307B307B207B20782
:108A2000B107B107B007B007AF07AF07AE07AE0792
:108A3000AD07AD07AC07AC07AB07AB07AA07AA07A2
:108A4000A907A907A807A807A707A707A607A607B2
:108A5000A507A507A407A407A307A307A207A207C2
:108A6000A107A107A007A0079F079F079E079E07D2
:108A70009D079D079C079C079B079B079A079A07E2
:108A800099079907980798079707970796079607F2
:108A90009507950794079407930793079207920702
:108AA00091079107900790078F078F078E078E0712
:108AB0008D078D078C078C078B078B078A078A0722
:108AC0008907890788078807870787078607860732
:108AD0008507850784078407830783078207820742
:108AE00081078107800780077F077F077E077E0752
:108AF0007D077D077C077C077B077B077A077A0762
:108B00007907790778077807770777077607760771
:108B10007507750774077407730773077207720781
:108B200071077107700770076F076F076E076E0791
:108B30006D076D076C076C076B076B076A076A07A1
:108B400069076907680768076707670766076607B1
:108B500065076507640764076307630762076207C1
:108B600061076107600760075F075F075E075E07D1
:108B70005D075D075C075C075B075B075A075A07E1
:108B800059075907580758075707570756075607F1
:108B90005507550754075407530753075207520701
:108BA00051075107500750074F074F074E074E0711
:108BB0004D074D074C074C074B074B074A074A0721
:108BC0004907490748074807470747074607460731
:108BD0004507450744074407430743074207420741
:108BE00041074107400740073F073F073E073E0751
:108BF0003D073D073C073C073B073B073A073A0761
:108C00003907390738073807370737073607360770
:108C10003507350734073407330733073207320780
:108C200031073107300730072F072F072E072E0790
:108C30002D072D072C072C072B072B072A072A07A0
:108C400029072907280728072707270726072607B0
:108C500025072507240724072307230722072207C0
:108C600021072107200720071F071F071E071E07D0
:108C70001D071D071C071C071B071B071A071A07E0
:108C800019071907180718071707170716071607F0
:108C90001507150714071407130713071207120700
:108CA00011071107100710070F070F070E070E0710
:108CB0000D070D070C070C070B070B070A070A0720
:108CC0000907090708070807070707070607060730
:108CD0000507050704070407030703070207020740
:108CE0000107010700070007FF06FF06FE06FE0654
:108CF000FD06FD06FC06FC06FB06FB06FA06FA0668
:108D0000F906F906F806F806F706F706F606F60677
:108D1000F506F506F406F406F306F306F206F20687
:108D2000F106F106F006F006EF06EF06EE06EE0697
:108D3000ED06ED06EC06EC06EB06EB06EA06EA06A7
:108D4000E906E906E806E806E706E706E606E606B7
:108D5000E506E506E406E406E306E306E206E206C7
:108D6000E106E106E006E006DF06DF06DE06DE06D7
:108D7000DD06DD06DC06DC06DB06DB06DA06DA06E7
:108D8000D906D906D806D806D706D706D606D606F7
:108D9000D506D506D406D406D306D306D206D20607
:108DA000D106D106D006D006CF06CF06CE06CE0617
:108DB000CD06CD06CC06CC06CB06CB06CA06CA0627
:108DC000C906C906C806C806C706C706C606C60637
:108DD000C506C506C406C406C306C306C206C20647
:108DE000C106C106C006C006BF06BF06BE06BE0657
:108DF000BD06BD06BC06BC06BB06BB06BA06BA0667
:108E0000B906B906B806B806B706B706B606B60676
:108E1000B506B506B406B406B306B306B206B20686
:108E2000B106B106B006B006AF06AF06AE06AE0696
:108E3000AD06AD06AC06AC06AB06AB06AA06AA06A6
:108E4000A906A906A806A806A706A706A606A606B6
:108E5000A506A506A406A406A306A306A206A206C6
:108E6000A106A106A006A0069F069F069E069E06D6
:108E70009D069D069C069C069B069B069A069A06E6
:108E800099069906980698069706970696069606F6
:108E90009506950694069406930693069206920606
:108EA00091069106900690068F068F068E068E0616
:108EB0008D068D068C068C068B068B068A068A0626
:108EC0008906890688068806870687068606860636
:108ED0008506850684068406830683068206820646
:108EE00081068106800680067F067F067E067E0656
:108EF0007D067D067C067C067B067B067A067A0666
:108F00007906790678067806770677067606760675
:108F10007506750674067406730673067206720685
:108F200071067106700670066F066F066E066E0695
:108F30006D066D066C066C066B066B066A066A06A5
:108F400069066906680668066706670666066606B5
:108F500065066506640664066306630662066206C5
:108F600061066106600660065F065F065E065E06D5
:108F70005D065D065C065C065B065B065A065A06E5
:108F800059065906580658065706570656065606F5
:108F90005506550654065406530653065206520605
:108FA00051065106500650064F064F064E064E0615
:108FB0004D064D064C064C064B064B064A064A0625
:108FC0004906490648064806470647064606460635
:108FD0004506450644064406430643064206420645
:108FE00041064106400640063F063F063E063E0655
:108FF0003D063D063C063C063B063B063A063A0665
:109000003906390638063806370637063606360674
:109010003506350634063406330633063206320684
:1090200031063106300630062F062F062E062E0694
:109030002D062D062C062C062B062B062A062A06A4
:1090400029062906280628062706270626062606B4
:1090500025062506240624062306230622062206C4
:1090600021062106200620061F061F061E061E06D4
:109070001D061D061C061C061B061B061A061A06E4
:1090800019061906180618061706170616061606F4
:109090001506150614061406130613061206120604
:1090A00011061106100610060F060F060E060E0614
:1090B0000D060D060C060C060B060B060A060A0624
:1090C0000906090608060806070607060606060634
:1090D0000506050604060406030603060206020644
:1090E0000106010600060006FF05FF05FE05FE0558
:1090F000FD05FD05FC05FC05FB05FB05FA05FA056C
:10910000F905F905F805F805F705F705F605F6057B
:10911000F505F505F405F405F305F305F205F2058B
:10912000F105F105F005F005EF05EF05EE05EE059B
:10913000ED05ED05EC05EC05EB05EB05EA05EA05AB
:10914000E905E905E805E805E705E705E605E605BB
:10915000E505E505E405E405E305E305E205E205CB
:10916000E105E105E005E005DF05DF05DE05DE05DB
:10917000DD05DD05DC05DC05DB05DB05DA05DA05EB
:10918000D905D905D805D805D705D705D605D605FB
:10919000D505D505D405D405D305D305D205D2050B
:1091A000D105D105D005D005CF05CF05CE05CE051B
:1091B000CD05CD05CC05CC05CB05CB05CA05CA052B
:1091C000C905C905C805C805C705C705C605C6053B
:1091D000C505C505C405C405C305C305C205C2054B
:1091E000C105C105C005C005BF05BF05BE05BE055B
:1091F000BD05BD05BC05BC05BB05BB05BA05BA056B
:10920000B905B905B805B805B705B705B605B6057A
:10921000B505B505B405B405B305B305B205B2058A
:10922000B105B105B005B005AF05AF05AE05AE059A
:10923000AD05AD05AC05AC05AB05AB05AA05AA05AA
:10924000A905A905A805A805A705A705A605A605BA
:10925000A505A505A405A405A305A305A205A205CA
:10926000A105A105A005A0059F059F059E059E05DA
:109270009D059D059C059C059B059B059A059A05EA
:1092800099059905980598059705970596059605FA
:10929000950595059405940593059305920592050A
:1092A00091059105900590058F058F058E058E051A
:1092B0008D058D058C058C058B058B058A058A052A
:1092C000890589058805880587058705860586053A
:1092D000850585058405840583058305820582054A
:1092E00081058105800580057F057F057E057E055A
:1092F0007D057D057C057C057B057B057A057A056A
:109300007905790578057805770577057605760579
:109310007505750574057405730573057205720589
:1093200071057105700570056F056F056E056E0599
:109330006D056D056C056C056B056B056A056A05A9
:1093400069056905680568056705670566056605B9
:1093500065056505640564056305630562056205C9
:1093600061056105600560055F055F055E055E05D9
:109370005D055D055C055C055B055B055A055A05E9
:1093800059055905580558055705570556055605F9
:109390005505550554055405530553055205520509
:1093A00051055105500550054F054F054E054E0519
:1093B0004D054D054C054C054B054B054A054A0529
:1093C0004905490548054805470547054605460539
:1093D0004505450544054405430543054205420549
:1093E00041054105400540053F053F053E053E0559
:1093F0003D053D053C053C053B053B053A053A0569
:109400003905390538053805370537053605360578
:109410003505350534053405330533053205320588
:1094200031053105300530052F052F052E052E0598
:109430002D052D052C052C052B052B052A052A05A8
:1094400029052905280528052705270526052605B8
:1094500025052505240524052305230522052205C8
:1094600021052105200520051F051F051E051E05D8
:109470001D051D051C051C051B051B051A051A05E8
:1094800019051905180518051705170516051605F8
:109490001505150514051405130513051205120508
:1094A00011051105100510050F050F050E050E0518
:1094B0000D050D050C050C050B050B050A050A0528
:1094C0000905090508050805070507050605060538
:1094D0000505050504050405030503050205020548
:1094E0000105010500050005FF04FF04FE04FE045C
:1094F000FD04FD04FC04FC04FB04FB04FA04FA0470
:10950000F904F904F804F804F704F704F604F6047F
:10951000F504F504F404F404F304F304F204F2048F
:10952000F104F104F004F004EF04EF04EE04EE049F
:10953000ED04ED04EC04EC04EB04EB04EA04EA04AF
:10954000E904E904E804E804E704E704E604E604BF
:10955000E504E504E404E404E304E304E204E204CF
:10956000E104E104E004E004DF04DF04DE04DE04DF
:10957000DD04DD04DC04DC04DB04DB04DA04DA04EF
:10958000D904D904D804D804D704D704D604D604FF
:10959000D504D504D404D404D304D304D204D2040F
:1095A000D104D104D004D004CF04CF04CE04CE041F
:1095B000CD04CD04CC04CC04CB04CB04CA04CA042F
:1095C000C904C904C804C804C704C704C604C6043F
:1095D000C504C504C404C404C304C304C204C2044F
:1095E000C104C104C004C004BF04BF04BE04BE045F
:1095F000BD04BD04BC04BC04BB04BB04BA04BA046F
:10960000B904B904B804B804B704B704B604B6047E
:10961000B504B504B404B404B304B304B204B2048E
:10962000B104B104B004B004AF04AF04AE04AE049E
:10963000AD04AD04AC04AC04AB04AB04AA04AA04AE
:10964000A904A904A804A804A704A704A604A604BE
:10965000A504A504A404A404A304A304A204A204CE
:10966000A104A104A004A0049F049F049E049E04DE
:109670009D049D049C049C049B049B049A049A04EE
:1096800099049904980498049704970496049604FE
:10969000950495049404940493049304920492040E
:1096A00091049104900490048F048F048E048E041E
:1096B0008D048D048C048C048B048B048A048A042E
:1096C000890489048804880487048704860486043E
:1096D000850485048404840483048304820482044E
:1096E00081048104800480047F047F047E047E045E
:1096F0007D047D047C047C047B047B047A047A046E
:10970000790479047804780477047704760476047D
:10971000750475047404740473047304720472048D
:1097200071047104700470046F046F046E046E049D
:109730006D046D046C046C046B046B046A046A04AD
:1097400069046904680468046704670466046604BD
:1097500065046504640464046304630462046204CD
:1097600061046104600460045F045F045E045E04DD
:109770005D045D045C045C045B045B045A045A04ED
:1097800059045904580458045704570456045604FD
:10979000550455045404540453045304520452040D
:1097A00051045104500450044F044F044E044E041D
:1097B0004D044D044C044C044B044B044A044A042D
:1097C000490449044804480447044704460446043D
:1097D000450445044404440443044304420442044D
:1097E00041044104400440043F043F043E043E045D
:1097F0003D043D043C043C043B043B043A043A046D
:10980000390439043804380437043704360436047C
:10981000350435043404340433043304320432048C
:1098200031043104300430042F042F042E042E049C
:109830002D042D042C042C042B042B042A042A04AC
:1098400029042904280428042704270426042604BC
:1098500025042504240424042304230422042204CC
:1098600021042104200420041F041F041E041E04DC
:109870001D041D041C041C041B041B041A041A04EC
:1098800019041904180418041704170416041604FC
:10989000150415041404140413041304120412040C
:1098A00011041104100410040F040F040E040E041C
:1098B0000D040D040C040C040B040B040A040A042C
:1098C000090409040804080407040704060406043C
:1098D000050405040404040403040304020402044C
:1098E0000104010400040004FF03FF03FE03FE0360
:1098F000FD03FD03FC03FC03FB03FB03FA03FA0374
:10990000F903F903F803F803F703F703F603F60383
:10991000F503F503F403F403F303F303F203F20393
:10992000F103F103F003F003EF03EF03EE03EE03A3
:10993000ED03ED03EC03EC03EB03EB03EA03EA03B3
:10994000E903E903E803E803E703E703E603E603C3
:10995000E503E503E403E403E303E303E203E203D3
:10996000E103E103E003E003DF03DF03DE03DE03E3
:10997000DD03DD03DC03DC03DB03DB03DA03DA03F3
:10998000D903D903D803D803D703D703D603D60303
:10999000D503D503D403D403D303D303D203D20313
:1099A000D103D103D003D003CF03CF03CE03CE0323
:1099B000CD03CD03CC03CC03CB03CB03CA03CA0333
:1099C000C903C903C803C803C703C703C603C60343
:1099D000C503C503C403C403C303C303C203C20353
:1099E000C103C103C003C003BF03BF03BE03BE0363
:1099F000BD03BD03BC03BC03BB03BB03BA03BA0373
:109A0000B903B903B803B803B703B703B603B60382
:109A1000B503B503B403B403B303B303B203B20392
:109A2000B103B103B003B003AF03AF03AE03AE03A2
:109A3000AD03AD03AC03AC03AB03AB03AA03AA03B2
:109A4000A903A903A803A803A703A703A603A603C2
:109A5000A503A503A403A403A303A303A203A203D2
:109A6000A103A103A003A0039F039F039E039E03E2
:109A70009D039D039C039C039B039B039A039A03F2
:109A80009903990398039803970397039603960302
:109A90009503950394039403930393039203920312
:109AA00091039103900390038F038F038E038E0322
:109AB0008D038D038C038C038B038B038A038A0332
:109AC0008903890388038803870387038603860342
:109AD0008503850384038403830383038203820352
:109AE00081038103800380037F037F037E037E0362
:109AF0007D037D037C037C037B037B037A037A0372
:109B00007903790378037803770377037603760381
:109B10007503750374037403730373037203720391
:109B200071037103700370036F036F036E036E03A1
:109B30006D036D036C036C036B036B036A036A03B1
:109B400069036903680368036703670366036603C1
:109B500065036503640364036303630362036203D1
:109B600061036103600360035F035F035E035E03E1
:109B70005D035D035C035C035B035B035A035A03F1
:109B80005903590358035803570357035603560301
:109B90005503550354035403530353035203520311
:109BA00051035103500350034F034F034E034E0321
:109BB0004D034D034C034C034B034B034A034A0331
:109BC0004903490348034803470347034603460341
:109BD0004503450344034403430343034203420351
:109BE00041034103400340033F033F033E033E0361
:109BF0003D033D033C033C033B033B033A033A0371
:109C00003903390338033803370337033603360380
:109C10003503350334033403330333033203320390
:109C200031033103300330032F032F032E032E03A0
:109C30002D032D032C032C032B032B032A032A03B0
:109C400029032903280328032703270326032603C0
:109C500025032503240324032303230322032203D0
:109C600021032103200320031F031F031E031E03E0
:109C70001D031D031C031C031B031B031A031A03F0
:109C80001903190318031803170317031603160300
:109C90001503150314031403130313031203120310
:109CA00011031103100310030F030F030E030E0320
:109CB0000D030D030C030C030B030B030A030A0330
:109CC0000903090308030803070307030603060340
:109CD0000503050304030403030303030203020350
:109CE0000103010300030003FF02FF02FE02FE0264
:109CF000FD02FD02FC02FC02FB02FB02FA02FA0278
:109D0000F902F902F802F802F702F702F602F60287
:109D1000F502F502F402F402F302F302F202F20297
:109D2000F102F102F002F002EF02EF02EE02EE02A7
:109D3000ED02ED02EC02EC02EB02EB02EA02EA02B7
:109D4000E902E902E802E802E702E702E602E602C7
:109D5000E502E502E402E402E302E302E202E202D7
:109D6000E102E102E002E002DF02DF02DE02DE02E7
:109D7000DD02DD02DC02DC02DB02DB02DA02DA02F7
:109D8000D902D902D802D802D702D702D602D60207
:109D9000D502D502D402D402D302D302D202D20217
:109DA000D102D102D002D002CF02CF02CE02CE0227
:109DB000CD02CD02CC02CC02CB02CB02CA02CA0237
:109DC000C902C902C802C802C702C702C602C60247
:109DD000C502C502C402C402C302C302C202C20257
:109DE000C102C102C002C002BF02BF02BE02BE0267
:109DF000BD02BD02BC02BC02BB02BB02BA02BA0277
:109E0000B902B902B802B802B702B702B602B60286
:109E1000B502B502B402B402B302B302B202B20296
:109E2000B102B102B002B002AF02AF02AE02AE02A6
:109E3000AD02AD02AC02AC02AB02AB02AA02AA02B6
:109E4000A902A902A802A802A702A702A602A602C6
:109E5000A502A502A402A402A302A302A202A202D6
:109E6000A102A102A002A0029F029F029E029E02E6
:109E70009D029D029C029C029B029B029A029A02F6
:109E80009902990298029802970297029602960206
:109E90009502950294029402930293029202920216
:109EA00091029102900290028F028F028E028E0226
:109EB0008D028D028C028C028B028B028A028A0236
:109EC0008902890288028802870287028602860246
:109ED0008502850284028402830283028202820256
:109EE00081028102800280027F027F027E027E0266
:109EF0007D027D027C027C027B027B027A027A0276
:109F00007902790278027802770277027602760285
:109F10007502750274027402730273027202720295
:109F200071027102700270026F026F026E026E02A5
:109F30006D026D026C026C026B026B026A026A02B5
:109F400069026902680268026702670266026602C5
:109F500065026502640264026302630262026202D5
:109F600061026102600260025F025F025E025E02E5
:109F70005D025D025C025C025B025B025A025A02F5
:109F80005902590258025802570257025602560205
:109F90005502550254025402530253025202520215
:109FA00051025102500250024F024F024E024E0225
:109FB0004D024D024C024C024B024B024A024A0235
:109FC0004902490248024802470247024602460245
:109FD0004502450244024402430243024202420255
:109FE00041024102400240023F023F023E023E0265
:109FF0003D023D023C023C023B023B023A023A0275
:10A000003902390238023802370237023602360284
:10A010003502350234023402330233023202320294
:10A0200031023102300230022F022F022E022E02A4
:10A030002D022D022C022C022B022B022A022A02B4
:10A0400029022902280228022702270226022602C4
:10A0500025022502240224022302230222022202D4
:10A0600021022102200220021F021F021E021E02E4
:10A070001D021D021C021C021B021B021A021A02F4
:10A080001902190218021802170217021602160204
:10A090001502150214021402130213021202120214
:10A0A00011021102100210020F020F020E020E0224
:10A0B0000D020D020C020C020B020B020A020A0234
:10A0C0000902090208020802070207020602060244
:10A0D0000502050204020402030203020202020254
:10A0E0000102010200020002FF01FF01FE01FE0168
:10A0F000FD01FD01FC01FC01FB01FB01FA01FA017C
:10A10000F901F901F801F801F701F701F601F6018B
:10A11000F501F501F401F401F301F301F201F2019B
:10A12000F101F101F001F001EF01EF01EE01EE01AB
:10A13000ED01ED01EC01EC01EB01EB01EA01EA01BB
:10A14000E901E901E801E801E701E701E601E601CB
:10A15000E501E501E401E401E301E301E201E201DB
:10A16000E101E101E001E001DF01DF01DE01DE01EB
:10A17000DD01DD01DC01DC01DB01DB01DA01DA01FB
:10A18000D901D901D801D801D701D701D601D6010B
:10A19000D501D501D401D401D301D301D201D2011B
:10A1A000D101D101D001D001CF01CF01CE01CE012B
:10A1B000CD01CD01CC01CC01CB01CB01CA01CA013B
:10A1C000C901C901C801C801C701C701C601C6014B
:10A1D000C501C501C401C401C301C301C201C2015B
:10A1E000C101C101C001C001BF01BF01BE01BE016B
:10A1F000BD01BD01BC01BC01BB01BB01BA01BA017B
:10A20000B901B901B801B801B701B701B601B6018A
:10A21000B501B501B401B401B301B301B201B2019A
:10A22000B101B101B001B001AF01AF01AE01AE01AA
:10A23000AD01AD01AC01AC01AB01AB01AA01AA01BA
:10A24000A901A901A801A801A701A701A601A601CA
:10A25000A501A501A401A401A301A301A201A201DA
:10A26000A101A101A001A0019F019F019E019E01EA
:10A270009D019D019C019C019B019B019A019A01FA
:10A28000990199019801980197019701960196010A
:10A29000950195019401940193019301920192011A
:10A2A00091019101900190018F018F018E018E012A
:10A2B0008D018D018C018C018B018B018A018A013A
:10A2C000890189018801880187018701860186014A
:10A2D000850185018401840183018301820182015A
:10A2E00081018101800180017F017F017E017E016A
:10A2F0007D017D017C017C017B017B017A017A017A
:10A300007901790178017801770177017601760189
:10A310007501750174017401730173017201720199
:10A3200071017101700170016F016F016E016E01A9
:10A330006D016D016C016C016B016B016A016A01B9
:10A3400069016901680168016701670166016601C9
:10A3500065016501640164016301630162016201D9
:10A3600061016101600160015F015F015E015E01E9
:10A370005D015D015C015C015B015B015A015A01F9
:10A380005901590158015801570157015601560109
:10A390005501550154015401530153015201520119
:10A3A00051015101500150014F014F014E014E0129
:10A3B0004D014D014C014C014B014B014A014A0139
:10A3C0004901490148014801470147014601460149
:10A3D0004501450144014401430143014201420159
:10A3E00041014101400140013F013F013E013E0169
:10A3F0003D013D013C013C013B013B013A013A0179
:10A400003901390138013801370137013601360188
:10A410003501350134013401330133013201320198
:10A4200031013101300130012F012F012E012E01A8
:10A430002D012D012C012C012B012B012A012A01B8
:10A4400029012901280128012701270126012601C8
:10A4500025012501240124012301230122012201D8
:10A4600021012101200120011F011F011E011E01E8
:10A470001D011D011C011C011B011B011A011A01F8
:10A480001901190118011801170117011601160108
:10A490001501150114011401130113011201120118
:10A4A00011011101100110010F010F010E010E0128
:10A4B0000D010D010C010C010B010B010A010A0138
:10A4C0000901090108010801070107010601060148
:10A4D0000501050104010401030103010201020158
:10A4E0000101010100010001FF00FF00FE00FE006C
:10A4F000FD00FD00FC00FC00FB00FB00FA00FA0080
:10A50000F900F900F800F800F700F700F600F6008F
:10A51000F500F500F400F400F300F300F200F2009F
:10A52000F100F100F000F000EF00EF00EE00EE00AF
:10A53000ED00ED00EC00EC00EB00EB00EA00EA00BF
:10A54000E900E900E800E800E700E700E600E600CF
:10A55000E500E500E400E400E300E300E200E200DF
:10A56000E100E100E000E000DF00DF00DE00DE00EF
:10A57000DD00DD00DC00DC00DB00DB00DA00DA00FF
:10A58000D900D900D800D800D700D700D600D6000F
:10A59000D500D500D400D400D300D300D200D2001F
:10A5A000D100D100D000D000CF00CF00CE00CE002F
:10A5B000CD00CD00CC00CC00CB00CB00CA00CA003F
:10A5C000C900C900C800C800C700C700C600C6004F
:10A5D000C500C500C400C400C300C300C200C2005F
:10A5E000C100C100C000C000BF00BF00BE00BE006F
:10A5F000BD00BD00BC00BC00BB00BB00BA00BA007F
:10A60000B900B900B800B800B700B700B600B6008E
:10A61000B500B500B400B400B300B300B200B2009E
:10A62000B100B100B000B000AF00AF00AE00AE00AE
:10A63000AD00AD00AC00AC00AB00AB00AA00AA00BE
:10A64000A900A900A800A800A700A700A600A600CE
:10A65000A500A500A400A400A300A300A200A200DE
:10A66000A100A100A000A0009F009F009E009E00EE
:10A670009D009D009C009C009B009B009A009A00FE
:10A68000990099009800980097009700960096000E
:10A69000950095009400940093009300920092001E
:10A6A00091009100900090008F008F008E008E002E
:10A6B0008D008D008C008C008B008B008A008A003E
:10A6C000890089008800880087008700860086004E
:10A6D000850085008400840083008300820082005E
:10A6E00081008100800080007F007F007E007E006E
:10A6F0007D007D007C007C007B007B007A007A007E
:10A70000790079007800780077007700760076008D
:10A71000750075007400740073007300720072009D
:10A7200071007100700070006F006F006E006E00AD
:10A730006D006D006C006C006B006B006A006A00BD
:10A7400069006900680068006700670066006600CD
:10A7500065006500640064006300630062006200DD
:10A7600061006100600060005F005F005E005E00ED
:10A770005D005D005C005C005B005B005A005A00FD
:10A78000590059005800580057005700560056000D
:10A79000550055005400540053005300520052001D
:10A7A00051005100500050004F004F004E004E002D
:10A7B0004D004D004C004C004B004B004A004A003D
:10A7C000490049004800480047004700460046004D
:10A7D000450045004400440043004300420042005D
:10A7E00041004100400040003F003F003E003E006D
:10A7F0003D003D003C003C003B003B003A003A007D
:10A80000390039003800380037003700360036008C
:10A81000350035003400340033003300320032009C
:10A8200031003100300030002F002F002E002E00AC
:10A830002D002D002C002C002B002B002A002A00BC
:10A8400029002900280028002700270026002600CC
:10A8500025002500240024002300230022002200DC
:10A8600021002100200020001F001F001E001E00EC
:10A870001D001D001C001C001B001B001A001A00FC
:10A88000190019001800180017001700160016000C
:10A89000150015001400140013001300120012001C
:10A8A00011001100100010000F000F000E000E002C
:10A8B0000D000D000C000C000B000B000A000A003C
:10A8C000090009000800080007000700060006004C
:10A8D000050005000400040003000300020002005C
:10A8E0000100010000000000000000000000010065
:10A8F0000100020002000300030004000400050040
:10A90000050006000600070007000800080009000F
:10A9100009000A000A000B000B000C000C000D00DF
:10A920000D000E000E000F000F00100010001100AF
:10A93000110012001200130013001400140015007F
:10A94000150016001600170017001800180019004F
:10A9500019001A001A001B001B001C001C001D001F
:10A960001D001E001E001F001F00200020002100EF
:10A9700021002200220023002300240024002500BF
:10A98000250026002600270027002800280029008F
:10A9900029002A002A002B002B002C002C002D005F
:10A9A0002D002E002E002F002F003000300031002F
:10A9B00031003200320033003300340034003500FF
:10A9C00035003600360037003700380038003900CF
:10A9D00039003A003A003B003B003C003C003D009F
:10A9E0003D003E003E003F003F004000400041006F
:10A9F000410042004200430043004400440045003F
:10AA0000450046004600470047004800480049000E
:10AA100049004A004A004B004B004C004C004D00DE
:10AA20004D004E004E004F004F00500050005100AE
:10AA3000510052005200530053005400540055007E
:10AA4000550056005600570057005800580059004E
:10AA500059005A005A005B005B005C005C005D001E
:10AA60005D005E005E005F005F00600060006100EE
:10AA700061006200620063006300640064006500BE
:10AA8000650066006600670067006800680069008E
:10AA900069006A006A006B006B006C006C006D005E
:10AAA0006D006E006E006F006F007000700071002E
:10AAB00071007200720073007300740074007500FE
:10AAC00075007600760077007700780078007900CE
:10AAD00079007A007A007B007B007C007C007D009E
:10AAE0007D007E007E007F007F008000800081006E
:10AAF000810082008200830083008400840085003E
:10AB0000850086008600870087008800880089000D
:10AB100089008A008A008B008B008C008C008D00DD
:10AB20008D008E008E008F008F00900090009100AD
:10AB3000910092009200930093009400940095007D
:10AB4000950096009600970097009800980099004D
:10AB500099009A009A009B009B009C009C009D001D
:10AB60009D009E009E009F009F00A000A000A100ED
:10AB7000A100A200A200A300A300A400A400A500BD
:10AB8000A500A600A600A700A700A800A800A9008D
:10AB9000A900AA00AA00AB00AB00AC00AC00AD005D
:10ABA000AD00AE00AE00AF00AF00B000B000B1002D
:10ABB000B100B200B200B300B300B400B400B500FD
:10ABC000B500B600B600B700B700B800B800B900CD
:10ABD000B900BA00BA00BB00BB00BC00BC00BD009D
:10ABE000BD00BE00BE00BF00BF00C000C000C1006D
:10ABF000C100C200C200C300C300C400C400C5003D
:10AC0000C500C600C600C700C700C800C800C9000C
:10AC1000C900CA00CA00CB00CB00CC00CC00CD00DC
:10AC2000CD00CE00CE00CF00CF00D000D000D100AC
:10AC3000D100D200D200D300D300D400D400D5007C
:10AC4000D500D600D600D700D700D800D800D9004C
:10AC5000D900DA00DA00DB00DB00DC00DC00DD001C
:10AC6000DD00DE00DE00DF00DF00E000E000E100EC
:10AC7000E100E200E200E300E300E400E400E500BC
:10AC8000E500E600E600E700E700E800E800E9008C
:10AC9000E900EA00EA00EB00EB00EC00EC00ED005C
:10ACA000ED00EE00EE00EF00EF00F000F000F1002C
:10ACB000F100F200F200F300F300F400F400F500FC
:10ACC000F500F600F600F700F700F800F800F900CC
:10ACD000F900FA00FA00FB00FB00FC00FC00FD009C
:10ACE000FD00FE00FE00FF00FF0000010001010169
:10ACF0000101020102010301030104010401050134
:10AD00000501060106010701070108010801090103
:10AD100009010A010A010B010B010C010C010D01D3
:10AD20000D010E010E010F010F01100110011101A3
:10AD30001101120112011301130114011401150173
:10AD40001501160116011701170118011801190143
:10AD500019011A011A011B011B011C011C011D0113
:10AD60001D011E011E011F011F01200120012101E3
:10AD700021012201220123012301240124012501B3
:10AD80002501260126012701270128012801290183
:10AD900029012A012A012B012B012C012C012D0153
:10ADA0002D012E012E012F012F0130013001310123
:10ADB00031013201320133013301340134013501F3
:10ADC00035013601360137013701380138013901C3
:10ADD00039013A013A013B013B013C013C013D0193
:10ADE0003D013E013E013F013F0140014001410163
:10ADF0004101420142014301430144014401450133
:10AE00004501460146014701470148014801490102
:10AE100049014A014A014B014B014C014C014D01D2
:10AE20004D014E014E014F014F01500150015101A2
:10AE30005101520152015301530154015401550172
:10AE40005501560156015701570158015801590142
:10AE500059015A015A015B015B015C015C015D0112
:10AE60005D015E015E015F015F01600160016101E2
:10AE700061016201620163016301640164016501B2
:10AE80006501660166016701670168016801690182
:10AE900069016A016A016B016B016C016C016D0152
:10AEA0006D016E016E016F016F0170017001710122
:10AEB00071017201720173017301740174017501F2
:10AEC00075017601760177017701780178017901C2
:10AED00079017A017A017B017B017C017C017D0192
:10AEE0007D017E017E017F017F0180018001810162
:10AEF0008101820182018301830184018401850132
:10AF00008501860186018701870188018801890101
:10AF100089018A018A018B018B018C018C018D01D1
:10AF20008D018E018E018F018F01900190019101A1
:10AF30009101920192019301930194019401950171
:10AF40009501960196019701970198019801990141
:10AF500099019A019A019B019B019C019C019D0111
:10AF60009D019E019E019F019F01A001A001A101E1
:10AF7000A101A201A201A301A301A401A401A501B1
:10AF8000A501A601A601A701A701A801A801A90181
:10AF9000A901AA01AA01AB01AB01AC01AC01AD0151
:10AFA000AD01AE01AE01AF01AF01B001B001B10121
:10AFB000B101B201B201B301B301B401B401B501F1
:10AFC000B501B601B601B701B701B801B801B901C1
:10AFD000B901BA01BA01BB01BB01BC01BC01BD0191
:10AFE000BD01BE01BE01BF01BF01C001C001C10161
:10AFF000C101C201C201C301C301C401C401C50131
:10B00000C501C601C601C701C701C801C801C90100
:10B01000C901CA01CA01CB01CB01CC01CC01CD01D0
:10B02000CD01CE01CE01CF01CF01D001D001D101A0
:10B03000D101D201D201D301D301D401D401D50170
:10B04000D501D601D601D701D701D801D801D90140
:10B05000D901DA01DA01DB01DB01DC01DC01DD0110
:10B06000DD01DE01DE01DF01DF01E001E001E101E0
:10B07000E101E201E201E301E301E401E401E501B0
:10B08000E501E601E601E701E701E801E801E90180
:10B09000E901EA01EA01EB01EB01EC01EC01ED0150
:10B0A000ED01EE01EE01EF01EF01F001F001F10120
:10B0B000F101F201F201F301F301F401F401F501F0
:10B0C000F501F601F601F701F701F801F801F901C0
:10B0D000F901FA01FA01FB01FB01FC01FC01FD0190
:10B0E000FD01FE01FE01FF01FF010002000201025D
:10B0F0000102020202020302030204020402050228
:10B1000005020602060207020702080208020902F7
:10B1100009020A020A020B020B020C020C020D02C7
:10B120000D020E020E020F020F0210021002110297
:10B130001102120212021302130214021402150267
:10B140001502160216021702170218021802190237
:10B1500019021A021A021B021B021C021C021D0207
:10B160001D021E021E021F021F02200220022102D7
:10B1700021022202220223022302240224022502A7
:10B180002502260226022702270228022802290277
:10B1900029022A022A022B022B022C022C022D0247
:10B1A0002D022E022E022F022F0230023002310217
:10B1B00031023202320233023302340234023502E7
:10B1C00035023602360237023702380238023902B7
:10B1D00039023A023A023B023B023C023C023D0287
:10B1E0003D023E023E023F023F0240024002410257
:10B1F0004102420242024302430244024402450227
:10B2000045024602460247024702480248024902F6
:10B2100049024A024A024B024B024C024C024D02C6
:10B220004D024E024E024F024F0250025002510296
:10B230005102520252025302530254025402550266
:10B240005502560256025702570258025802590236
:10B2500059025A025A025B025B025C025C025D0206
:10B260005D025E025E025F025F02600260026102D6
:10B2700061026202620263026302640264026502A6
:10B280006502660266026702670268026802690276
:10B2900069026A026A026B026B026C026C026D0246
:10B2A0006D026E026E026F026F0270027002710216
:10B2B00071027202720273027302740274027502E6
:10B2C00075027602760277027702780278027902B6
:10B2D00079027A027A027B027B027C027C027D0286
:10B2E0007D027E027E027F027F0280028002810256
:10B2F0008102820282028302830284028402850226
:10B3000085028602860287028702880288028902F5
:10B3100089028A028A028B028B028C028C028D02C5
:10B320008D028E028E028F028F0290029002910295
:10B330009102920292029302930294029402950265
:10B340009502960296029702970298029802990235
:10B3500099029A029A029B029B029C029C029D0205
:10B360009D029E029E029F029F02A002A002A102D5
:10B37000A102A202A202A302A302A402A402A502A5
:10B38000A502A602A602A702A702A802A802A90275
:10B39000A902AA02AA02AB02AB02AC02AC02AD0245
:10B3A000AD02AE02AE02AF02AF02B002B002B10215
:10B3B000B102B202B202B302B302B402B402B502E5
:10B3C000B502B602B602B702B702B802B802B902B5
:10B3D000B902BA02BA02BB02BB02BC02BC02BD0285
:10B3E000BD02BE02BE02BF02BF02C002C002C10255
:10B3F000C102C202C202C302C302C402C402C50225
:10B40000C502C602C602C702C702C802C802C902F4
:10B41000C902CA02CA02CB02CB02CC02CC02CD02C4
:10B42000CD02CE02CE02CF02CF02D002D002D10294
:10B43000D102D202D202D302D302D402D402D50264
:10B44000D502D602D602D702D702D802D802D90234
:10B45000D902DA02DA02DB02DB02DC02DC02DD0204
:10B46000DD02DE02DE02DF02DF02E002E002E102D4
:10B47000E102E202E202E302E302E402E402E502A4
:10B48000E502E602E602E702E702E802E802E90274
:10B49000E902EA02EA02EB02EB02EC02EC02ED0244
:10B4A000ED02EE02EE02EF02EF02F002F002F10214
:10B4B000F102F202F202F302F302F402F402F502E4
:10B4C000F502F602F602F702F702F802F802F902B4
:10B4D000F902FA02FA02FB02FB02FC02FC02FD0284
:10B4E000FD02FE02FE02FF02FF0200030003010351
:10B4F000010302030203030303030403040305031C
:10B5000005030603060307030703080308030903EB
:10B5100009030A030A030B030B030C030C030D03BB
:10B520000D030E030E030F030F031003100311038B
:10B53000110312031203130313031403140315035B
:10B54000150316031603170317031803180319032B
:10B5500019031A031A031B031B031C031C031D03FB
:10B560001D031E031E031F031F03200320032103CB
:10B57000210322032203230323032403240325039B
:10B58000250326032603270327032803280329036B
:10B5900029032A032A032B032B032C032C032D033B
:10B5A0002D032E032E032F032F033003300331030B
:10B5B00031033203320333033303340334033503DB
:10B5C00035033603360337033703380338033903AB
:10B5D00039033A033A033B033B033C033C033D037B
:10B5E0003D033E033E033F033F034003400341034B
:10B5F000410342034203430343034403440345031B
:10B6000045034603460347034703480348034903EA
:10B6100049034A034A034B034B034C034C034D03BA
:10B620004D034E034E034F034F035003500351038A
:10B63000510352035203530353035403540355035A
:10B64000550356035603570357035803580359032A
:10B6500059035A035A035B035B035C035C035D03FA
:10B660005D035E035E035F035F03600360036103CA
:10B67000610362036203630363036403640365039A
:10B68000650366036603670367036803680369036A
:10B6900069036A036A036B036B036C036C036D033A
:10B6A0006D036E036E036F036F037003700371030A
:10B6B00071037203720373037303740374037503DA
:10B6C00075037603760377037703780378037903AA
:10B6D00079037A037A037B037B037C037C037D037A
:10B6E0007D037E037E037F037F038003800381034A
:10B6F000810382038203830383038403840385031A
:10B7000085038603860387038703880388038903E9
:10B7100089038A038A038B038B038C038C038D03B9
:10B720008D038E038E038F038F0390039003910389
:10B730009103920392039303930394039403950359
:10B740009503960396039703970398039803990329
:10B7500099039A039A039B039B039C039C039D03F9
:10B760009D039E039E039F039F03A003A003A103C9
:10B77000A103A203A203A303A303A403A403A50399
:10B78000A503A603A603A703A703A803A803A90369
:10B79000A903AA03AA03AB03AB03AC03AC03AD0339
:10B7A000AD03AE03AE03AF03AF03B003B003B10309
:10B7B000B103B203B203B303B303B403B403B503D9
:10B7C000B503B603B603B703B703B803B803B903A9
:10B7D000B903BA03BA03BB03BB03BC03BC03BD0379
:10B7E000BD03BE03BE03BF03BF03C003C003C10349
:10B7F000C103C203C203C303C303C403C403C50319
:10B80000C503C603C603C703C703C803C803C903E8
:10B81000C903CA03CA03CB03CB03CC03CC03CD03B8
:10B82000CD03CE03CE03CF03CF03D003D003D10388
:10B83000D103D203D203D303D303D403D403D50358
:10B84000D503D603D603D703D703D803D803D90328
:10B85000D903DA03DA03DB03DB03DC03DC03DD03F8
:10B86000DD03DE03DE03DF03DF03E003E003E103C8
:10B87000E103E203E203E303E303E403E403E50398
:10B88000E503E603E603E703E703E803E803E90368
:10B89000E903EA03EA03EB03EB03EC03EC03ED0338
:10B8A000ED03EE03EE03EF03EF03F003F003F10308
:10B8B000F103F203F203F303F303F403F403F503D8
:10B8C000F503F603F603F703F703F803F803F903A8
:10B8D000F903FA03FA03FB03FB03FC03FC03FD0378
:10B8E000FD03FE03FE03FF03FF0300040004010445
:10B8F0000104020402040304030404040404050410
:10B9000005040604060407040704080408040904DF
:10B9100009040A040A040B040B040C040C040D04AF
:10B920000D040E040E040F040F041004100411047F
:10B93000110412041204130413041404140415044F
:10B94000150416041604170417041804180419041F
:10B9500019041A041A041B041B041C041C041D04EF
:10B960001D041E041E041F041F04200420042104BF
:10B97000210422042204230423042404240425048F
:10B98000250426042604270427042804280429045F
:10B9900029042A042A042B042B042C042C042D042F
:10B9A0002D042E042E042F042F04300430043104FF
:10B9B00031043204320433043304340434043504CF
:10B9C000350436043604370437043804380439049F
:10B9D00039043A043A043B043B043C043C043D046F
:10B9E0003D043E043E043F043F044004400441043F
:10B9F000410442044204430443044404440445040F
:10BA000045044604460447044704480448044904DE
:10BA100049044A044A044B044B044C044C044D04AE
:10BA20004D044E044E044F044F045004500451047E
:10BA3000510452045204530453045404540455044E
:10BA4000550456045604570457045804580459041E
:10BA500059045A045A045B045B045C045C045D04EE
:10BA60005D045E045E045F045F04600460046104BE
:10BA7000610462046204630463046404640465048E
:10BA8000650466046604670467046804680469045E
:10BA900069046A046A046B046B046C046C046D042E
:10BAA0006D046E046E046F046F04700470047104FE
:10BAB00071047204720473047304740474047504CE
:10BAC000750476047604770477047804780479049E
:10BAD00079047A047A047B047B047C047C047D046E
:10BAE0007D047E047E047F047F048004800481043E
:10BAF000810482048204830483048404840485040E
:10BB000085048604860487048704880488048904DD
:10BB100089048A048A048B048B048C048C048D04AD
:10BB20008D048E048E048F048F049004900491047D
:10BB3000910492049204930493049404940495044D
:10BB4000950496049604970497049804980499041D
:10BB500099049A049A049B049B049C049C049D04ED
:10BB60009D049E049E049F049F04A004A004A104BD
:10BB7000A104A204A204A304A304A404A404A5048D
:10BB8000A504A604A604A704A704A804A804A9045D
:10BB9000A904AA04AA04AB04AB04AC04AC04AD042D
:10BBA000AD04AE04AE04AF04AF04B004B004B104FD
:10BBB000B104B204B204B304B304B404B404B504CD
:10BBC000B504B604B604B704B704B804B804B9049D
:10BBD000B904BA04BA04BB04BB04BC04BC04BD046D
:10BBE000BD04BE04BE04BF04BF04C004C004C1043D
:10BBF000C104C204C204C304C304C404C404C5040D
:10BC0000C504C604C604C704C704C804C804C904DC
:10BC1000C904CA04CA04CB04CB04CC04CC04CD04AC
:10BC2000CD04CE04CE04CF04CF04D004D004D1047C
:10BC3000D104D204D204D304D304D404D404D5044C
:10BC4000D504D604D604D704D704D804D804D9041C
:10BC5000D904DA04DA04DB04DB04DC04DC04DD04EC
:10BC6000DD04DE04DE04DF04DF04E004E004E104BC
:10BC7000E104E204E204E304E304E404E404E5048C
:10BC8000E504E604E604E704E704E804E804E9045C
:10BC9000E904EA04EA04EB04EB04EC04EC04ED042C
:10BCA000ED04EE04EE04EF04EF04F004F004F104FC
:10BCB000F104F204F204F304F304F404F404F504CC
:10BCC000F504F604F604F704F704F804F804F9049C
:10BCD000F904FA04FA04FB04FB04FC04FC04FD046C
:10BCE000FD04FE04FE04FF04FF0400050005010539
:10BCF0000105020502050305030504050405050504
:10BD000005050605060507050705080508050905D3
:10BD100009050A050A050B050B050C050C050D05A3
:10BD20000D050E050E050F050F0510051005110573
:10BD30001105120512051305130514051405150543
:10BD40001505160516051705170518051805190513
:10BD500019051A051A051B051B051C051C051D05E3
:10BD60001D051E051E051F051F05200520052105B3
:10BD70002105220522052305230524052405250583
:10BD80002505260526052705270528052805290553
:10BD900029052A052A052B052B052C052C052D0523
:10BDA0002D052E052E052F052F05300530053105F3
:10BDB00031053205320533053305340534053505C3
:10BDC0003505360536053705370538053805390593
:10BDD00039053A053A053B053B053C053C053D0563
:10BDE0003D053E053E053F053F0540054005410533
:10BDF0004105420542054305430544054405450503
:10BE000045054605460547054705480548054905D2
:10BE100049054A054A054B054B054C054C054D05A2
:10BE20004D054E054E054F054F0550055005510572
:10BE30005105520552055305530554055405550542
:10BE40005505560556055705570558055805590512
:10BE500059055A055A055B055B055C055C055D05E2
:10BE60005D055E055E055F055F05600560056105B2
:10BE70006105620562056305630564056405650582
:10BE80006505660566056705670568056805690552
:10BE900069056A056A056B056B056C056C056D0522
:10BEA0006D056E056E056F056F05700570057105F2
:10BEB00071057205720573057305740574057505C2
:10BEC0007505760576057705770578057805790592
:10BED00079057A057A057B057B057C057C057D0562
:10BEE0007D057E057E057F057F0580058005810532
:10BEF0008105820582058305830584058405850502
:10BF000085058605860587058705880588058905D1
:10BF100089058A058A058B058B058C058C058D05A1
:10BF20008D058E058E058F058F0590059005910571
:10BF30009105920592059305930594059405950541
:10BF40009505960596059705970598059805990511
:10BF500099059A059A059B059B059C059C059D05E1
:10BF60009D059E059E059F059F05A005A005A105B1
:10BF7000A105A205A205A305A305A405A405A50581
:10BF8000A505A605A605A705A705A805A805A90551
:10BF9000A905AA05AA05AB05AB05AC05AC05AD0521
:10BFA000AD05AE05AE05AF05AF05B005B005B105F1
:10BFB000B105B205B205B305B305B405B405B505C1
:10BFC000B505B605B605B705B705B805B805B90591
:10BFD000B905BA05BA05BB05BB05BC05BC05BD0561
:10BFE000BD05BE05BE05BF05BF05C005C005C10531
:10BFF000C105C205C205C305C305C405C405C50501
:10C00000C505C605C605C705C705C805C805C905D0
:10C01000C905CA05CA05CB05CB05CC05CC05CD05A0
:10C02000CD05CE05CE05CF05CF05D005D005D10570
:10C03000D105D205D205D305D305D405D405D50540
:10C04000D505D605D605D705D705D805D805D90510
:10C05000D905DA05DA05DB05DB05DC05DC05DD05E0
:10C06000DD05DE05DE05DF05DF05E005E005E105B0
:10C07000E105E205E205E305E305E405E405E50580
:10C08000E505E605E605E705E705E805E805E90550
:10C09000E905EA05EA05EB05EB05EC05EC05ED0520
:10C0A000ED05EE05EE05EF05EF05F005F005F105F0
:10C0B000F105F205F205F305F305F405F405F505C0
:10C0C000F505F605F605F705F705F805F805F90590
:10C0D000F905FA05FA05FB05FB05FC05FC05FD0560
:10C0E000FD05FE05FE05FF05FF050006000601062D
:10C0F00001060206020603060306040604060506F8
:10C1000005060606060607060706080608060906C7
:10C1100009060A060A060B060B060C060C060D0697
:10C120000D060E060E060F060F0610061006110667
:10C130001106120612061306130614061406150637
:10C140001506160616061706170618061806190607
:10C1500019061A061A061B061B061C061C061D06D7
:10C160001D061E061E061F061F06200620062106A7
:10C170002106220622062306230624062406250677
:10C180002506260626062706270628062806290647
:10C1900029062A062A062B062B062C062C062D0617
:10C1A0002D062E062E062F062F06300630063106E7
:10C1B00031063206320633063306340634063506B7
:10C1C0003506360636063706370638063806390687
:10C1D00039063A063A063B063B063C063C063D0657
:10C1E0003D063E063E063F063F0640064006410627
:10C1F00041064206420643064306440644064506F7
:10C2000045064606460647064706480648064906C6
:10C2100049064A064A064B064B064C064C064D0696
:10C220004D064E064E064F064F0650065006510666
:10C230005106520652065306530654065406550636
:10C240005506560656065706570658065806590606
:10C2500059065A065A065B065B065C065C065D06D6
:10C260005D065E065E065F065F06600660066106A6
:10C270006106620662066306630664066406650676
:10C280006506660666066706670668066806690646
:10C2900069066A066A066B066B066C066C066D0616
:10C2A0006D066E066E066F066F06700670067106E6
:10C2B00071067206720673067306740674067506B6
:10C2C0007506760676067706770678067806790686
:10C2D00079067A067A067B067B067C067C067D0656
:10C2E0007D067E067E067F067F0680068006810626
:10C2F00081068206820683068306840684068506F6
:10C3000085068606860687068706880688068906C5
:10C3100089068A068A068B068B068C068C068D0695
:10C320008D068E068E068F068F0690069006910665
:10C330009106920692069306930694069406950635
:10C340009506960696069706970698069806990605
:10C3500099069A069A069B069B069C069C069D06D5
:10C360009D069E069E069F069F06A006A006A106A5
:10C37000A106A206A206A306A306A406A406A50675
:10C38000A506A606A606A706A706A806A806A90645
:10C39000A906AA06AA06AB06AB06AC06AC06AD0615
:10C3A000AD06AE06AE06AF06AF06B006B006B106E5
:10C3B000B106B206B206B306B306B406B406B506B5
:10C3C000B506B606B606B706B706B806B806B90685
:10C3D000B906BA06BA06BB06BB06BC06BC06BD0655
:10C3E000BD06BE06BE06BF06BF06C006C006C10625
:10C3F000C106C206C206C306C306C406C406C506F5
:10C40000C506C606C606C706C706C806C806C906C4
:10C41000C906CA06CA06CB06CB06CC06CC06CD0694
:10C42000CD06CE06CE06CF06CF06D006D006D10664
:10C43000D106D206D206D306D306D406D406D50634
:10C44000D506D606D606D706D706D806D806D90604
:10C45000D906DA06DA06DB06DB06DC06DC06DD06D4
:10C46000DD06DE06DE06DF06DF06E006E006E106A4
:10C47000E106E206E206E306E306E406E406E50674
:10C48000E506E606E606E706E706E806E806E90644
:10C49000E906EA06EA06EB06EB06EC06EC06ED0614
:10C4A000ED06EE06EE06EF06EF06F006F006F106E4
:10C4B000F106F206F206F306F306F406F406F506B4
:10C4C000F506F606F606F706F706F806F806F90684
:10C4D000F906FA06FA06FB06FB06FC06FC06FD0654
:10C4E000FD06FE06FE06FF06FF0600070007010721
:10C4F00001070207020703070307040704070507EC
:10C5000005070607060707070707080708070907BB
:10C5100009070A070A070B070B070C070C070D078B
:10C520000D070E070E070F070F071007100711075B
:10C53000110712071207130713071407140715072B
:10C5400015071607160717071707180718071907FB
:10C5500019071A071A071B071B071C071C071D07CB
:10C560001D071E071E071F071F072007200721079B
:10C57000210722072207230723072407240725076B
:10C58000250726072607270727072807280729073B
:10C5900029072A072A072B072B072C072C072D070B
:10C5A0002D072E072E072F072F07300730073107DB
:10C5B00031073207320733073307340734073507AB
:10C5C000350736073607370737073807380739077B
:10C5D00039073A073A073B073B073C073C073D074B
:10C5E0003D073E073E073F073F074007400741071B
:10C5F00041074207420743074307440744074507EB
:10C6000045074607460747074707480748074907BA
:10C6100049074A074A074B074B074C074C074D078A
:10C620004D074E074E074F074F075007500751075A
:10C63000510752075207530753075407540755072A
:10C6400055075607560757075707580758075907FA
:10C6500059075A075A075B075B075C075C075D07CA
:10C660005D075E075E075F075F076007600761079A
:10C67000610762076207630763076407640765076A
:10C68000650766076607670767076807680769073A
:10C6900069076A076A076B076B076C076C076D070A
:10C6A0006D076E076E076F076F07700770077107DA
:10C6B00071077207720773077307740774077507AA
:10C6C000750776077607770777077807780779077A
:10C6D00079077A077A077B077B077C077C077D074A
:10C6E0007D077E077E077F077F078007800781071A
:10C6F00081078207820783078307840784078507EA
:10C7000085078607860787078707880788078907B9
:10C7100089078A078A078B078B078C078C078D0789
:10C720008D078E078E078F078F0790079007910759
:10C730009107920792079307930794079407950729
:10C7400095079607960797079707980798079907F9
:10C7500099079A079A079B079B079C079C079D07C9
:10C760009D079E079E079F079F07A007A007A10799
:10C77000A107A207A207A307A307A407A407A50769
:10C78000A507A607A607A707A707A807A807A90739
:10C79000A907AA07AA07AB07AB07AC07AC07AD0709
:10C7A000AD07AE07AE07AF07AF07B007B007B107D9
:10C7B000B107B207B207B307B307B407B407B507A9
:10C7C000B507B607B607B707B707B807B807B90779
:10C7D000B907BA07BA07BB07BB07BC07BC07BD0749
:10C7E000BD07BE07BE07BF07BF07C007C007C10719
:10C7F000C107C207C207C307C307C407C407C507E9
:10C80000C507C607C607C707C707C807C807C907B8
:10C81000C907CA07CA07CB07CB07CC07CC07CD0788
:10C82000CD07CE07CE07CF07CF07D007D007D10758
:10C83000D107D207D207D307D307D407D407D50728
:10C84000D507D607D607D707D707D807D807D907F8
:10C85000D907DA07DA07DB07DB07DC07DC07DD07C8
:10C86000DD07DE07DE07DF07DF07E007E007E10798
:10C87000E107E207E207E307E307E407E407E50768
:10C88000E507E607E607E707E707E807E807E90738
:10C89000E907EA07EA07EB07EB07EC07EC07ED0708
:10C8A000ED07EE07EE07EF07EF07F007F007F107D8
:10C8B000F107F207F207F307F307F407F407F507A8
:10C8C000F507F607F607F707F707F807F807F90778
:10C8D000F907FA07FA07FB07FB07FC07FC07FD0748
:10C8E000FD07FE07FE07FF07FF07FF070008000818
:10C8F00001080108020802080308030804080408E4
:10C9000005080508060806080708070808080808B3
:10C91000090809080A080A080B080B080C080C0883
:10C920000D080D080E080E080F080F081008100853
:10C930001108110812081208130813081408140823
:10C9400015081508160816081708170818081808F3
:10C95000190819081A081A081B081B081C081C08C3
:10C960001D081D081E081E081F081F082008200893
:10C970002108210822082208230823082408240863
:10C980002508250826082608270827082808280833
:10C99000290829082A082A082B082B082C082C0803
:10C9A0002D082D082E082E082F082F0830083008D3
:10C9B00031083108320832083308330834083408A3
:10C9C0003508350836083608370837083808380873
:10C9D000390839083A083A083B083B083C083C0843
:10C9E0003D083D083E083E083F083F084008400813
:10C9F00041084108420842084308430844084408E3
:10CA000045084508460846084708470848084808B2
:10CA1000490849084A084A084B084B084C084C0882
:10CA20004D084D084E084E084F084F085008500852
:10CA30005108510852085208530853085408540822
:10CA400055085508560856085708570858085808F2
:10CA5000590859085A085A085B085B085C085C08C2
:10CA60005D085D085E085E085F085F086008600892
:10CA70006108610862086208630863086408640862
:10CA80006508650866086608670867086808680832
:10CA9000690869086A086A086B086B086C086C0802
:10CAA0006D086D086E086E086F086F0870087008D2
:10CAB00071087108720872087308730874087408A2
:10CAC0007508750876087608770877087808780872
:10CAD000790879087A087A087B087B087C087C0842
:10CAE0007D087D087E087E087F087F088008800812
:10CAF00081088108820882088308830884088408E2
:10CB000085088508860886088708870888088808B1
:10CB1000890889088A088A088B088B088C088C0881
:10CB20008D088D088E088E088F088F089008900851
:10CB30009108910892089208930893089408940821
:10CB400095089508960896089708970898089808F1
:10CB5000990899089A089A089B089B089C089C08C1
:10CB60009D089D089E089E089F089F08A008A00891
:10CB7000A108A108A208A208A308A308A408A40861
:10CB8000A508A508A608A608A708A708A808A80831
:10CB9000A908A908AA08AA08AB08AB08AC08AC0801
:10CBA000AD08AD08AE08AE08AF08AF08B008B008D1
:10CBB000B108B108B208B208B308B308B408B408A1
:10CBC000B508B508B608B608B708B708B808B80871
:10CBD000B908B908BA08BA08BB08BB08BC08BC0841
:10CBE000BD08BD08BE08BE08BF08BF08C008C00811
:10CBF000C108C108C208C208C308C308C408C408E1
:10CC0000C508C508C608C608C708C708C808C808B0
:10CC1000C908C908CA08CA08CB08CB08CC08CC0880
:10CC2000CD08CD08CE08CE08CF08CF08D008D00850
:10CC3000D108D108D208D208D308D308D408D40820
:10CC4000D508D508D608D608D708D708D808D808F0
:10CC5000D908D908DA08DA08DB08DB08DC08DC08C0
:10CC6000DD08DD08DE08DE08DF08DF08E008E00890
:10CC7000E108E108E208E208E308E308E408E40860
:10CC8000E508E508E608E608E708E708E808E80830
:10CC9000E908E908EA08EA08EB08EB08EC08EC0800
:10CCA000ED08ED08EE08EE08EF08EF08F008F008D0
:10CCB000F108F108F208F208F308F308F408F408A0
:10CCC000F508F508F608F608F708F708F808F80870
:10CCD000F908F908FA08FA08FB08FB08FC08FC0840
:10CCE000FD08FD08FE08FE08FF08FF08000900090E
:10CCF00001090109020902090309030904090409D8
:10CD000005090509060906090709070908090809A7
:10CD1000090909090A090A090B090B090C090C0977
:10CD20000D090D090E090E090F090F091009100947
:10CD30001109110912091209130913091409140917
:10CD400015091509160916091709170918091809E7
:10CD5000190919091A091A091B091B091C091C09B7
:10CD60001D091D091E091E091F091F092009200987
:10CD70002109210922092209230923092409240957
:10CD80002509250926092609270927092809280927
:10CD9000290929092A092A092B092B092C092C09F7
:10CDA0002D092D092E092E092F092F0930093009C7
:10CDB0003109310932093209330933093409340997
:10CDC0003509350936093609370937093809380967
:10CDD000390939093A093A093B093B093C093C0937
:10CDE0003D093D093E093E093F093F094009400907
:10CDF00041094109420942094309430944094409D7
:10CE000045094509460946094709470948094809A6
:10CE1000490949094A094A094B094B094C094C0976
:10CE20004D094D094E094E094F094F095009500946
:10CE30005109510952095209530953095409540916
:10CE400055095509560956095709570958095809E6
:10CE5000590959095A095A095B095B095C095C09B6
:10CE60005D095D095E095E095F095F096009600986
:10CE70006109610962096209630963096409640956
:10CE80006509650966096609670967096809680926
:10CE9000690969096A096A096B096B096C096C09F6
:10CEA0006D096D096E096E096F096F0970097009C6
:10CEB0007109710972097209730973097409740996
:10CEC0007509750976097609770977097809780966
:10CED000790979097A097A097B097B097C097C0936
:10CEE0007D097D097E097E097F097F098009800906
:10CEF00081098109820982098309830984098409D6
:10CF000085098509860986098709870988098809A5
:10CF1000890989098A098A098B098B098C098C0975
:10CF20008D098D098E098E098F098F099009900945
:10CF30009109910992099209930993099409940915
:10CF400095099509960996099709970998099809E5
:10CF5000990999099A099A099B099B099C099C09B5
:10CF60009D099D099E099E099F099F09A009A00985
:10CF7000A109A109A209A209A309A309A409A40955
:10CF8000A509A509A609A609A709A709A809A80925
:10CF9000A909A909AA09AA09AB09AB09AC09AC09F5
:10CFA000AD09AD09AE09AE09AF09AF09B009B009C5
:10CFB000B109B109B209B209B309B309B409B40995
:10CFC000B509B509B609B609B709B709B809B80965
:10CFD000B909B909BA09BA09BB09BB09BC09BC0935
:10CFE000BD09BD09BE09BE09BF09BF09C009C00905
:10CFF000C109C109C209C209C309C309C409C409D5
:10D00000C509C509C609C609C709C709C809C809A4
:10D01000C909C909CA09CA09CB09CB09CC09CC0974
:10D02000CD09CD09CE09CE09CF09CF09D009D00944
:10D03000D109D109D209D209D309D309D409D40914
:10D04000D509D509D609D609D709D709D809D809E4
:10D05000D909D909DA09DA09DB09DB09DC09DC09B4
:10D06000DD09DD09DE09DE09DF09DF09E009E00984
:10D07000E109E109E209E209E309E309E409E40954
:10D08000E509E509E609E609E709E709E809E80924
:10D09000E909E909EA09EA09EB09EB09EC09EC09F4
:10D0A000ED09ED09EE09EE09EF09EF09F009F009C4
:10D0B000F109F109F209F209F309F309F409F40994
:10D0C000F509F509F609F609F709F709F809F80964
:10D0D000F909F909FA09FA09FB09FB09FC09FC0934
:10D0E000FD09FD09FE09FE09FF09FF09000A000A02
:10D0F000010A010A020A020A030A030A040A040ACC
:10D10000050A050A060A060A070A070A080A080A9B
:10D11000090A090A0A0A0A0A0B0A0B0A0C0A0C0A6B
:10D120000D0A0D0A0E0A0E0A0F0A0F0A100A100A3B
:10D13000110A110A120A120A130A130A140A140A0B
:10D14000150A150A160A160A170A170A180A180ADB
:10D15000190A190A1A0A1A0A1B0A1B0A1C0A1C0AAB
:10D160001D0A1D0A1E0A1E0A1F0A1F0A200A200A7B
:10D17000210A210A220A220A230A230A240A240A4B
:10D18000250A250A260A260A270A270A280A280A1B
:10D19000290A290A2A0A2A0A2B0A2B0A2C0A2C0AEB
:10D1A0002D0A2D0A2E0A2E0A2F0A2F0A300A300ABB
:10D1B000310A310A320A320A330A330A340A340A8B
:10D1C000350A350A360A360A370A370A380A380A5B
:10D1D000390A390A3A0A3A0A3B0A3B0A3C0A3C0A2B
:10D1E0003D0A3D0A3E0A3E0A3F0A3F0A400A400AFB
:10D1F000410A410A420A420A430A430A440A440ACB
:10D20000450A450A460A460A470A470A480A480A9A
:10D21000490A490A4A0A4A0A4B0A4B0A4C0A4C0A6A
:10D220004D0A4D0A4E0A4E0A4F0A4F0A500A500A3A
:10D23000510A510A520A520A530A530A540A540A0A
:10D24000550A550A560A560A570A570A580A580ADA
:10D25000590A590A5A0A5A0A5B0A5B0A5C0A5C0AAA
:10D260005D0A5D0A5E0A5E0A5F0A5F0A600A600A7A
:10D27000610A610A620A620A630A630A640A640A4A
:10D28000650A650A660A660A670A670A680A680A1A
:10D29000690A690A6A0A6A0A6B0A6B0A6C0A6C0AEA
:10D2A0006D0A6D0A6E0A6E0A6F0A6F0A700A700ABA
:10D2B000710A710A720A720A730A730A740A740A8A
:10D2C000750A750A760A760A770A770A780A780A5A
:10D2D000790A790A7A0A7A0A7B0A7B0A7C0A7C0A2A
:10D2E0007D0A7D0A7E0A7E0A7F0A7F0A800A800AFA
:10D2F000810A810A820A820A830A830A840A840ACA
:10D30000850A850A860A860A870A870A880A880A99
:10D31000890A890A8A0A8A0A8B0A8B0A8C0A8C0A69
:10D320008D0A8D0A8E0A8E0A8F0A8F0A900A900A39
:10D33000910A910A920A920A930A930A940A940A09
:10D34000950A950A960A960A970A970A980A980AD9
:10D35000990A990A9A0A9A0A9B0A9B0A9C0A9C0AA9
:10D360009D0A9D0A9E0A9E0A9F0A9F0AA00AA00A79
:10D37000A10AA10AA20AA20AA30AA30AA40AA40A49
:10D38000A50AA50AA60AA60AA70AA70AA80AA80A19
:10D39000A90AA90AAA0AAA0AAB0AAB0AAC0AAC0AE9
:10D3A000AD0AAD0AAE0AAE0AAF0AAF0AB00AB00AB9
:10D3B000B10AB10AB20AB20AB30AB30AB40AB40A89
:10D3C000B50AB50AB60AB60AB70AB70AB80AB80A59
:10D3D000B90AB90ABA0ABA0ABB0ABB0ABC0ABC0A29
:10D3E000BD0ABD0ABE0ABE0ABF0ABF0AC00AC00AF9
:10D3F000C10AC10AC20AC20AC30AC30AC40AC40AC9
:10D40000C50AC50AC60AC60AC70AC70AC80AC80A98
:10D41000C90AC90ACA0ACA0ACB0ACB0ACC0ACC0A68
:10D42000CD0ACD0ACE0ACE0ACF0ACF0AD00AD00A38
:10D43000D10AD10AD20AD20AD30AD30AD40AD40A08
:10D44000D50AD50AD60AD60AD70AD70AD80AD80AD8
:10D45000D90AD90ADA0ADA0ADB0ADB0ADC0ADC0AA8
:10D46000DD0ADD0ADE0ADE0ADF0ADF0AE00AE00A78
:10D47000E10AE10AE20AE20AE30AE30AE40AE40A48
:10D48000E50AE50AE60AE60AE70AE70AE80AE80A18
:10D49000E90AE90AEA0AEA0AEB0AEB0AEC0AEC0AE8
:10D4A000ED0AED0AEE0AEE0AEF0AEF0AF00AF00AB8
:10D4B000F10AF10AF20AF20AF30AF30AF40AF40A88
:10D4C000F50AF50AF60AF60AF70AF70AF80AF80A58
:10D4D000F90AF90AFA0AFA0AFB0AFB0AFC0AFC0A28
:10D4E000FD0AFD0AFE0AFE0AFF0AFF0A000B000BF6
:10D4F000010B010B020B020B030B030B040B040BC0
:10D50000050B050B060B060B070B070B080B080B8F
:10D51000090B090B0A0B0A0B0B0B0B0B0C0B0C0B5F
:10D520000D0B0D0B0E0B0E0B0F0B0F0B100B100B2F
:10D53000110B110B120B120B130B130B140B140BFF
:10D54000150B150B160B160B170B170B180B180BCF
:10D55000190B190B1A0B1A0B1B0B1B0B1C0B1C0B9F
:10D560001D0B1D0B1E0B1E0B1F0B1F0B200B200B6F
:10D57000210B210B220B220B230B230B240B240B3F
:10D58000250B250B260B260B270B270B280B280B0F
:10D59000290B290B2A0B2A0B2B0B2B0B2C0B2C0BDF
:10D5A0002D0B2D0B2E0B2E0B2F0B2F0B300B300BAF
:10D5B000310B310B320B320B330B330B340B340B7F
:10D5C000350B350B360B360B370B370B380B380B4F
:10D5D000390B390B3A0B3A0B3B0B3B0B3C0B3C0B1F
:10D5E0003D0B3D0B3E0B3E0B3F0B3F0B400B400BEF
:10D5F000410B410B420B420B430B430B440B440BBF
:10D60000450B450B460B460B470B470B480B480B8E
:10D61000490B490B4A0B4A0B4B0B4B0B4C0B4C0B5E
:10D620004D0B4D0B4E0B4E0B4F0B4F0B500B500B2E
:10D63000510B510B520B520B530B530B540B540BFE
:10D64000550B550B560B560B570B570B580B580BCE
:10D65000590B590B5A0B5A0B5B0B5B0B5C0B5C0B9E
:10D660005D0B5D0B5E0B5E0B5F0B5F0B600B600B6E
:10D67000610B610B620B620B630B630B640B640B3E
:10D68000650B650B660B660B670B670B680B680B0E
:10D69000690B690B6A0B6A0B6B0B6B0B6C0B6C0BDE
:10D6A0006D0B6D0B6E0B6E0B6F0B6F0B700B700BAE
:10D6B000710B710B720B720B730B730B740B740B7E
:10D6C000750B750B760B760B770B770B780B780B4E
:10D6D000790B790B7A0B7A0B7B0B7B0B7C0B7C0B1E
:10D6E0007D0B7D0B7E0B7E0B7F0B7F0B800B800BEE
:10D6F000810B810B820B820B830B830B840B840BBE
:10D70000850B850B860B860B870B870B880B880B8D
:10D71000890B890B8A0B8A0B8B0B8B0B8C0B8C0B5D
:10D720008D0B8D0B8E0B8E0B8F0B8F0B900B900B2D
:10D73000910B910B920B920B930B930B940B940BFD
:10D74000950B950B960B960B970B970B980B980BCD
:10D75000990B990B9A0B9A0B9B0B9B0B9C0B9C0B9D
:10D760009D0B9D0B9E0B9E0B9F0B9F0BA00BA00B6D
:10D77000A10BA10BA20BA20BA30BA30BA40BA40B3D
:10D78000A50BA50BA60BA60BA70BA70BA80BA80B0D
:10D79000A90BA90BAA0BAA0BAB0BAB0BAC0BAC0BDD
:10D7A000AD0BAD0BAE0BAE0BAF0BAF0BB00BB00BAD
:10D7B000B10BB10BB20BB20BB30BB30BB40BB40B7D
:10D7C000B50BB50BB60BB60BB70BB70BB80BB80B4D
:10D7D000B90BB90BBA0BBA0BBB0BBB0BBC0BBC0B1D
:10D7E000BD0BBD0BBE0BBE0BBF0BBF0BC00BC00BED
:10D7F000C10BC10BC20BC20BC30BC30BC40BC40BBD
:10D80000C50BC50BC60BC60BC70BC70BC80BC80B8C
:10D81000C90BC90BCA0BCA0BCB0BCB0BCC0BCC0B5C
:10D82000CD0BCD0BCE0BCE0BCF0BCF0BD00BD00B2C
:10D83000D10BD10BD20BD20BD30BD30BD40BD40BFC
:10D84000D50BD50BD60BD60BD70BD70BD80BD80BCC
:10D85000D90BD90BDA0BDA0BDB0BDB0BDC0BDC0B9C
:10D86000DD0BDD0BDE0BDE0BDF0BDF0BE00BE00B6C
:10D87000E10BE10BE20BE20BE30BE30BE40BE40B3C
:10D88000E50BE50BE60BE60BE70BE70BE80BE80B0C
:10D89000E90BE90BEA0BEA0BEB0BEB0BEC0BEC0BDC
:10D8A000ED0BED0BEE0BEE0BEF0BEF0BF00BF00BAC
:10D8B000F10BF10BF20BF20BF30BF30BF40BF40B7C
:10D8C000F50BF50BF60BF60BF70BF70BF80BF80B4C
:10D8D000F90BF90BFA0BFA0BFB0BFB0BFC0BFC0B1C
:10D8E000FD0BFD0BFE0BFE0BFF0BFF0B000C000CEA
:10D8F000010C010C020C020C030C030C040C040CB4
:10D90000050C050C060C060C070C070C080C080C83
:10D91000090C090C0A0C0A0C0B0C0B0C0C0C0C0C53
:10D920000D0C0D0C0E0C0E0C0F0C0F0C100C100C23
:10D93000110C110C120C120C130C130C140C140CF3
:10D94000150C150C160C160C170C170C180C180CC3
:10D95000190C190C1A0C1A0C1B0C1B0C1C0C1C0C93
:10D960001D0C1D0C1E0C1E0C1F0C1F0C200C200C63
:10D97000210C210C220C220C230C230C240C240C33
:10D98000250C250C260C260C270C270C280C280C03
:10D99000290C290C2A0C2A0C2B0C2B0C2C0C2C0CD3
:10D9A0002D0C2D0C2E0C2E0C2F0C2F0C300C300CA3
:10D9B000310C310C320C320C330C330C340C340C73
:10D9C000350C350C360C360C370C370C380C380C43
:10D9D000390C390C3A0C3A0C3B0C3B0C3C0C3C0C13
:10D9E0003D0C3D0C3E0C3E0C3F0C3F0C400C400CE3
:10D9F000410C410C420C420C430C430C440C440CB3
:10DA0000450C450C460C460C470C470C480C480C82
:10DA1000490C490C4A0C4A0C4B0C4B0C4C0C4C0C52
:10DA20004D0C4D0C4E0C4E0C4F0C4F0C500C500C22
:10DA3000510C510C520C520C530C530C540C540CF2
:10DA4000550C550C560C560C570C570C580C580CC2
:10DA5000590C590C5A0C5A0C5B0C5B0C5C0C5C0C92
:10DA60005D0C5D0C5E0C5E0C5F0C5F0C600C600C62
:10DA7000610C610C620C620C630C630C640C640C32
:10DA8000650C650C660C660C670C670C680C680C02
:10DA9000690C690C6A0C6A0C6B0C6B0C6C0C6C0CD2
:10DAA0006D0C6D0C6E0C6E0C6F0C6F0C700C700CA2
:10DAB000710C710C720C720C730C730C740C740C72
:10DAC000750C750C760C760C770C770C780C780C42
:10DAD000790C790C7A0C7A0C7B0C7B0C7C0C7C0C12
:10DAE0007D0C7D0C7E0C7E0C7F0C7F0C800C800CE2
:10DAF000810C810C820C820C830C830C840C840CB2
:10DB0000850C850C860C860C870C870C880C880C81
:10DB1000890C890C8A0C8A0C8B0C8B0C8C0C8C0C51
:10DB20008D0C8D0C8E0C8E0C8F0C8F0C900C900C21
:10DB3000910C910C920C920C930C930C940C940CF1
:10DB4000950C950C960C960C970C970C980C980CC1
:10DB5000990C990C9A0C9A0C9B0C9B0C9C0C9C0C91
:10DB60009D0C9D0C9E0C9E0C9F0C9F0CA00CA00C61
:10DB7000A10CA10CA20CA20CA30CA30CA40CA40C31
:10DB8000A50CA50CA60CA60CA70CA70CA80CA80C01
:10DB9000A90CA90CAA0CAA0CAB0CAB0CAC0CAC0CD1
:10DBA000AD0CAD0CAE0CAE0CAF0CAF0CB00CB00CA1
:10DBB000B10CB10CB20CB20CB30CB30CB40CB40C71
:10DBC000B50CB50CB60CB60CB70CB70CB80CB80C41
:10DBD000B90CB90CBA0CBA0CBB0CBB0CBC0CBC0C11
:10DBE000BD0CBD0CBE0CBE0CBF0CBF0CC00CC00CE1
:10DBF000C10CC10CC20CC20CC30CC30CC40CC40CB1
:10DC0000C50CC50CC60CC60CC70CC70CC80CC80C80
:10DC1000C90CC90CCA0CCA0CCB0CCB0CCC0CCC0C50
:10DC2000CD0CCD0CCE0CCE0CCF0CCF0CD00CD00C20
:10DC3000D10CD10CD20CD20CD30CD30CD40CD40CF0
:10DC4000D50CD50CD60CD60CD70CD70CD80CD80CC0
:10DC5000D90CD90CDA0CDA0CDB0CDB0CDC0CDC0C90
:10DC6000DD0CDD0CDE0CDE0CDF0CDF0CE00CE00C60
:10DC7000E10CE10CE20CE20CE30CE30CE40CE40C30
:10DC8000E50CE50CE60CE60CE70CE70CE80CE80C00
:10DC9000E90CE90CEA0CEA0CEB0CEB0CEC0CEC0CD0
:10DCA000ED0CED0CEE0CEE0CEF0CEF0CF00CF00CA0
:10DCB000F10CF10CF20CF20CF30CF30CF40CF40C70
:10DCC000F50CF50CF60CF60CF70CF70CF80CF80C40
:10DCD000F90CF90CFA0CFA0CFB0CFB0CFC0CFC0C10
:10DCE000FD0CFD0CFE0CFE0CFF0CFF0C000D000DDE
:10DCF000010D010D020D020D030D030D040D040DA8
:10DD0000050D050D060D060D070D070D080D080D77
:10DD1000090D090D0A0D0A0D0B0D0B0D0C0D0C0D47
:10DD20000D0D0D0D0E0D0E0D0F0D0F0D100D100D17
:10DD3000110D110D120D120D130D130D140D140DE7
:10DD4000150D150D160D160D170D170D180D180DB7
:10DD5000190D190D1A0D1A0D1B0D1B0D1C0D1C0D87
:10DD60001D0D1D0D1E0D1E0D1F0D1F0D200D200D57
:10DD7000210D210D220D220D230D230D240D240D27
:10DD8000250D250D260D260D270D270D280D280DF7
:10DD9000290D290D2A0D2A0D2B0D2B0D2C0D2C0DC7
:10DDA0002D0D2D0D2E0D2E0D2F0D2F0D300D300D97
:10DDB000310D310D320D320D330D330D340D340D67
:10DDC000350D350D360D360D370D370D380D380D37
:10DDD000390D390D3A0D3A0D3B0D3B0D3C0D3C0D07
:10DDE0003D0D3D0D3E0D3E0D3F0D3F0D400D400DD7
:10DDF000410D410D420D420D430D430D440D440DA7
:10DE0000450D450D460D460D470D470D480D480D76
:10DE1000490D490D4A0D4A0D4B0D4B0D4C0D4C0D46
:10DE20004D0D4D0D4E0D4E0D4F0D4F0D500D500D16
:10DE3000510D510D520D520D530D530D540D540DE6
:10DE4000550D550D560D560D570D570D580D580DB6
:10DE5000590D590D5A0D5A0D5B0D5B0D5C0D5C0D86
:10DE60005D0D5D0D5E0D5E0D5F0D5F0D600D600D56
:10DE7000610D610D620D620D630D630D640D640D26
:10DE8000650D650D660D660D670D670D680D680DF6
:10DE9000690D690D6A0D6A0D6B0D6B0D6C0D6C0DC6
:10DEA0006D0D6D0D6E0D6E0D6F0D6F0D700D700D96
:10DEB000710D710D720D720D730D730D740D740D66
:10DEC000750D750D760D760D770D770D780D780D36
:10DED000790D790D7A0D7A0D7B0D7B0D7C0D7C0D06
:10DEE0007D0D7D0D7E0D7E0D7F0D7F0D800D800DD6
:10DEF000810D810D820D820D830D830D840D840DA6
:10DF0000850D850D860D860D870D870D880D880D75
:10DF1000890D890D8A0D8A0D8B0D8B0D8C0D8C0D45
:10DF20008D0D8D0D8E0D8E0D8F0D8F0D900D900D15
:10DF3000910D910D920D920D930D930D940D940DE5
:10DF4000950D950D960D960D970D970D980D980DB5
:10DF5000990D990D9A0D9A0D9B0D9B0D9C0D9C0D85
:10DF60009D0D9D0D9E0D9E0D9F0D9F0DA00DA00D55
:10DF7000A10DA10DA20DA20DA30DA30DA40DA40D25
:10DF8000A50DA50DA60DA60DA70DA70DA80DA80DF5
:10DF9000A90DA90DAA0DAA0DAB0DAB0DAC0DAC0DC5
:10DFA000AD0DAD0DAE0DAE0DAF0DAF0DB00DB00D95
:10DFB000B10DB10DB20DB20DB30DB30DB40DB40D65
:10DFC000B50DB50DB60DB60DB70DB70DB80DB80D35
:10DFD000B90DB90DBA0DBA0DBB0DBB0DBC0DBC0D05
:10DFE000BD0DBD0DBE0DBE0DBF0DBF0DC00DC00DD5
:10DFF000C10DC10DC20DC20DC30DC30DC40DC40DA5
:10E00000C50DC50DC60DC60DC70DC70DC80DC80D74
:10E01000C90DC90DCA0DCA0DCB0DCB0DCC0DCC0D44
:10E02000CD0DCD0DCE0DCE0DCF0DCF0DD00DD00D14
:10E03000D10DD10DD20DD20DD30DD30DD40DD40DE4
:10E04000D50DD50DD60DD60DD70DD70DD80DD80DB4
:10E05000D90DD90DDA0DDA0DDB0DDB0DDC0DDC0D84
:10E06000DD0DDD0DDE0DDE0DDF0DDF0DE00DE00D54
:10E07000E10DE10DE20DE20DE30DE30DE40DE40D24
:10E08000E50DE50DE60DE60DE70DE70DE80DE80DF4
:10E09000E90DE90DEA0DEA0DEB0DEB0DEC0DEC0DC4
:10E0A000ED0DED0DEE0DEE0DEF0DEF0DF00DF00D94
:10E0B000F10DF10DF20DF20DF30DF30DF40DF40D64
:10E0C000F50DF50DF60DF60DF70DF70DF80DF80D34
:10E0D000F90DF90DFA0DFA0DFB0DFB0DFC0DFC0D04
:10E0E000FD0DFD0DFE0DFE0DFF0DFF0D000E000ED2
:10E0F000010E010E020E020E030E030E040E040E9C
:10E10000050E050E060E060E070E070E080E080E6B
:10E11000090E090E0A0E0A0E0B0E0B0E0C0E0C0E3B
:10E120000D0E0D0E0E0E0E0E0F0E0F0E100E100E0B
:10E13000110E110E120E120E130E130E140E140EDB
:10E14000150E150E160E160E170E170E180E180EAB
:10E15000190E190E1A0E1A0E1B0E1B0E1C0E1C0E7B
:10E160001D0E1D0E1E0E1E0E1F0E1F0E200E200E4B
:10E17000210E210E220E220E230E230E240E240E1B
:10E18000250E250E260E260E270E270E280E280EEB
:10E19000290E290E2A0E2A0E2B0E2B0E2C0E2C0EBB
:10E1A0002D0E2D0E2E0E2E0E2F0E2F0E300E300E8B
:10E1B000310E310E320E320E330E330E340E340E5B
:10E1C000350E350E360E360E370E370E380E380E2B
:10E1D000390E390E3A0E3A0E3B0E3B0E3C0E3C0EFB
:10E1E0003D0E3D0E3E0E3E0E3F0E3F0E400E400ECB
:10E1F000410E410E420E420E430E430E440E440E9B
:10E20000450E450E460E460E470E470E480E480E6A
:10E21000490E490E4A0E4A0E4B0E4B0E4C0E4C0E3A
:10E220004D0E4D0E4E0E4E0E4F0E4F0E500E500E0A
:10E23000510E510E520E520E530E530E540E540EDA
:10E24000550E550E560E560E570E570E580E580EAA
:10E25000590E590E5A0E5A0E5B0E5B0E5C0E5C0E7A
:10E260005D0E5D0E5E0E5E0E5F0E5F0E600E600E4A
:10E27000610E610E620E620E630E630E640E640E1A
:10E28000650E650E660E660E670E670E680E680EEA
:10E29000690E690E6A0E6A0E6B0E6B0E6C0E6C0EBA
:10E2A0006D0E6D0E6E0E6E0E6F0E6F0E700E700E8A
:10E2B000710E710E720E720E730E730E740E740E5A
:10E2C000750E750E760E760E770E770E780E780E2A
:10E2D000790E790E7A0E7A0E7B0E7B0E7C0E7C0EFA
:10E2E0007D0E7D0E7E0E7E0E7F0E7F0E800E800ECA
:10E2F000810E810E820E820E830E830E840E840E9A
:10E30000850E850E860E860E870E870E880E880E69
:10E31000890E890E8A0E8A0E8B0E8B0E8C0E8C0E39
:10E320008D0E8D0E8E0E8E0E8F0E8F0E900E900E09
:10E33000910E910E920E920E930E930E940E940ED9
:10E34000950E950E960E960E970E970E980E980EA9
:10E35000990E990E9A0E9A0E9B0E9B0E9C0E9C0E79
:10E360009D0E9D0E9E0E9E0E9F0E9F0EA00EA00E49
:10E37000A10EA10EA20EA20EA30EA30EA40EA40E19
:10E38000A50EA50EA60EA60EA70EA70EA80EA80EE9
:10E39000A90EA90EAA0EAA0EAB0EAB0EAC0EAC0EB9
:10E3A000AD0EAD0EAE0EAE0EAF0EAF0EB00EB00E89
:10E3B000B10EB10EB20EB20EB30EB30EB40EB40E59
:10E3C000B50EB50EB60EB60EB70EB70EB80EB80E29
:10E3D000B90EB90EBA0EBA0EBB0EBB0EBC0EBC0EF9
:10E3E000BD0EBD0EBE0EBE0EBF0EBF0EC00EC00EC9
:10E3F000C10EC10EC20EC20EC30EC30EC40EC40E99
:10E40000C50EC50EC60EC60EC70EC70EC80EC80E68
:10E41000C90EC90ECA0ECA0ECB0ECB0ECC0ECC0E38
:10E42000CD0ECD0ECE0ECE0ECF0ECF0ED00ED00E08
:10E43000D10ED10ED20ED20ED30ED30ED40ED40ED8
:10E44000D50ED50ED60ED60ED70ED70ED80ED80EA8
:10E45000D90ED90EDA0EDA0EDB0EDB0EDC0EDC0E78
:10E46000DD0EDD0EDE0EDE0EDF0EDF0EE00EE00E48
:10E47000E10EE10EE20EE20EE30EE30EE40EE40E18
:10E48000E50EE50EE60EE60EE70EE70EE80EE80EE8
:10E49000E90EE90EEA0EEA0EEB0EEB0EEC0EEC0EB8
:10E4A000ED0EED0EEE0EEE0EEF0EEF0EF00EF00E88
:10E4B000F10EF10EF20EF20EF30EF30EF40EF40E58
:10E4C000F50EF50EF60EF60EF70EF70EF80EF80E28
:10E4D000F90EF90EFA0EFA0EFB0EFB0EFC0EFC0EF8
:10E4E000FD0EFD0EFE0EFE0EFF0EFF0E000F000FC6
:10E4F000010F010F020F020F030F030F040F040F90
:10E50000050F050F060F060F070F070F080F080F5F
:10E51000090F090F0A0F0A0F0B0F0B0F0C0F0C0F2F
:10E520000D0F0D0F0E0F0E0F0F0F0F0F100F100FFF
:10E53000110F110F120F120F130F130F140F140FCF
:10E54000150F150F160F160F170F170F180F180F9F
:10E55000190F190F1A0F1A0F1B0F1B0F1C0F1C0F6F
:10E560001D0F1D0F1E0F1E0F1F0F1F0F200F200F3F
:10E57000210F210F220F220F230F230F240F240F0F
:10E58000250F250F260F260F270F270F280F280FDF
:10E59000290F290F2A0F2A0F2B0F2B0F2C0F2C0FAF
:10E5A0002D0F2D0F2E0F2E0F2F0F2F0F300F300F7F
:10E5B000310F310F320F320F330F330F340F340F4F
:10E5C000350F350F360F360F370F370F380F380F1F
:10E5D000390F390F3A0F3A0F3B0F3B0F3C0F3C0FEF
:10E5E0003D0F3D0F3E0F3E0F3F0F3F0F400F400FBF
:10E5F000410F410F420F420F430F430F440F440F8F
:10E60000450F450F460F460F470F470F480F480F5E
:10E61000490F490F4A0F4A0F4B0F4B0F4C0F4C0F2E
:10E620004D0F4D0F4E0F4E0F4F0F4F0F500F500FFE
:10E63000510F510F520F520F530F530F540F540FCE
:10E64000550F550F560F560F570F570F580F580F9E
:10E65000590F590F5A0F5A0F5B0F5B0F5C0F5C0F6E
:10E660005D0F5D0F5E0F5E0F5F0F5F0F600F600F3E
:10E67000610F610F620F620F630F630F640F640F0E
:10E68000650F650F660F660F670F670F680F680FDE
:10E69000690F690F6A0F6A0F6B0F6B0F6C0F6C0FAE
:10E6A0006D0F6D0F6E0F6E0F6F0F6F0F700F700F7E
:10E6B000710F710F720F720F730F730F740F740F4E
:10E6C000750F750F760F760F770F770F780F780F1E
:10E6D000790F790F7A0F7A0F7B0F7B0F7C0F7C0FEE
:10E6E0007D0F7D0F7E0F7E0F7F0F7F0F800F800FBE
:10E6F000810F810F820F820F830F830F840F840F8E
:10E70000850F850F860F860F870F870F880F880F5D
:10E71000890F890F8A0F8A0F8B0F8B0F8C0F8C0F2D
:10E720008D0F8D0F8E0F8E0F8F0F8F0F900F900FFD
:10E73000910F910F920F920F930F930F940F940FCD
:10E74000950F950F960F960F970F970F980F980F9D
:10E75000990F990F9A0F9A0F9B0F9B0F9C0F9C0F6D
:10E760009D0F9D0F9E0F9E0F9F0F9F0FA00FA00F3D
:10E77000A10FA10FA20FA20FA30FA30FA40FA40F0D
:10E78000A50FA50FA60FA60FA70FA70FA80FA80FDD
:10E79000A90FA90FAA0FAA0FAB0FAB0FAC0FAC0FAD
:10E7A000AD0FAD0FAE0FAE0FAF0FAF0FB00FB00F7D
:10E7B000B10FB10FB20FB20FB30FB30FB40FB40F4D
:10E7C000B50FB50FB60FB60FB70FB70FB80FB80F1D
:10E7D000B90FB90FBA0FBA0FBB0FBB0FBC0FBC0FED
:10E7E000BD0FBD0FBE0FBE0FBF0FBF0FC00FC00FBD
:10E7F000C10FC10FC20FC20FC30FC30FC40FC40F8D
:10E80000C50FC50FC60FC60FC70FC70FC80FC80F5C
:10E81000C90FC90FCA0FCA0FCB0FCB0FCC0FCC0F2C
:10E82000CD0FCD0FCE0FCE0FCF0FCF0FD00FD00FFC
:10E83000D10FD10FD20FD20FD30FD30FD40FD40FCC
:10E84000D50FD50FD60FD60FD70FD70FD80FD80F9C
:10E85000D90FD90FDA0FDA0FDB0FDB0FDC0FDC0F6C
:10E86000DD0FDD0FDE0FDE0FDF0FDF0FE00FE00F3C
:10E87000E10FE10FE20FE20FE30FE30FE40FE40F0C
:10E88000E50FE50FE60FE60FE70FE70FE80FE80FDC
:10E89000E90FE90FEA0FEA0FEB0FEB0FEC0FEC0FAC
:10E8A000ED0FED0FEE0FEE0FEF0FEF0FF00FF00F7C
:10E8B000F10FF10FF20FF20FF30FF30FF40FF40F4C
:10E8C000F50FF50FF60FF60FF70FF70FF80FF80F1C
:10E8D000F90FF90FFA0FFA0FFB0FFB0FFC0FFC0FEC
:10E8E000FD0FFD0FFE0FFE0FFF0FFE0FFE0FFD0FC2
:10E8F000FD0FFC0FFC0FFB0FFB0FFA0FFA0FF90FC8
:10E90000F90FF80FF80FF70FF70FF60FF60FF50FD7
:10E91000F50FF40FF40FF30FF30FF20FF20FF10FE7
:10E92000F10FF00FF00FEF0FEF0FEE0FEE0FED0FF7
:10E93000ED0FEC0FEC0FEB0FEB0FEA0FEA0FE90F07
:10E94000E90FE80FE80FE70FE70FE60FE60FE50F17
:10E95000E50FE40FE40FE30FE30FE20FE20FE10F27
:10E96000E10FE00FE00FDF0FDF0FDE0FDE0FDD0F37
:10E97000DD0FDC0FDC0FDB0FDB0FDA0FDA0FD90F47
:10E98000D90FD80FD80FD70FD70FD60FD60FD50F57
:10E99000D50FD40FD40FD30FD30FD20FD20FD10F67
:10E9A000D10FD00FD00FCF0FCF0FCE0FCE0FCD0F77
:10E9B000CD0FCC0FCC0FCB0FCB0FCA0FCA0FC90F87
:10E9C000C90FC80FC80FC70FC70FC60FC60FC50F97
:10E9D000C50FC40FC40FC30FC30FC20FC20FC10FA7
:10E9E000C10FC00FC00FBF0FBF0FBE0FBE0FBD0FB7
:10E9F000BD0FBC0FBC0FBB0FBB0FBA0FBA0FB90FC7
:10EA0000B90FB80FB80FB70FB70FB60FB60FB50FD6
:10EA1000B50FB40FB40FB30FB30FB20FB20FB10FE6
:10EA2000B10FB00FB00FAF0FAF0FAE0FAE0FAD0FF6
:10EA3000AD0FAC0FAC0FAB0FAB0FAA0FAA0FA90F06
:10EA4000A90FA80FA80FA70FA70FA60FA60FA50F16
:10EA5000A50FA40FA40FA30FA30FA20FA20FA10F26
:10EA6000A10FA00FA00F9F0F9F0F9E0F9E0F9D0F36
:10EA70009D0F9C0F9C0F9B0F9B0F9A0F9A0F990F46
:10EA8000990F980F980F970F970F960F960F950F56
:10EA9000950F940F940F930F930F920F920F910F66
:10EAA000910F900F900F8F0F8F0F8E0F8E0F8D0F76
:10EAB0008D0F8C0F8C0F8B0F8B0F8A0F8A0F890F86
:10EAC000890F880F880F870F870F860F860F850F96
:10EAD000850F840F840F830F830F820F820F810FA6
:10EAE000810F800F800F7F0F7F0F7E0F7E0F7D0FB6
:10EAF0007D0F7C0F7C0F7B0F7B0F7A0F7A0F790FC6
:10EB0000790F780F780F770F770F760F760F750FD5
:10EB1000750F740F740F730F730F720F720F710FE5
:10EB2000710F700F700F6F0F6F0F6E0F6E0F6D0FF5
:10EB30006D0F6C0F6C0F6B0F6B0F6A0F6A0F690F05
:10EB4000690F680F680F670F670F660F660F650F15
:10EB5000650F640F640F630F630F620F620F610F25
:10EB6000610F600F600F5F0F5F0F5E0F5E0F5D0F35
:10EB70005D0F5C0F5C0F5B0F5B0F5A0F5A0F590F45
:10EB8000590F580F580F570F570F560F560F550F55
:10EB9000550F540F540F530F530F520F520F510F65
:10EBA000510F500F500F4F0F4F0F4E0F4E0F4D0F75
:10EBB0004D0F4C0F4C0F4B0F4B0F4A0F4A0F490F85
:10EBC000490F480F480F470F470F460F460F450F95
:10EBD000450F440F440F430F430F420F420F410FA5
:10EBE000410F400F400F3F0F3F0F3E0F3E0F3D0FB5
:10EBF0003D0F3C0F3C0F3B0F3B0F3A0F3A0F390FC5
:10EC0000390F380F380F370F370F360F360F350FD4
:10EC1000350F340F340F330F330F320F320F310FE4
:10EC2000310F300F300F2F0F2F0F2E0F2E0F2D0FF4
:10EC30002D0F2C0F2C0F2B0F2B0F2A0F2A0F290F04
:10EC4000290F280F280F270F270F260F260F250F14
:10EC5000250F240F240F230F230F220F220F210F24
:10EC6000210F200F200F1F0F1F0F1E0F1E0F1D0F34
:10EC70001D0F1C0F1C0F1B0F1B0F1A0F1A0F190F44
:10EC8000190F180F180F170F170F160F160F150F54
:10EC9000150F140F140F130F130F120F120F110F64
:10ECA000110F100F100F0F0F0F0F0E0F0E0F0D0F74
:10ECB0000D0F0C0F0C0F0B0F0B0F0A0F0A0F090F84
:10ECC000090F080F080F070F070F060F060F050F94
:10ECD000050F040F040F030F030F020F020F010FA4
:10ECE000010F000F000FFF0EFF0EFE0EFE0EFD0EB9
:10ECF000FD0EFC0EFC0EFB0EFB0EFA0EFA0EF90ECC
:10ED0000F90EF80EF80EF70EF70EF60EF60EF50EDB
:10ED1000F50EF40EF40EF30EF30EF20EF20EF10EEB
:10ED2000F10EF00EF00EEF0EEF0EEE0EEE0EED0EFB
:10ED3000ED0EEC0EEC0EEB0EEB0EEA0EEA0EE90E0B
:10ED4000E90EE80EE80EE70EE70EE60EE60EE50E1B
:10ED5000E50EE40EE40EE30EE30EE20EE20EE10E2B
:10ED6000E10EE00EE00EDF0EDF0EDE0EDE0EDD0E3B
:10ED7000DD0EDC0EDC0EDB0EDB0EDA0EDA0ED90E4B
:10ED8000D90ED80ED80ED70ED70ED60ED60ED50E5B
:10ED9000D50ED40ED40ED30ED30ED20ED20ED10E6B
:10EDA000D10ED00ED00ECF0ECF0ECE0ECE0ECD0E7B
:10EDB000CD0ECC0ECC0ECB0ECB0ECA0ECA0EC90E8B
:10EDC000C90EC80EC80EC70EC70EC60EC60EC50E9B
:10EDD000C50EC40EC40EC30EC30EC20EC20EC10EAB
:10EDE000C10EC00EC00EBF0EBF0EBE0EBE0EBD0EBB
:10EDF000BD0EBC0EBC0EBB0EBB0EBA0EBA0EB90ECB
:10EE0000B90EB80EB80EB70EB70EB60EB60EB50EDA
:10EE1000B50EB40EB40EB30EB30EB20EB20EB10EEA
:10EE2000B10EB00EB00EAF0EAF0EAE0EAE0EAD0EFA
:10EE3000AD0EAC0EAC0EAB0EAB0EAA0EAA0EA90E0A
:10EE4000A90EA80EA80EA70EA70EA60EA60EA50E1A
:10EE5000A50EA40EA40EA30EA30EA20EA20EA10E2A
:10EE6000A10EA00EA00E9F0E9F0E9E0E9E0E9D0E3A
:10EE70009D0E9C0E9C0E9B0E9B0E9A0E9A0E990E4A
:10EE8000990E980E980E970E970E960E960E950E5A
:10EE9000950E940E940E930E930E920E920E910E6A
:10EEA000910E900E900E8F0E8F0E8E0E8E0E8D0E7A
:10EEB0008D0E8C0E8C0E8B0E8B0E8A0E8A0E890E8A
:10EEC000890E880E880E870E870E860E860E850E9A
:10EED000850E840E840E830E830E820E820E810EAA
:10EEE000810E800E800E7F0E7F0E7E0E7E0E7D0EBA
:10EEF0007D0E7C0E7C0E7B0E7B0E7A0E7A0E790ECA
:10EF0000790E780E780E770E770E760E760E750ED9
:10EF1000750E740E740E730E730E720E720E710EE9
:10EF2000710E700E700E6F0E6F0E6E0E6E0E6D0EF9
:10EF30006D0E6C0E6C0E6B0E6B0E6A0E6A0E690E09
:10EF4000690E680E680E670E670E660E660E650E19
:10EF5000650E640E640E630E630E620E620E610E29
:10EF6000610E600E600E5F0E5F0E5E0E5E0E5D0E39
:10EF70005D0E5C0E5C0E5B0E5B0E5A0E5A0E590E49
:10EF8000590E580E580E570E570E560E560E550E59
:10EF9000550E540E540E530E530E520E520E510E69
:10EFA000510E500E500E4F0E4F0E4E0E4E0E4D0E79
:10EFB0004D0E4C0E4C0E4B0E4B0E4A0E4A0E490E89
:10EFC000490E480E480E470E470E460E460E450E99
:10EFD000450E440E440E430E430E420E420E410EA9
:10EFE000410E400E400E3F0E3F0E3E0E3E0E3D0EB9
:10EFF0003D0E3C0E3C0E3B0E3B0E3A0E3A0E390EC9
:10F00000390E380E380E370E370E360E360E350ED8
:10F01000350E340E340E330E330E320E320E310EE8
:10F02000310E300E300E2F0E2F0E2E0E2E0E2D0EF8
:10F030002D0E2C0E2C0E2B0E2B0E2A0E2A0E290E08
:10F04000290E280E280E270E270E260E260E250E18
:10F05000250E240E240E230E230E220E220E210E28
:10F06000210E200E200E1F0E1F0E1E0E1E0E1D0E38
:10F070001D0E1C0E1C0E1B0E1B0E1A0E1A0E190E48
:10F08000190E180E180E170E170E160E160E150E58
:10F09000150E140E140E130E130E120E120E110E68
:10F0A000110E100E100E0F0E0F0E0E0E0E0E0D0E78
:10F0B0000D0E0C0E0C0E0B0E0B0E0A0E0A0E090E88
:10F0C000090E080E080E070E070E060E060E050E98
:10F0D000050E040E040E030E030E020E020E010EA8
:10F0E000010E000E000EFF0DFF0DFE0DFE0DFD0DBD
:10F0F000FD0DFC0DFC0DFB0DFB0DFA0DFA0DF90DD0
:10F10000F90DF80DF80DF70DF70DF60DF60DF50DDF
:10F11000F50DF40DF40DF30DF30DF20DF20DF10DEF
:10F12000F10DF00DF00DEF0DEF0DEE0DEE0DED0DFF
:10F13000ED0DEC0DEC0DEB0DEB0DEA0DEA0DE90D0F
:10F14000E90DE80DE80DE70DE70DE60DE60DE50D1F
:10F15000E50DE40DE40DE30DE30DE20DE20DE10D2F
:10F16000E10DE00DE00DDF0DDF0DDE0DDE0DDD0D3F
:10F17000DD0DDC0DDC0DDB0DDB0DDA0DDA0DD90D4F
:10F18000D90DD80DD80DD70DD70DD60DD60DD50D5F
:10F19000D50DD40DD40DD30DD30DD20DD20DD10D6F
:10F1A000D10DD00DD00DCF0DCF0DCE0DCE0DCD0D7F
:10F1B000CD0DCC0DCC0DCB0DCB0DCA0DCA0DC90D8F
:10F1C000C90DC80DC80DC70DC70DC60DC60DC50D9F
:10F1D000C50DC40DC40DC30DC30DC20DC20DC10DAF
:10F1E000C10DC00DC00DBF0DBF0DBE0DBE0DBD0DBF
:10F1F000BD0DBC0DBC0DBB0DBB0DBA0DBA0DB90DCF
:10F20000B90DB80DB80DB70DB70DB60DB60DB50DDE
:10F21000B50DB40DB40DB30DB30DB20DB20DB10DEE
:10F22000B10DB00DB00DAF0DAF0DAE0DAE0DAD0DFE
:10F23000AD0DAC0DAC0DAB0DAB0DAA0DAA0DA90D0E
:10F24000A90DA80DA80DA70DA70DA60DA60DA50D1E
:10F25000A50DA40DA40DA30DA30DA20DA20DA10D2E
:10F26000A10DA00DA00D9F0D9F0D9E0D9E0D9D0D3E
:10F270009D0D9C0D9C0D9B0D9B0D9A0D9A0D990D4E
:10F28000990D980D980D970D970D960D960D950D5E
:10F29000950D940D940D930D930D920D920D910D6E
:10F2A000910D900D900D8F0D8F0D8E0D8E0D8D0D7E
:10F2B0008D0D8C0D8C0D8B0D8B0D8A0D8A0D890D8E
:10F2C000890D880D880D870D870D860D860D850D9E
:10F2D000850D840D840D830D830D820D820D810DAE
:10F2E000810D800D800D7F0D7F0D7E0D7E0D7D0DBE
:10F2F0007D0D7C0D7C0D7B0D7B0D7A0D7A0D790DCE
:10F30000790D780D780D770D770D760D760D750DDD
:10F31000750D740D740D730D730D720D720D710DED
:10F32000710D700D700D6F0D6F0D6E0D6E0D6D0DFD
:10F330006D0D6C0D6C0D6B0D6B0D6A0D6A0D690D0D
:10F34000690D680D680D670D670D660D660D650D1D
:10F35000650D640D640D630D630D620D620D610D2D
:10F36000610D600D600D5F0D5F0D5E0D5E0D5D0D3D
:10F370005D0D5C0D5C0D5B0D5B0D5A0D5A0D590D4D
:10F38000590D580D580D570D570D560D560D550D5D
:10F39000550D540D540D530D530D520D520D510D6D
:10F3A000510D500D500D4F0D4F0D4E0D4E0D4D0D7D
:10F3B0004D0D4C0D4C0D4B0D4B0D4A0D4A0D490D8D
:10F3C000490D480D480D470D470D460D460D450D9D
:10F3D000450D440D440D430D430D420D420D410DAD
:10F3E000410D400D400D3F0D3F0D3E0D3E0D3D0DBD
:10F3F0003D0D3C0D3C0D3B0D3B0D3A0D3A0D390DCD
:10F40000390D380D380D370D370D360D360D350DDC
:10F41000350D340D340D330D330D320D320D310DEC
:10F42000310D300D300D2F0D2F0D2E0D2E0D2D0DFC
:10F430002D0D2C0D2C0D2B0D2B0D2A0D2A0D290D0C
:10F44000290D280D280D270D270D260D260D250D1C
:10F45000250D240D240D230D230D220D220D210D2C
:10F46000210D200D200D1F0D1F0D1E0D1E0D1D0D3C
:10F470001D0D1C0D1C0D1B0D1B0D1A0D1A0D190D4C
:10F48000190D180D180D170D170D160D160D150D5C
:10F49000150D140D140D130D130D120D120D110D6C
:10F4A000110D100D100D0F0D0F0D0E0D0E0D0D0D7C
:10F4B0000D0D0C0D0C0D0B0D0B0D0A0D0A0D090D8C
:10F4C000090D080D080D070D070D060D060D050D9C
:10F4D000050D040D040D030D030D020D020D010DAC
:10F4E000010D000D000DFF0CFF0CFE0CFE0CFD0CC1
:10F4F000FD0CFC0CFC0CFB0CFB0CFA0CFA0CF90CD4
:10F50000F90CF80CF80CF70CF70CF60CF60CF50CE3
:10F51000F50CF40CF40CF30CF30CF20CF20CF10CF3
:10F52000F10CF00CF00CEF0CEF0CEE0CEE0CED0C03
:10F53000ED0CEC0CEC0CEB0CEB0CEA0CEA0CE90C13
:10F54000E90CE80CE80CE70CE70CE60CE60CE50C23
:10F55000E50CE40CE40CE30CE30CE20CE20CE10C33
:10F56000E10CE00CE00CDF0CDF0CDE0CDE0CDD0C43
:10F57000DD0CDC0CDC0CDB0CDB0CDA0CDA0CD90C53
:10F58000D90CD80CD80CD70CD70CD60CD60CD50C63
:10F59000D50CD40CD40CD30CD30CD20CD20CD10C73
:10F5A000D10CD00CD00CCF0CCF0CCE0CCE0CCD0C83
:10F5B000CD0CCC0CCC0CCB0CCB0CCA0CCA0CC90C93
:10F5C000C90CC80CC80CC70CC70CC60CC60CC50CA3
:10F5D000C50CC40CC40CC30CC30CC20CC20CC10CB3
:10F5E000C10CC00CC00CBF0CBF0CBE0CBE0CBD0CC3
:10F5F000BD0CBC0CBC0CBB0CBB0CBA0CBA0CB90CD3
:10F60000B90CB80CB80CB70CB70CB60CB60CB50CE2
:10F61000B50CB40CB40CB30CB30CB20CB20CB10CF2
:10F62000B10CB00CB00CAF0CAF0CAE0CAE0CAD0C02
:10F63000AD0CAC0CAC0CAB0CAB0CAA0CAA0CA90C12
:10F64000A90CA80CA80CA70CA70CA60CA60CA50C22
:10F65000A50CA40CA40CA30CA30CA20CA20CA10C32
:10F66000A10CA00CA00C9F0C9F0C9E0C9E0C9D0C42
:10F670009D0C9C0C9C0C9B0C9B0C9A0C9A0C990C52
:10F68000990C980C980C970C970C960C960C950C62
:10F69000950C940C940C930C930C920C920C910C72
:10F6A000910C900C900C8F0C8F0C8E0C8E0C8D0C82
:10F6B0008D0C8C0C8C0C8B0C8B0C8A0C8A0C890C92
:10F6C000890C880C880C870C870C860C860C850CA2
:10F6D000850C840C840C830C830C820C820C810CB2
:10F6E000810C800C800C7F0C7F0C7E0C7E0C7D0CC2
:10F6F0007D0C7C0C7C0C7B0C7B0C7A0C7A0C790CD2
:10F70000790C780C780C770C770C760C760C750CE1
:10F71000750C740C740C730C730C720C720C710CF1
:10F72000710C700C700C6F0C6F0C6E0C6E0C6D0C01
:10F730006D0C6C0C6C0C6B0C6B0C6A0C6A0C690C11
:10F74000690C680C680C670C670C660C660C650C21
:10F75000650C640C640C630C630C620C620C610C31
:10F76000610C600C600C5F0C5F0C5E0C5E0C5D0C41
:10F770005D0C5C0C5C0C5B0C5B0C5A0C5A0C590C51
:10F78000590C580C580C570C570C560C560C550C61
:10F79000550C540C540C530C530C520C520C510C71
:10F7A000510C500C500C4F0C4F0C4E0C4E0C4D0C81
:10F7B0004D0C4C0C4C0C4B0C4B0C4A0C4A0C490C91
:10F7C000490C480C480C470C470C460C460C450CA1
:10F7D000450C440C440C430C430C420C420C410CB1
:10F7E000410C400C400C3F0C3F0C3E0C3E0C3D0CC1
:10F7F0003D0C3C0C3C0C3B0C3B0C3A0C3A0C390CD1
:10F80000390C380C380C370C370C360C360C350CE0
:10F81000350C340C340C330C330C320C320C310CF0
:10F82000310C300C300C2F0C2F0C2E0C2E0C2D0C00
:10F830002D0C2C0C2C0C2B0C2B0C2A0C2A0C290C10
:10F84000290C280C280C270C270C260C260C250C20
:10F85000250C240C240C230C230C220C220C210C30
:10F86000210C200C200C1F0C1F0C1E0C1E0C1D0C40
:10F870001D0C1C0C1C0C1B0C1B0C1A0C1A0C190C50
:10F88000190C180C180C170C170C160C160C150C60
:10F89000150C140C140C130C130C120C120C110C70
:10F8A000110C100C100C0F0C0F0C0E0C0E0C0D0C80
:10F8B0000D0C0C0C0C0C0B0C0B0C0A0C0A0C090C90
:10F8C000090C080C080C070C070C060C060C050CA0
:10F8D000050C040C040C030C030C020C020C010CB0
:10F8E000010C000C000CFF0BFF0BFE0BFE0BFD0BC5
:10F8F000FD0BFC0BFC0BFB0BFB0BFA0BFA0BF90BD8
:10F90000F90BF80BF80BF70BF70BF60BF60BF50BE7
:10F91000F50BF40BF40BF30BF30BF20BF20BF10BF7
:10F92000F10BF00BF00BEF0BEF0BEE0BEE0BED0B07
:10F93000ED0BEC0BEC0BEB0BEB0BEA0BEA0BE90B17
:10F94000E90BE80BE80BE70BE70BE60BE60BE50B27
:10F95000E50BE40BE40BE30BE30BE20BE20BE10B37
:10F96000E10BE00BE00BDF0BDF0BDE0BDE0BDD0B47
:10F97000DD0BDC0BDC0BDB0BDB0BDA0BDA0BD90B57
:10F98000D90BD80BD80BD70BD70BD60BD60BD50B67
:10F99000D50BD40BD40BD30BD30BD20BD20BD10B77
:10F9A000D10BD00BD00BCF0BCF0BCE0BCE0BCD0B87
:10F9B000CD0BCC0BCC0BCB0BCB0BCA0BCA0BC90B97
:10F9C000C90BC80BC80BC70BC70BC60BC60BC50BA7
:10F9D000C50BC40BC40BC30BC30BC20BC20BC10BB7
:10F9E000C10BC00BC00BBF0BBF0BBE0BBE0BBD0BC7
:10F9F000BD0BBC0BBC0BBB0BBB0BBA0BBA0BB90BD7
:10FA0000B90BB80BB80BB70BB70BB60BB60BB50BE6
:10FA1000B50BB40BB40BB30BB30BB20BB20BB10BF6
:10FA2000B10BB00BB00BAF0BAF0BAE0BAE0BAD0B06
:10FA3000AD0BAC0BAC0BAB0BAB0BAA0BAA0BA90B16
:10FA4000A90BA80BA80BA70BA70BA60BA60BA50B26
:10FA5000A50BA40BA40BA30BA30BA20BA20BA10B36
:10FA6000A10BA00BA00B9F0B9F0B9E0B9E0B9D0B46
:10FA70009D0B9C0B9C0B9B0B9B0B9A0B9A0B990B56
:10FA8000990B980B980B970B970B960B960B950B66
:10FA9000950B940B940B930B930B920B920B910B76
:10FAA000910B900B900B8F0B8F0B8E0B8E0B8D0B86
:10FAB0008D0B8C0B8C0B8B0B8B0B8A0B8A0B890B96
:10FAC000890B880B880B870B870B860B860B850BA6
:10FAD000850B840B840B830B830B820B820B810BB6
:10FAE000810B800B800B7F0B7F0B7E0B7E0B7D0BC6
:10FAF0007D0B7C0B7C0B7B0B7B0B7A0B7A0B790BD6
:10FB0000790B780B780B770B770B760B760B750BE5
:10FB1000750B740B740B730B730B720B720B710BF5
:10FB2000710B700B700B6F0B6F0B6E0B6E0B6D0B05
:10FB30006D0B6C0B6C0B6B0B6B0B6A0B6A0B690B15
:10FB4000690B680B680B670B670B660B660B650B25
:10FB5000650B640B640B630B630B620B620B610B35
:10FB6000610B600B600B5F0B5F0B5E0B5E0B5D0B45
:10FB70005D0B5C0B5C0B5B0B5B0B5A0B5A0B590B55
:10FB8000590B580B580B570B570B560B560B550B65
:10FB9000550B540B540B530B530B520B520B510B75
:10FBA000510B500B500B4F0B4F0B4E0B4E0B4D0B85
:10FBB0004D0B4C0B4C0B4B0B4B0B4A0B4A0B490B95
:10FBC000490B480B480B470B470B460B460B450BA5
:10FBD000450B440B440B430B430B420B420B410BB5
:10FBE000410B400B400B3F0B3F0B3E0B3E0B3D0BC5
:10FBF0003D0B3C0B3C0B3B0B3B0B3A0B3A0B390BD5
:10FC0000390B380B380B370B370B360B360B350BE4
:10FC1000350B340B340B330B330B320B320B310BF4
:10FC2000310B300B300B2F0B2F0B2E0B2E0B2D0B04
:10FC30002D0B2C0B2C0B2B0B2B0B2A0B2A0B290B14
:10FC4000290B280B280B270B270B260B260B250B24
:10FC5000250B240B240B230B230B220B220B210B34
:10FC6000210B200B200B1F0B1F0B1E0B1E0B1D0B44
:10FC70001D0B1C0B1C0B1B0B1B0B1A0B1A0B190B54
:10FC8000190B180B180B170B170B160B160B150B64
:10FC9000150B140B140B130B130B120B120B110B74
:10FCA000110B100B100B0F0B0F0B0E0B0E0B0D0B84
:10FCB0000D0B0C0B0C0B0B0B0B0B0A0B0A0B090B94
:10FCC000090B080B080B070B070B060B060B050BA4
:10FCD000050B040B040B030B030B020B020B010BB4
:10FCE000010B000B000BFF0AFF0AFE0AFE0AFD0AC9
:10FCF000FD0AFC0AFC0AFB0AFB0AFA0AFA0AF90ADC
:10FD0000F90AF80AF80AF70AF70AF60AF60AF50AEB
:10FD1000F50AF40AF40AF30AF30AF20AF20AF10AFB
:10FD2000F10AF00AF00AEF0AEF0AEE0AEE0AED0A0B
:10FD3000ED0AEC0AEC0AEB0AEB0AEA0AEA0AE90A1B
:10FD4000E90AE80AE80AE70AE70AE60AE60AE50A2B
:10FD5000E50AE40AE40AE30AE30AE20AE20AE10A3B
:10FD6000E10AE00AE00ADF0ADF0ADE0ADE0ADD0A4B
:10FD7000DD0ADC0ADC0ADB0ADB0ADA0ADA0AD90A5B
:10FD8000D90AD80AD80AD70AD70AD60AD60AD50A6B
:10FD9000D50AD40AD40AD30AD30AD20AD20AD10A7B
:10FDA000D10AD00AD00ACF0ACF0ACE0ACE0ACD0A8B
:10FDB000CD0ACC0ACC0ACB0ACB0ACA0ACA0AC90A9B
:10FDC000C90AC80AC80AC70AC70AC60AC60AC50AAB
:10FDD000C50AC40AC40AC30AC30AC20AC20AC10ABB
:10FDE000C10AC00AC00ABF0ABF0ABE0ABE0ABD0ACB
:10FDF000BD0ABC0ABC0ABB0ABB0ABA0ABA0AB90ADB
:10FE0000B90AB80AB80AB70AB70AB60AB60AB50AEA
:10FE1000B50AB40AB40AB30AB30AB20AB20AB10AFA
:10FE2000B10AB00AB00AAF0AAF0AAE0AAE0AAD0A0A
:10FE3000AD0AAC0AAC0AAB0AAB0AAA0AAA0AA90A1A
:10FE4000A90AA80AA80AA70AA70AA60AA60AA50A2A
:10FE5000A50AA40AA40AA30AA30AA20AA20AA10A3A
:10FE6000A10AA00AA00A9F0A9F0A9E0A9E0A9D0A4A
:10FE70009D0A9C0A9C0A9B0A9B0A9A0A9A0A990A5A
:10FE8000990A980A980A970A970A960A960A950A6A
:10FE9000950A940A940A930A930A920A920A910A7A
:10FEA000910A900A900A8F0A8F0A8E0A8E0A8D0A8A
:10FEB0008D0A8C0A8C0A8B0A8B0A8A0A8A0A890A9A
:10FEC000890A880A880A870A870A860A860A850AAA
:10FED000850A840A840A830A830A820A820A810ABA
:10FEE000810A800A800A7F0A7F0A7E0A7E0A7D0ACA
:10FEF0007D0A7C0A7C0A7B0A7B0A7A0A7A0A790ADA
:10FF0000790A780A780A770A770A760A760A750AE9
:10FF1000750A740A740A730A730A720A720A710AF9
:10FF2000710A700A700A6F0A6F0A6E0A6E0A6D0A09
:10FF30006D0A6C0A6C0A6B0A6B0A6A0A6A0A690A19
:10FF4000690A680A680A670A670A660A660A650A29
:10FF5000650A640A640A630A630A620A620A610A39
:10FF6000610A600A600A5F0A5F0A5E0A5E0A5D0A49
:10FF70005D0A5C0A5C0A5B0A5B0A5A0A5A0A590A59
:10FF8000590A580A580A570A570A560A560A550A69
:10FF9000550A540A540A530A530A520A520A510A79
:10FFA000510A500A500A4F0A4F0A4E0A4E0A4D0A89
:10FFB0004D0A4C0A4C0A4B0A4B0A4A0A4A0A490A99
:10FFC000490A480A480A470A470A460A460A450AA9
:10FFD000450A440A440A430A430A420A420A410AB9
:10FFE000410A400A400A3F0A3F0A3E0A3E0A3D0AC9
:10FFF0003D0A3C0A3C0A3B0A3B0A3A0A3A0A390AD9
:020000040802F0
:10000000390A380A380A370A370A360A360A350AE8
:10001000350A340A340A330A330A320A320A310AF8
:10002000310A300A300A2F0A2F0A2E0A2E0A2D0A08
:100030002D0A2C0A2C0A2B0A2B0A2A0A2A0A290A18
:10004000290A280A280A270A270A260A260A250A28
:10005000250A240A240A230A230A220A220A210A38
:10006000210A200A200A1F0A1F0A1E0A1E0A1D0A48
:100070001D0A1C0A1C0A1B0A1B0A1A0A1A0A190A58
:10008000190A180A180A170A170A160A160A150A68
:10009000150A140A140A130A130A120A120A110A78
:1000A000110A100A100A0F0A0F0A0E0A0E0A0D0A88
:1000B0000D0A0C0A0C0A0B0A0B0A0A0A0A0A090A98
:1000C000090A080A080A070A070A060A060A050AA8
:1000D000050A040A040A030A030A020A020A010AB8
:1000E000010A000A000AFF09FF09FE09FE09FD09CD
:1000F000FD09FC09FC09FB09FB09FA09FA09F909E0
:10010000F909F809F809F709F709F609F609F509EF
:10011000F509F409F409F309F309F209F209F109FF
:10012000F109F009F009EF09EF09EE09EE09ED090F
:10013000ED09EC09EC09EB09EB09EA09EA09E9091F
:10014000E909E809E809E709E709E609E609E5092F
:10015000E509E409E409E309E309E209E209E1093F
:10016000E109E009E009DF09DF09DE09DE09DD094F
:10017000DD09DC09DC09DB09DB09DA09DA09D9095F
:10018000D909D809D809D709D709D609D609D5096F
:10019000D509D409D409D309D309D209D209D1097F
:1001A000D109D009D009CF09CF09CE09CE09CD098F
:1001B000CD09CC09CC09CB09CB09CA09CA09C9099F
:1001C000C909C809C809C709C709C609C609C509AF
:1001D000C509C409C409C309C309C209C209C109BF
:1001E000C109C009C009BF09BF09BE09BE09BD09CF
:1001F000BD09BC09BC09BB09BB09BA09BA09B909DF
:10020000B909B809B809B709B709B609B609B509EE
:10021000B509B409B409B309B309B209B209B109FE
:10022000B109B009B009AF09AF09AE09AE09AD090E
:10023000AD09AC09AC09AB09AB09AA09AA09A9091E
:10024000A909A809A809A709A709A609A609A5092E
:10025000A509A409A409A309A309A209A209A1093E
:10026000A109A009A0099F099F099E099E099D094E
:100270009D099C099C099B099B099A099A0999095E
:10028000990998099809970997099609960995096E
:10029000950994099409930993099209920991097E
:1002A0009109900990098F098F098E098E098D098E
:1002B0008D098C098C098B098B098A098A0989099E
:1002C00089098809880987098709860986098509AE
:1002D00085098409840983098309820982098109BE
:1002E0008109800980097F097F097E097E097D09CE
:1002F0007D097C097C097B097B097A097A097909DE
:1003000079097809780977097709760976097509ED
:1003100075097409740973097309720972097109FD
:100320007109700970096F096F096E096E096D090D
:100330006D096C096C096B096B096A096A0969091D
:10034000690968096809670967096609660965092D
:10035000650964096409630963096209620961093D
:100360006109600960095F095F095E095E095D094D
:100370005D095C095C095B095B095A095A0959095D
:10038000590958095809570957095609560955096D
:10039000550954095409530953095209520951097D
:1003A0005109500950094F094F094E094E094D098D
:1003B0004D094C094C094B094B094A094A0949099D
:1003C00049094809480947094709460946094509AD
:1003D00045094409440943094309420942094109BD
:1003E0004109400940093F093F093E093E093D09CD
:1003F0003D093C093C093B093B093A093A093909DD
:1004000039093809380937093709360936093509EC
:1004100035093409340933093309320932093109FC
:100420003109300930092F092F092E092E092D090C
:100430002D092C092C092B092B092A092A0929091C
:10044000290928092809270927092609260925092C
:10045000250924092409230923092209220921093C
:100460002109200920091F091F091E091E091D094C
:100470001D091C091C091B091B091A091A0919095C
:10048000190918091809170917091609160915096C
:10049000150914091409130913091209120911097C
:1004A0001109100910090F090F090E090E090D098C
:1004B0000D090C090C090B090B090A090A0909099C
:1004C00009090809080907090709060906090509AC
:1004D00005090409040903090309020902090109BC
:1004E000010900090009FF08FF08FE08FE08FD08D1
:1004F000FD08FC08FC08FB08FB08FA08FA08F908E4
:10050000F908F808F808F708F708F608F608F508F3
:10051000F508F408F408F308F308F208F208F10803
:10052000F108F008F008EF08EF08EE08EE08ED0813
:10053000ED08EC08EC08EB08EB08EA08EA08E90823
:10054000E908E808E808E708E708E608E608E50833
:10055000E508E408E408E308E308E208E208E10843
:10056000E108E008E008DF08DF08DE08DE08DD0853
:10057000DD08DC08DC08DB08DB08DA08DA08D90863
:10058000D908D808D808D708D708D608D608D50873
:10059000D508D408D408D308D308D208D208D10883
:1005A000D108D008D008CF08CF08CE08CE08CD0893
:1005B000CD08CC08CC08CB08CB08CA08CA08C908A3
:1005C000C908C808C808C708C708C608C608C508B3
:1005D000C508C408C408C308C308C208C208C108C3
:1005E000C108C008C008BF08BF08BE08BE08BD08D3
:1005F000BD08BC08BC08BB08BB08BA08BA08B908E3
:10060000B908B808B808B708B708B608B608B508F2
:10061000B508B408B408B308B308B208B208B10802
:10062000B108B008B008AF08AF08AE08AE08AD0812
:10063000AD08AC08AC08AB08AB08AA08AA08A90822
:10064000A908A808A808A708A708A608A608A50832
:10065000A508A408A408A308A308A208A208A10842
:10066000A108A008A0089F089F089E089E089D0852
:100670009D089C089C089B089B089A089A08990862
:100680009908980898089708970896089608950872
:100690009508940894089308930892089208910882
:1006A0009108900890088F088F088E088E088D0892
:1006B0008D088C088C088B088B088A088A088908A2
:1006C00089088808880887088708860886088508B2
:1006D00085088408840883088308820882088108C2
:1006E0008108800880087F087F087E087E087D08D2
:1006F0007D087C087C087B087B087A087A087908E2
:1007000079087808780877087708760876087508F1
:100710007508740874087308730872087208710801
:100720007108700870086F086F086E086E086D0811
:100730006D086C086C086B086B086A086A08690821
:100740006908680868086708670866086608650831
:100750006508640864086308630862086208610841
:100760006108600860085F085F085E085E085D0851
:100770005D085C085C085B085B085A085A08590861
:100780005908580858085708570856085608550871
:100790005508540854085308530852085208510881
:1007A0005108500850084F084F084E084E084D0891
:1007B0004D084C084C084B084B084A084A084908A1
:1007C00049084808480847084708460846084508B1
:1007D00045084408440843084308420842084108C1
:1007E0004108400840083F083F083E083E083D08D1
:1007F0003D083C083C083B083B083A083A083908E1
:1008000039083808380837083708360836083508F0
:100810003508340834083308330832083208310800
:100820003108300830082F082F082E082E082D0810
:100830002D082C082C082B082B082A082A08290820
:100840002908280828082708270826082608250830
:100850002508240824082308230822082208210840
:100860002108200820081F081F081E081E081D0850
:100870001D081C081C081B081B081A081A08190860
:100880001908180818081708170816081608150870
:100890001508140814081308130812081208110880
:1008A0001108100810080F080F080E080E080D0890
:1008B0000D080C080C080B080B080A080A080908A0
:1008C00009080808080807080708060806080508B0
:1008D00005080408040803080308020802080108C0
:1008E000010800080008FF07FF07FF07FE07FE07D3
:1008F000FD07FD07FC07FC07FB07FB07FA07FA07E4
:10090000F907F907F807F807F707F707F607F607F3
:10091000F507F507F407F407F307F307F207F20703
:10092000F107F107F007F007EF07EF07EE07EE0713
:10093000ED07ED07EC07EC07EB07EB07EA07EA0723
:10094000E907E907E807E807E707E707E607E60733
:10095000E507E507E407E407E307E307E207E20743
:10096000E107E107E007E007DF07DF07DE07DE0753
:10097000DD07DD07DC07DC07DB07DB07DA07DA0763
:10098000D907D907D807D807D707D707D607D60773
:10099000D507D507D407D407D307D307D207D20783
:1009A000D107D107D007D007CF07CF07CE07CE0793
:1009B000CD07CD07CC07CC07CB07CB07CA07CA07A3
:1009C000C907C907C807C807C707C707C607C607B3
:1009D000C507C507C407C407C307C307C207C207C3
:1009E000C107C107C007C007BF07BF07BE07BE07D3
:1009F000BD07BD07BC07BC07BB07BB07BA07BA07E3
:100A0000B907B907B807B807B707B707B607B607F2
:100A1000B507B507B407B407B307B307B207B20702
:100A2000B107B107B007B007AF07AF07AE07AE0712
:100A3000AD07AD07AC07AC07AB07AB07AA07AA0722
:100A4000A907A907A807A807A707A707A607A60732
:100A5000A507A507A407A407A307A307A207A20742
:100A6000A107A107A007A0079F079F079E079E0752
:100A70009D079D079C079C079B079B079A079A0762
:100A80009907990798079807970797079607960772
:100A90009507950794079407930793079207920782
:100AA00091079107900790078F078F078E078E0792
:100AB0008D078D078C078C078B078B078A078A07A2
:100AC00089078907880788078707870786078607B2
:100AD00085078507840784078307830782078207C2
:100AE00081078107800780077F077F077E077E07D2
:100AF0007D077D077C077C077B077B077A077A07E2
:100B000079077907780778077707770776077607F1
:100B10007507750774077407730773077207720701
:100B200071077107700770076F076F076E076E0711
:100B30006D076D076C076C076B076B076A076A0721
:100B40006907690768076807670767076607660731
:100B50006507650764076407630763076207620741
:100B600061076107600760075F075F075E075E0751
:100B70005D075D075C075C075B075B075A075A0761
:100B80005907590758075807570757075607560771
:100B90005507550754075407530753075207520781
:100BA00051075107500750074F074F074E074E0791
:100BB0004D074D074C074C074B074B074A074A07A1
:100BC00049074907480748074707470746074607B1
:100BD00045074507440744074307430742074207C1
:100BE00041074107400740073F073F073E073E07D1
:100BF0003D073D073C073C073B073B073A073A07E1
:100C000039073907380738073707370736073607F0
:100C10003507350734073407330733073207320700
:100C200031073107300730072F072F072E072E0710
:100C30002D072D072C072C072B072B072A072A0720
:100C40002907290728072807270727072607260730
:100C50002507250724072407230723072207220740
:100C600021072107200720071F071F071E071E0750
:100C70001D071D071C071C071B071B071A071A0760
:100C80001907190718071807170717071607160770
:100C90001507150714071407130713071207120780
:100CA00011071107100710070F070F070E070E0790
:100CB0000D070D070C070C070B070B070A070A07A0
:100CC00009070907080708070707070706070607B0
:100CD00005070507040704070307030702070207C0
:100CE0000107010700070007FF06FF06FE06FE06D4
:100CF000FD06FD06FC06FC06FB06FB06FA06FA06E8
:100D0000F906F906F806F806F706F706F606F606F7
:100D1000F506F506F406F406F306F306F206F20607
:100D2000F106F106F006F006EF06EF06EE06EE0617
:100D3000ED06ED06EC06EC06EB06EB06EA06EA0627
:100D4000E906E906E806E806E706E706E606E60637
:100D5000E506E506E406E406E306E306E206E20647
:100D6000E106E106E006E006DF06DF06DE06DE0657
:100D7000DD06DD06DC06DC06DB06DB06DA06DA0667
:100D8000D906D906D806D806D706D706D606D60677
:100D9000D506D506D406D406D306D306D206D20687
:100DA000D106D106D006D006CF06CF06CE06CE0697
:100DB000CD06CD06CC06CC06CB06CB06CA06CA06A7
:100DC000C906C906C806C806C706C706C606C606B7
:100DD000C506C506C406C406C306C306C206C206C7
:100DE000C106C106C006C006BF06BF06BE06BE06D7
:100DF000BD06BD06BC06BC06BB06BB06BA06BA06E7
:100E0000B906B906B806B806B706B706B606B606F6
:100E1000B506B506B406B406B306B306B206B20606
:100E2000B106B106B006B006AF06AF06AE06AE0616
:100E3000AD06AD06AC06AC06AB06AB06AA06AA0626
:100E4000A906A906A806A806A706A706A606A60636
:100E5000A506A506A406A406A306A306A206A20646
:100E6000A106A106A006A0069F069F069E069E0656
:100E70009D069D069C069C069B069B069A069A0666
:100E80009906990698069806970697069606960676
:100E90009506950694069406930693069206920686
:100EA00091069106900690068F068F068E068E0696
:100EB0008D068D068C068C068B068B068A068A06A6
:100EC00089068906880688068706870686068606B6
:100ED00085068506840684068306830682068206C6
:100EE00081068106800680067F067F067E067E06D6
:100EF0007D067D067C067C067B067B067A067A06E6
:100F000079067906780678067706770676067606F5
:100F10007506750674067406730673067206720605
:100F200071067106700670066F066F066E066E0615
:100F30006D066D066C066C066B066B066A066A0625
:100F40006906690668066806670667066606660635
:100F50006506650664066406630663066206620645
:100F600061066106600660065F065F065E065E0655
:100F70005D065D065C065C065B065B065A065A0665
:100F80005906590658065806570657065606560675
:100F90005506550654065406530653065206520685
:100FA00051065106500650064F064F064E064E0695
:100FB0004D064D064C064C064B064B064A064A06A5
:100FC00049064906480648064706470646064606B5
:100FD00045064506440644064306430642064206C5
:100FE00041064106400640063F063F063E063E06D5
:100FF0003D063D063C063C063B063B063A063A06E5
:1010000039063906380638063706370636063606F4
:101010003506350634063406330633063206320604
:1010200031063106300630062F062F062E062E0614
:101030002D062D062C062C062B062B062A062A0624
:101040002906290628062806270627062606260634
:101050002506250624062406230623062206220644
:1010600021062106200620061F061F061E061E0654
:101070001D061D061C061C061B061B061A061A0664
:101080001906190618061806170617061606160674
:101090001506150614061406130613061206120684
:1010A00011061106100610060F060F060E060E0694
:1010B0000D060D060C060C060B060B060A060A06A4
:1010C00009060906080608060706070606060606B4
:1010D00005060506040604060306030602060206C4
:1010E0000106010600060006FF05FF05FE05FE05D8
:1010F000FD05FD05FC05FC05FB05FB05FA05FA05EC
:10110000F905F905F805F805F705F705F605F605FB
:10111000F505F505F405F405F305F305F205F2050B
:10112000F105F105F005F005EF05EF05EE05EE051B
:10113000ED05ED05EC05EC05EB05EB05EA05EA052B
:10114000E905E905E805E805E705E705E605E6053B
:10115000E505E505E405E405E305E305E205E2054B
:10116000E105E105E005E005DF05DF05DE05DE055B
:10117000DD05DD05DC05DC05DB05DB05DA05DA056B
:10118000D905D905D805D805D705D705D605D6057B
:10119000D505D505D405D405D305D305D205D2058B
:1011A000D105D105D005D005CF05CF05CE05CE059B
:1011B000CD05CD05CC05CC05CB05CB05CA05CA05AB
:1011C000C905C905C805C805C705C705C605C605BB
:1011D000C505C505C405C405C305C305C205C205CB
:1011E000C105C105C005C005BF05BF05BE05BE05DB
:1011F000BD05BD05BC05BC05BB05BB05BA05BA05EB
:10120000B905B905B805B805B705B705B605B605FA
:10121000B505B505B405B405B305B305B205B2050A
:10122000B105B105B005B005AF05AF05AE05AE051A
:10123000AD05AD05AC05AC05AB05AB05AA05AA052A
:10124000A905A905A805A805A705A705A605A6053A
:10125000A505A505A405A405A305A305A205A2054A
:10126000A105A105A005A0059F059F059E059E055A
:101270009D059D059C059C059B059B059A059A056A
:10128000990599059805980597059705960596057A
:10129000950595059405940593059305920592058A
:1012A00091059105900590058F058F058E058E059A
:1012B0008D058D058C058C058B058B058A058A05AA
:1012C00089058905880588058705870586058605BA
:1012D00085058505840584058305830582058205CA
:1012E00081058105800580057F057F057E057E05DA
:1012F0007D057D057C057C057B057B057A057A05EA
:1013000079057905780578057705770576057605F9
:101310007505750574057405730573057205720509
:1013200071057105700570056F056F056E056E0519
:101330006D056D056C056C056B056B056A056A0529
:101340006905690568056805670567056605660539
:101350006505650564056405630563056205620549
:1013600061056105600560055F055F055E055E0559
:101370005D055D055C055C055B055B055A055A0569
:101380005905590558055805570557055605560579
:101390005505550554055405530553055205520589
:1013A00051055105500550054F054F054E054E0599
:1013B0004D054D054C054C054B054B054A054A05A9
:1013C00049054905480548054705470546054605B9
:1013D00045054505440544054305430542054205C9
:1013E00041054105400540053F053F053E053E05D9
:1013F0003D053D053C053C053B053B053A053A05E9
:1014000039053905380538053705370536053605F8
:101410003505350534053405330533053205320508
:1014200031053105300530052F052F052E052E0518
:101430002D052D052C052C052B052B052A052A0528
:101440002905290528052805270527052605260538
:101450002505250524052405230523052205220548
:1014600021052105200520051F051F051E051E0558
:101470001D051D051C051C051B051B051A051A0568
:101480001905190518051805170517051605160578
:101490001505150514051405130513051205120588
:1014A00011051105100510050F050F050E050E0598
:1014B0000D050D050C050C050B050B050A050A05A8
:1014C00009050905080508050705070506050605B8
:1014D00005050505040504050305030502050205C8
:1014E0000105010500050005FF04FF04FE04FE04DC
:1014F000FD04FD04FC04FC04FB04FB04FA04FA04F0
:10150000F904F904F804F804F704F704F604F604FF
:10151000F504F504F404F404F304F304F204F2040F
:10152000F104F104F004F004EF04EF04EE04EE041F
:10153000ED04ED04EC04EC04EB04EB04EA04EA042F
:10154000E904E904E804E804E704E704E604E6043F
:10155000E504E504E404E404E304E304E204E2044F
:10156000E104E104E004E004DF04DF04DE04DE045F
:10157000DD04DD04DC04DC04DB04DB04DA04DA046F
:10158000D904D904D804D804D704D704D604D6047F
:10159000D504D504D404D404D304D304D204D2048F
:1015A000D104D104D004D004CF04CF04CE04CE049F
:1015B000CD04CD04CC04CC04CB04CB04CA04CA04AF
:1015C000C904C904C804C804C704C704C604C604BF
:1015D000C504C504C404C404C304C304C204C204CF
:1015E000C104C104C004C004BF04BF04BE04BE04DF
:1015F000BD04BD04BC04BC04BB04BB04BA04BA04EF
:10160000B904B904B804B804B704B704B604B604FE
:10161000B504B504B404B404B304B304B204B2040E
:10162000B104B104B004B004AF04AF04AE04AE041E
:10163000AD04AD04AC04AC04AB04AB04AA04AA042E
:10164000A904A904A804A804A704A704A604A6043E
:10165000A504A504A404A404A304A304A204A2044E
:10166000A104A104A004A0049F049F049E049E045E
:101670009D049D049C049C049B049B049A049A046E
:10168000990499049804980497049704960496047E
:10169000950495049404940493049304920492048E
:1016A00091049104900490048F048F048E048E049E
:1016B0008D048D048C048C048B048B048A048A04AE
:1016C00089048904880488048704870486048604BE
:1016D00085048504840484048304830482048204CE
:1016E00081048104800480047F047F047E047E04DE
:1016F0007D047D047C047C047B047B047A047A04EE
:1017000079047904780478047704770476047604FD
:10171000750475047404740473047304720472040D
:1017200071047104700470046F046F046E046E041D
:101730006D046D046C046C046B046B046A046A042D
:10174000690469046804680467046704660466043D
:10175000650465046404640463046304620462044D
:1017600061046104600460045F045F045E045E045D
:101770005D045D045C045C045B045B045A045A046D
:10178000590459045804580457045704560456047D
:10179000550455045404540453045304520452048D
:1017A00051045104500450044F044F044E044E049D
:1017B0004D044D044C044C044B044B044A044A04AD
:1017C00049044904480448044704470446044604BD
:1017D00045044504440444044304430442044204CD
:1017E00041044104400440043F043F043E043E04DD
:1017F0003D043D043C043C043B043B043A043A04ED
:1018000039043904380438043704370436043604FC
:10181000350435043404340433043304320432040C
:1018200031043104300430042F042F042E042E041C
:101830002D042D042C042C042B042B042A042A042C
:10184000290429042804280427042704260426043C
:10185000250425042404240423042304220422044C
:1018600021042104200420041F041F041E041E045C
:101870001D041D041C041C041B041B041A041A046C
:10188000190419041804180417041704160416047C
:10189000150415041404140413041304120412048C
:1018A00011041104100410040F040F040E040E049C
:1018B0000D040D040C040C040B040B040A040A04AC
:1018C00009040904080408040704070406040604BC
:1018D00005040504040404040304030402040204CC
:1018E0000104010400040004FF03FF03FE03FE03E0
:1018F000FD03FD03FC03FC03FB03FB03FA03FA03F4
:10190000F903F903F803F803F703F703F603F60303
:10191000F503F503F403F403F303F303F203F20313
:10192000F103F103F003F003EF03EF03EE03EE0323
:10193000ED03ED03EC03EC03EB03EB03EA03EA0333
:10194000E903E903E803E803E703E703E603E60343
:10195000E503E503E403E403E303E303E203E20353
:10196000E103E103E003E003DF03DF03DE03DE0363
:10197000DD03DD03DC03DC03DB03DB03DA03DA0373
:10198000D903D903D803D803D703D703D603D60383
:10199000D503D503D403D403D303D303D203D20393
:1019A000D103D103D003D003CF03CF03CE03CE03A3
:1019B000CD03CD03CC03CC03CB03CB03CA03CA03B3
:1019C000C903C903C803C803C703C703C603C603C3
:1019D000C503C503C403C403C303C303C203C203D3
:1019E000C103C103C003C003BF03BF03BE03BE03E3
:1019F000BD03BD03BC03BC03BB03BB03BA03BA03F3
:101A0000B903B903B803B803B703B703B603B60302
:101A1000B503B503B403B403B303B303B203B20312
:101A2000B103B103B003B003AF03AF03AE03AE0322
:101A3000AD03AD03AC03AC03AB03AB03AA03AA0332
:101A4000A903A903A803A803A703A703A603A60342
:101A5000A503A503A403A403A303A303A203A20352
:101A6000A103A103A003A0039F039F039E039E0362
:101A70009D039D039C039C039B039B039A039A0372
:101A80009903990398039803970397039603960382
:101A90009503950394039403930393039203920392
:101AA00091039103900390038F038F038E038E03A2
:101AB0008D038D038C038C038B038B038A038A03B2
:101AC00089038903880388038703870386038603C2
:101AD00085038503840384038303830382038203D2
:101AE00081038103800380037F037F037E037E03E2
:101AF0007D037D037C037C037B037B037A037A03F2
:101B00007903790378037803770377037603760301
:101B10007503750374037403730373037203720311
:101B200071037103700370036F036F036E036E0321
:101B30006D036D036C036C036B036B036A036A0331
:101B40006903690368036803670367036603660341
:101B50006503650364036403630363036203620351
:101B600061036103600360035F035F035E035E0361
:101B70005D035D035C035C035B035B035A035A0371
:101B80005903590358035803570357035603560381
:101B90005503550354035403530353035203520391
:101BA00051035103500350034F034F034E034E03A1
:101BB0004D034D034C034C034B034B034A034A03B1
:101BC00049034903480348034703470346034603C1
:101BD00045034503440344034303430342034203D1
:101BE00041034103400340033F033F033E033E03E1
:101BF0003D033D033C033C033B033B033A033A03F1
:101C00003903390338033803370337033603360300
:101C10003503350334033403330333033203320310
:101C200031033103300330032F032F032E032E0320
:101C30002D032D032C032C032B032B032A032A0330
:101C40002903290328032803270327032603260340
:101C50002503250324032403230323032203220350
:101C600021032103200320031F031F031E031E0360
:101C70001D031D031C031C031B031B031A031A0370
:101C80001903190318031803170317031603160380
:101C90001503150314031403130313031203120390
:101CA00011031103100310030F030F030E030E03A0
:101CB0000D030D030C030C030B030B030A030A03B0
:101CC00009030903080308030703070306030603C0
:101CD00005030503040304030303030302030203D0
:101CE0000103010300030003FF02FF02FE02FE02E4
:101CF000FD02FD02FC02FC02FB02FB02FA02FA02F8
:101D0000F902F902F802F802F702F702F602F60207
:101D1000F502F502F402F402F302F302F202F20217
:101D2000F102F102F002F002EF02EF02EE02EE0227
:101D3000ED02ED02EC02EC02EB02EB02EA02EA0237
:101D4000E902E902E802E802E702E702E602E60247
:101D5000E502E502E402E402E302E302E202E20257
:101D6000E102E102E002E002DF02DF02DE02DE0267
:101D7000DD02DD02DC02DC02DB02DB02DA02DA0277
:101D8000D902D902D802D802D702D702D602D60287
:101D9000D502D502D402D402D302D302D202D20297
:101DA000D102D102D002D002CF02CF02CE02CE02A7
:101DB000CD02CD02CC02CC02CB02CB02CA02CA02B7
:101DC000C902C902C802C802C702C702C602C602C7
:101DD000C502C502C402C402C302C302C202C202D7
:101DE000C102C102C002C002BF02BF02BE02BE02E7
:101DF000BD02BD02BC02BC02BB02BB02BA02BA02F7
:101E0000B902B902B802B802B702B702B602B60206
:101E1000B502B502B402B402B302B302B202B20216
:101E2000B102B102B002B002AF02AF02AE02AE0226
:101E3000AD02AD02AC02AC02AB02AB02AA02AA0236
:101E4000A902A902A802A802A702A702A602A60246
:101E5000A502A502A402A402A302A302A202A20256
:101E6000A102A102A002A0029F029F029E029E0266
:101E70009D029D029C029C029B029B029A029A0276
:101E80009902990298029802970297029602960286
:101E90009502950294029402930293029202920296
:101EA00091029102900290028F028F028E028E02A6
:101EB0008D028D028C028C028B028B028A028A02B6
:101EC00089028902880288028702870286028602C6
:101ED00085028502840284028302830282028202D6
:101EE00081028102800280027F027F027E027E02E6
:101EF0007D027D027C027C027B027B027A027A02F6
:101F00007902790278027802770277027602760205
:101F10007502750274027402730273027202720215
:101F200071027102700270026F026F026E026E0225
:101F30006D026D026C026C026B026B026A026A0235
:101F40006902690268026802670267026602660245
:101F50006502650264026402630263026202620255
:101F600061026102600260025F025F025E025E0265
:101F70005D025D025C025C025B025B025A025A0275
:101F80005902590258025802570257025602560285
:101F90005502550254025402530253025202520295
:101FA00051025102500250024F024F024E024E02A5
:101FB0004D024D024C024C024B024B024A024A02B5
:101FC00049024902480248024702470246024602C5
:101FD00045024502440244024302430242024202D5
:101FE00041024102400240023F023F023E023E02E5
:101FF0003D023D023C023C023B023B023A023A02F5
:102000003902390238023802370237023602360204
:102010003502350234023402330233023202320214
:1020200031023102300230022F022F022E022E0224
:102030002D022D022C022C022B022B022A022A0234
:102040002902290228022802270227022602260244
:102050002502250224022402230223022202220254
:1020600021022102200220021F021F021E021E0264
:102070001D021D021C021C021B021B021A021A0274
:102080001902190218021802170217021602160284
:102090001502150214021402130213021202120294
:1020A00011021102100210020F020F020E020E02A4
:1020B0000D020D020C020C020B020B020A020A02B4
:1020C00009020902080208020702070206020602C4
:1020D00005020502040204020302030202020202D4
:1020E0000102010200020002FF01FF01FE01FE01E8
:1020F000FD01FD01FC01FC01FB01FB01FA01FA01FC
:10210000F901F901F801F801F701F701F601F6010B
:10211000F501F501F401F401F301F301F201F2011B
:10212000F101F101F001F001EF01EF01EE01EE012B
:10213000ED01ED01EC01EC01EB01EB01EA01EA013B
:10214000E901E901E801E801E701E701E601E6014B
:10215000E501E501E401E401E301E301E201E2015B
:10216000E101E101E001E001DF01DF01DE01DE016B
:10217000DD01DD01DC01DC01DB01DB01DA01DA017B
:10218000D901D901D801D801D701D701D601D6018B
:10219000D501D501D401D401D301D301D201D2019B
:1021A000D101D101D001D001CF01CF01CE01CE01AB
:1021B000CD01CD01CC01CC01CB01CB01CA01CA01BB
:1021C000C901C901C801C801C701C701C601C601CB
:1021D000C501C501C401C401C301C301C201C201DB
:1021E000C101C101C001C001BF01BF01BE01BE01EB
:1021F000BD01BD01BC01BC01BB01BB01BA01BA01FB
:10220000B901B901B801B801B701B701B601B6010A
:10221000B501B501B401B401B301B301B201B2011A
:10222000B101B101B001B001AF01AF01AE01AE012A
:10223000AD01AD01AC01AC01AB01AB01AA01AA013A
:10224000A901A901A801A801A701A701A601A6014A
:10225000A501A501A401A401A301A301A201A2015A
:10226000A101A101A001A0019F019F019E019E016A
:102270009D019D019C019C019B019B019A019A017A
:10228000990199019801980197019701960196018A
:10229000950195019401940193019301920192019A
:1022A00091019101900190018F018F018E018E01AA
:1022B0008D018D018C018C018B018B018A018A01BA
:1022C00089018901880188018701870186018601CA
:1022D00085018501840184018301830182018201DA
:1022E00081018101800180017F017F017E017E01EA
:1022F0007D017D017C017C017B017B017A017A01FA
:102300007901790178017801770177017601760109
:102310007501750174017401730173017201720119
:1023200071017101700170016F016F016E016E0129
:102330006D016D016C016C016B016B016A016A0139
:102340006901690168016801670167016601660149
:102350006501650164016401630163016201620159
:1023600061016101600160015F015F015E015E0169
:102370005D015D015C015C015B015B015A015A0179
:102380005901590158015801570157015601560189
:102390005501550154015401530153015201520199
:1023A00051015101500150014F014F014E014E01A9
:1023B0004D014D014C014C014B014B014A014A01B9
:1023C00049014901480148014701470146014601C9
:1023D00045014501440144014301430142014201D9
:1023E00041014101400140013F013F013E013E01E9
:1023F0003D013D013C013C013B013B013A013A01F9
:102400003901390138013801370137013601360108
:102410003501350134013401330133013201320118
:1024200031013101300130012F012F012E012E0128
:102430002D012D012C012C012B012B012A012A0138
:102440002901290128012801270127012601260148
:102450002501250124012401230123012201220158
:1024600021012101200120011F011F011E011E0168
:102470001D011D011C011C011B011B011A011A0178
:102480001901190118011801170117011601160188
:102490001501150114011401130113011201120198
:1024A00011011101100110010F010F010E010E01A8
:1024B0000D010D010C010C010B010B010A010A01B8
:1024C00009010901080108010701070106010601C8
:1024D00005010501040104010301030102010201D8
:1024E0000101010100010001FF00FF00FE00FE00EC
:1024F000FD00FD00FC00FC00FB00FB00FA00FA0000
:10250000F900F900F800F800F700F700F600F6000F
:10251000F500F500F400F400F300F300F200F2001F
:10252000F100F100F000F000EF00EF00EE00EE002F
:10253000ED00ED00EC00EC00EB00EB00EA00EA003F
:10254000E900E900E800E800E700E700E600E6004F
:10255000E500E500E400E400E300E300E200E2005F
:10256000E100E100E000E000DF00DF00DE00DE006F
:10257000DD00DD00DC00DC00DB00DB00DA00DA007F
:10258000D900D900D800D800D700D700D600D6008F
:10259000D500D500D400D400D300D300D200D2009F
:1025A000D100D100D000D000CF00CF00CE00CE00AF
:1025B000CD00CD00CC00CC00CB00CB00CA00CA00BF
:1025C000C900C900C800C800C700C700C600C600CF
:1025D000C500C500C400C400C300C300C200C200DF
:1025E000C100C100C000C000BF00BF00BE00BE00EF
:1025F000BD00BD00BC00BC00BB00BB00BA00BA00FF
:10260000B900B900B800B800B700B700B600B6000E
:10261000B500B500B400B400B300B300B200B2001E
:10262000B100B100B000B000AF00AF00AE00AE002E
:10263000AD00AD00AC00AC00AB00AB00AA00AA003E
:10264000A900A900A800A800A700A700A600A6004E
:10265000A500A500A400A400A300A300A200A2005E
:10266000A100A100A000A0009F009F009E009E006E
:102670009D009D009C009C009B009B009A009A007E
:10268000990099009800980097009700960096008E
:10269000950095009400940093009300920092009E
:1026A00091009100900090008F008F008E008E00AE
:1026B0008D008D008C008C008B008B008A008A00BE
:1026C00089008900880088008700870086008600CE
:1026D00085008500840084008300830082008200DE
:1026E00081008100800080007F007F007E007E00EE
:1026F0007D007D007C007C007B007B007A007A00FE
:10270000790079007800780077007700760076000D
:10271000750075007400740073007300720072001D
:1027200071007100700070006F006F006E006E002D
:102730006D006D006C006C006B006B006A006A003D
:10274000690069006800680067006700660066004D
:10275000650065006400640063006300620062005D
:1027600061006100600060005F005F005E005E006D
:102770005D005D005C005C005B005B005A005A007D
:10278000590059005800580057005700560056008D
:10279000550055005400540053005300520052009D
:1027A00051005100500050004F004F004E004E00AD
:1027B0004D004D004C004C004B004B004A004A00BD
:1027C00049004900480048004700470046004600CD
:1027D00045004500440044004300430042004200DD
:1027E00041004100400040003F003F003E003E00ED
:1027F0003D003D003C003C003B003B003A003A00FD
:10280000390039003800380037003700360036000C
:10281000350035003400340033003300320032001C
:1028200031003100300030002F002F002E002E002C
:102830002D002D002C002C002B002B002A002A003C
:10284000290029002800280027002700260026004C
:10285000250025002400240023002300220022005C
:1028600021002100200020001F001F001E001E006C
:102870001D001D001C001C001B001B001A001A007C
:10288000190019001800180017001700160016008C
:10289000150015001400140013001300120012009C
:1028A00011001100100010000F000F000E000E00AC
:1028B0000D000D000C000C000B000B000A000A00BC
:1028C00009000900080008000700070006000600CC
:1028D00005000500040004000300030002000200DC
:1028E00001000100000000000000000000000000E6
:1028F00000000100010001000100020002000200CE
:1029000002000300030003000300040004000400AD
:10291000040005000500050005000600060006008D
:10292000060007000700070007000800080008006D
:10293000080009000900090009000A000A000A004D
:102940000A000B000B000B000B000C000C000C002D
:102950000C000D000D000D000D000E000E000E000D
:102960000E000F000F000F000F00100010001000ED
:1029700010001100110011001100120012001200CD
:1029800012001300130013001300140014001400AD
:10299000140015001500150015001600160016008D
:1029A000160017001700170017001800180018006D
:1029B000180019001900190019001A001A001A004D
:1029C0001A001B001B001B001B001C001C001C002D
:1029D0001C001D001D001D001D001E001E001E000D
:1029E0001E001F001F001F001F00200020002000ED
:1029F00020002100210021002100220022002200CD
:102A000022002300230023002300240024002400AC
:102A1000240025002500250025002600260026008C
:102A2000260027002700270027002800280028006C
:102A3000280029002900290029002A002A002A004C
:102A40002A002B002B002B002B002C002C002C002C
:102A50002C002D002D002D002D002E002E002E000C
:102A60002E002F002F002F002F00300030003000EC
:102A700030003100310031003100320032003200CC
:102A800032003300330033003300340034003400AC
:102A9000340035003500350035003600360036008C
:102AA000360037003700370037003800380038006C
:102AB000380039003900390039003A003A003A004C
:102AC0003A003B003B003B003B003C003C003C002C
:102AD0003C003D003D003D003D003E003E003E000C
:102AE0003E003F003F003F003F00400040004000EC
:102AF00040004100410041004100420042004200CC
:102B000042004300430043004300440044004400AB
:102B1000440045004500450045004600460046008B
:102B2000460047004700470047004800480048006B
:102B3000480049004900490049004A004A004A004B
:102B40004A004B004B004B004B004C004C004C002B
:102B50004C004D004D004D004D004E004E004E000B
:102B60004E004F004F004F004F00500050005000EB
:102B700050005100510051005100520052005200CB
:102B800052005300530053005300540054005400AB
:102B9000540055005500550055005600560056008B
:102BA000560057005700570057005800580058006B
:102BB000580059005900590059005A005A005A004B
:102BC0005A005B005B005B005B005C005C005C002B
:102BD0005C005D005D005D005D005E005E005E000B
:102BE0005E005F005F005F005F00600060006000EB
:102BF00060006100610061006100620062006200CB
:102C000062006300630063006300640064006400AA
:102C1000640065006500650065006600660066008A
:102C2000660067006700670067006800680068006A
:102C3000680069006900690069006A006A006A004A
:102C40006A006B006B006B006B006C006C006C002A
:102C50006C006D006D006D006D006E006E006E000A
:102C60006E006F006F006F006F00700070007000EA
:102C700070007100710071007100720072007200CA
:102C800072007300730073007300740074007400AA
:102C9000740075007500750075007600760076008A
:102CA000760077007700770077007800780078006A
:102CB000780079007900790079007A007A007A004A
:102CC0007A007B007B007B007B007C007C007C002A
:102CD0007C007D007D007D007D007E007E007E000A
:102CE0007E007F007F007F007F00800080008000EA
:102CF00080008100810081008100820082008200CA
:102D000082008300830083008300840084008400A9
:102D10008400850085008500850086008600860089
:102D20008600870087008700870088008800880069
:102D3000880089008900890089008A008A008A0049
:102D40008A008B008B008B008B008C008C008C0029
:102D50008C008D008D008D008D008E008E008E0009
:102D60008E008F008F008F008F00900090009000E9
:102D700090009100910091009100920092009200C9
:102D800092009300930093009300940094009400A9
:102D90009400950095009500950096009600960089
:102DA0009600970097009700970098009800980069
:102DB000980099009900990099009A009A009A0049
:102DC0009A009B009B009B009B009C009C009C0029
:102DD0009C009D009D009D009D009E009E009E0009
:102DE0009E009F009F009F009F00A000A000A000E9
:102DF000A000A100A100A100A100A200A200A200C9
:102E0000A200A300A300A300A300A400A400A400A8
:102E1000A400A500A500A500A500A600A600A60088
:102E2000A600A700A700A700A700A800A800A80068
:102E3000A800A900A900A900A900AA00AA00AA0048
:102E4000AA00AB00AB00AB00AB00AC00AC00AC0028
:102E5000AC00AD00AD00AD00AD00AE00AE00AE0008
:102E6000AE00AF00AF00AF00AF00B000B000B000E8
:102E7000B000B100B100B100B100B200B200B200C8
:102E8000B200B300B300B300B300B400B400B400A8
:102E9000B400B500B500B500B500B600B600B60088
:102EA000B600B700B700B700B700B800B800B80068
:102EB000B800B900B900B900B900BA00BA00BA0048
:102EC000BA00BB00BB00BB00BB00BC00BC00BC0028
:102ED000BC00BD00BD00BD00BD00BE00BE00BE0008
:102EE000BE00BF00BF00BF00BF00C000C000C000E8
:102EF000C000C100C100C100C100C200C200C200C8
:102F0000C200C300C300C300C300C400C400C400A7
:102F1000C400C500C500C500C500C600C600C60087
:102F2000C600C700C700C700C700C800C800C80067
:102F3000C800C900C900C900C900CA00CA00CA0047
:102F4000CA00CB00CB00CB00CB00CC00CC00CC0027
:102F5000CC00CD00CD00CD00CD00CE00CE00CE0007
:102F6000CE00CF00CF00CF00CF00D000D000D000E7
:102F7000D000D100D100D100D100D200D200D200C7
:102F8000D200D300D300D300D300D400D400D400A7
:102F9000D400D500D500D500D500D600D600D60087
:102FA000D600D700D700D700D700D800D800D80067
:102FB000D800D900D900D900D900DA00DA00DA0047
:102FC000DA00DB00DB00DB00DB00DC00DC00DC0027
:102FD000DC00DD00DD00DD00DD00DE00DE00DE0007
:102FE000DE00DF00DF00DF00DF00E000E000E000E7
:102FF000E000E100E100E100E100E200E200E200C7
:10300000E200E300E300E300E300E400E400E400A6
:10301000E400E500E500E500E500E600E600E60086
:10302000E600E700E700E700E700E800E800E80066
:10303000E800E900E900E900E900EA00EA00EA0046
:10304000EA00EB00EB00EB00EB00EC00EC00EC0026
:10305000EC00ED00ED00ED00ED00EE00EE00EE0006
:10306000EE00EF00EF00EF00EF00F000F000F000E6
:10307000F000F100F100F100F100F200F200F200C6
:10308000F200F300F300F300F300F400F400F400A6
:10309000F400F500F500F500F500F600F600F60086
:1030A000F600F700F700F700F700F800F800F80066
:1030B000F800F900F900F900F900FA00FA00FA0046
:1030C000FA00FB00FB00FB00FB00FC00FC00FC0026
:1030D000FC00FD00FD00FD00FD00FE00FE00FE0006
:1030E000FE00FF00FF00FF00FF00000100010001E3
:1030F00000010101010101010101020102010201BE
:10310000020103010301030103010401040104019D
:10311000040105010501050105010601060106017D
:10312000060107010701070107010801080108015D
:10313000080109010901090109010A010A010A013D
:103140000A010B010B010B010B010C010C010C011D
:103150000C010D010D010D010D010E010E010E01FD
:103160000E010F010F010F010F01100110011001DD
:1031700010011101110111011101120112011201BD
:10318000120113011301130113011401140114019D
:10319000140115011501150115011601160116017D
:1031A000160117011701170117011801180118015D
:1031B000180119011901190119011A011A011A013D
:1031C0001A011B011B011B011B011C011C011C011D
:1031D0001C011D011D011D011D011E011E011E01FD
:1031E0001E011F011F011F011F01200120012001DD
:1031F00020012101210121012101220122012201BD
:10320000220123012301230123012401240124019C
:10321000240125012501250125012601260126017C
:10322000260127012701270127012801280128015C
:10323000280129012901290129012A012A012A013C
:103240002A012B012B012B012B012C012C012C011C
:103250002C012D012D012D012D012E012E012E01FC
:103260002E012F012F012F012F01300130013001DC
:1032700030013101310131013101320132013201BC
:10328000320133013301330133013401340134019C
:10329000340135013501350135013601360136017C
:1032A000360137013701370137013801380138015C
:1032B000380139013901390139013A013A013A013C
:1032C0003A013B013B013B013B013C013C013C011C
:1032D0003C013D013D013D013D013E013E013E01FC
:1032E0003E013F013F013F013F01400140014001DC
:1032F00040014101410141014101420142014201BC
:10330000420143014301430143014401440144019B
:10331000440145014501450145014601460146017B
:10332000460147014701470147014801480148015B
:10333000480149014901490149014A014A014A013B
:103340004A014B014B014B014B014C014C014C011B
:103350004C014D014D014D014D014E014E014E01FB
:103360004E014F014F014F014F01500150015001DB
:1033700050015101510151015101520152015201BB
:10338000520153015301530153015401540154019B
:10339000540155015501550155015601560156017B
:1033A000560157015701570157015801580158015B
:1033B000580159015901590159015A015A015A013B
:1033C0005A015B015B015B015B015C015C015C011B
:1033D0005C015D015D015D015D015E015E015E01FB
:1033E0005E015F015F015F015F01600160016001DB
:1033F00060016101610161016101620162016201BB
:10340000620163016301630163016401640164019A
:10341000640165016501650165016601660166017A
:10342000660167016701670167016801680168015A
:10343000680169016901690169016A016A016A013A
:103440006A016B016B016B016B016C016C016C011A
:103450006C016D016D016D016D016E016E016E01FA
:103460006E016F016F016F016F01700170017001DA
:1034700070017101710171017101720172017201BA
:10348000720173017301730173017401740174019A
:10349000740175017501750175017601760176017A
:1034A000760177017701770177017801780178015A
:1034B000780179017901790179017A017A017A013A
:1034C0007A017B017B017B017B017C017C017C011A
:1034D0007C017D017D017D017D017E017E017E01FA
:1034E0007E017F017F017F017F01800180018001DA
:1034F00080018101810181018101820182018201BA
:103500008201830183018301830184018401840199
:103510008401850185018501850186018601860179
:103520008601870187018701870188018801880159
:10353000880189018901890189018A018A018A0139
:103540008A018B018B018B018B018C018C018C0119
:103550008C018D018D018D018D018E018E018E01F9
:103560008E018F018F018F018F01900190019001D9
:1035700090019101910191019101920192019201B9
:103580009201930193019301930194019401940199
:103590009401950195019501950196019601960179
:1035A0009601970197019701970198019801980159
:1035B000980199019901990199019A019A019A0139
:1035C0009A019B019B019B019B019C019C019C0119
:1035D0009C019D019D019D019D019E019E019E01F9
:1035E0009E019F019F019F019F01A001A001A001D9
:1035F000A001A101A101A101A101A201A201A201B9
:10360000A201A301A301A301A301A401A401A40198
:10361000A401A501A501A501A501A601A601A60178
:10362000A601A701A701A701A701A801A801A80158
:10363000A801A901A901A901A901AA01AA01AA0138
:10364000AA01AB01AB01AB01AB01AC01AC01AC0118
:10365000AC01AD01AD01AD01AD01AE01AE01AE01F8
:10366000AE01AF01AF01AF01AF01B001B001B001D8
:10367000B001B101B101B101B101B201B201B201B8
:10368000B201B301B301B301B301B401B401B40198
:10369000B401B501B501B501B501B601B601B60178
:1036A000B601B701B701B701B701B801B801B80158
:1036B000B801B901B901B901B901BA01BA01BA0138
:1036C000BA01BB01BB01BB01BB01BC01BC01BC0118
:1036D000BC01BD01BD01BD01BD01BE01BE01BE01F8
:1036E000BE01BF01BF01BF01BF01C001C001C001D8
:1036F000C001C101C101C101C101C201C201C201B8
:10370000C201C301C301C301C301C401C401C40197
:10371000C401C501C501C501C501C601C601C60177
:10372000C601C701C701C701C701C801C801C80157
:10373000C801C901C901C901C901CA01CA01CA0137
:10374000CA01CB01CB01CB01CB01CC01CC01CC0117
:10375000CC01CD01CD01CD01CD01CE01CE01CE01F7
:10376000CE01CF01CF01CF01CF01D001D001D001D7
:10377000D001D101D101D101D101D201D201D201B7
:10378000D201D301D301D301D301D401D401D40197
:10379000D401D501D501D501D501D601D601D60177
:1037A000D601D701D701D701D701D801D801D80157
:1037B000D801D901D901D901D901DA01DA01DA0137
:1037C000DA01DB01DB01DB01DB01DC01DC01DC0117
:1037D000DC01DD01DD01DD01DD01DE01DE01DE01F7
:1037E000DE01DF01DF01DF01DF01E001E001E001D7
:1037F000E001E101E101E101E101E201E201E201B7
:10380000E201E301E301E301E301E401E401E40196
:10381000E401E501E501E501E501E601E601E60176
:10382000E601E701E701E701E701E801E801E80156
:10383000E801E901E901E901E901EA01EA01EA0136
:10384000EA01EB01EB01EB01EB01EC01EC01EC0116
:10385000EC01ED01ED01ED01ED01EE01EE01EE01F6
:10386000EE01EF01EF01EF01EF01F001F001F001D6
:10387000F001F101F101F101F101F201F201F201B6
:10388000F201F301F301F301F301F401F401F40196
:10389000F401F501F501F501F501F601F601F60176
:1038A000F601F701F701F701F701F801F801F80156
:1038B000F801F901F901F901F901FA01FA01FA0136
:1038C000FA01FB01FB01FB01FB01FC01FC01FC0116
:1038D000FC01FD01FD01FD01FD01FE01FE01FE01F6
:1038E000FE01FF01FF01FF01FF01000200020002D3
:1038F00000020102010201020102020202020202AE
:10390000020203020302030203020402040204028D
:10391000040205020502050205020602060206026D
:10392000060207020702070207020802080208024D
:10393000080209020902090209020A020A020A022D
:103940000A020B020B020B020B020C020C020C020D
:103950000C020D020D020D020D020E020E020E02ED
:103960000E020F020F020F020F02100210021002CD
:1039700010021102110211021102120212021202AD
:10398000120213021302130213021402140214028D
:10399000140215021502150215021602160216026D
:1039A000160217021702170217021802180218024D
:1039B000180219021902190219021A021A021A022D
:1039C0001A021B021B021B021B021C021C021C020D
:1039D0001C021D021D021D021D021E021E021E02ED
:1039E0001E021F021F021F021F02200220022002CD
:1039F00020022102210221022102220222022202AD
:103A0000220223022302230223022402240224028C
:103A1000240225022502250225022602260226026C
:103A2000260227022702270227022802280228024C
:103A3000280229022902290229022A022A022A022C
:103A40002A022B022B022B022B022C022C022C020C
:103A50002C022D022D022D022D022E022E022E02EC
:103A60002E022F022F022F022F02300230023002CC
:103A700030023102310231023102320232023202AC
:103A8000320233023302330233023402340234028C
:103A9000340235023502350235023602360236026C
:103AA000360237023702370237023802380238024C
:103AB000380239023902390239023A023A023A022C
:103AC0003A023B023B023B023B023C023C023C020C
:103AD0003C023D023D023D023D023E023E023E02EC
:103AE0003E023F023F023F023F02400240024002CC
:103AF00040024102410241024102420242024202AC
:103B0000420243024302430243024402440244028B
:103B1000440245024502450245024602460246026B
:103B2000460247024702470247024802480248024B
:103B3000480249024902490249024A024A024A022B
:103B40004A024B024B024B024B024C024C024C020B
:103B50004C024D024D024D024D024E024E024E02EB
:103B60004E024F024F024F024F02500250025002CB
:103B700050025102510251025102520252025202AB
:103B8000520253025302530253025402540254028B
:103B9000540255025502550255025602560256026B
:103BA000560257025702570257025802580258024B
:103BB000580259025902590259025A025A025A022B
:103BC0005A025B025B025B025B025C025C025C020B
:103BD0005C025D025D025D025D025E025E025E02EB
:103BE0005E025F025F025F025F02600260026002CB
:103BF00060026102610261026102620262026202AB
:103C0000620263026302630263026402640264028A
:103C1000640265026502650265026602660266026A
:103C2000660267026702670267026802680268024A
:103C3000680269026902690269026A026A026A022A
:103C40006A026B026B026B026B026C026C026C020A
:103C50006C026D026D026D026D026E026E026E02EA
:103C60006E026F026F026F026F02700270027002CA
:103C700070027102710271027102720272027202AA
:103C8000720273027302730273027402740274028A
:103C9000740275027502750275027602760276026A
:103CA000760277027702770277027802780278024A
:103CB000780279027902790279027A027A027A022A
:103CC0007A027B027B027B027B027C027C027C020A
:103CD0007C027D027D027D027D027E027E027E02EA
:103CE0007E027F027F027F027F02800280028002CA
:103CF00080028102810281028102820282028202AA
:103D00008202830283028302830284028402840289
:103D10008402850285028502850286028602860269
:103D20008602870287028702870288028802880249
:103D3000880289028902890289028A028A028A0229
:103D40008A028B028B028B028B028C028C028C0209
:103D50008C028D028D028D028D028E028E028E02E9
:103D60008E028F028F028F028F02900290029002C9
:103D700090029102910291029102920292029202A9
:103D80009202930293029302930294029402940289
:103D90009402950295029502950296029602960269
:103DA0009602970297029702970298029802980249
:103DB000980299029902990299029A029A029A0229
:103DC0009A029B029B029B029B029C029C029C0209
:103DD0009C029D029D029D029D029E029E029E02E9
:103DE0009E029F029F029F029F02A002A002A002C9
:103DF000A002A102A102A102A102A202A202A202A9
:103E0000A202A302A302A302A302A402A402A40288
:103E1000A402A502A502A502A502A602A602A60268
:103E2000A602A702A702A702A702A802A802A80248
:103E3000A802A902A902A902A902AA02AA02AA0228
:103E4000AA02AB02AB02AB02AB02AC02AC02AC0208
:103E5000AC02AD02AD02AD02AD02AE02AE02AE02E8
:103E6000AE02AF02AF02AF02AF02B002B002B002C8
:103E7000B002B102B102B102B102B202B202B202A8
:103E8000B202B302B302B302B302B402B402B40288
:103E9000B402B502B502B502B502B602B602B60268
:103EA000B602B702B702B702B702B802B802B80248
:103EB000B802B902B902B902B902BA02BA02BA0228
:103EC000BA02BB02BB02BB02BB02BC02BC02BC0208
:103ED000BC02BD02BD02BD02BD02BE02BE02BE02E8
:103EE000BE02BF02BF02BF02BF02C002C002C002C8
:103EF000C002C102C102C102C102C202C202C202A8
:103F0000C202C302C302C302C302C402C402C40287
:103F1000C402C502C502C502C502C602C602C60267
:103F2000C602C702C702C702C702C802C802C80247
:103F3000C802C902C902C902C902CA02CA02CA0227
:103F4000CA02CB02CB02CB02CB02CC02CC02CC0207
:103F5000CC02CD02CD02CD02CD02CE02CE02CE02E7
:103F6000CE02CF02CF02CF02CF02D002D002D002C7
:103F7000D002D102D102D102D102D202D202D202A7
:103F8000D202D302D302D302D302D402D402D40287
:103F9000D402D502D502D502D502D602D602D60267
:103FA000D602D702D702D702D702D802D802D80247
:103FB000D802D902D902D902D902DA02DA02DA0227
:103FC000DA02DB02DB02DB02DB02DC02DC02DC0207
:103FD000DC02DD02DD02DD02DD02DE02DE02DE02E7
:103FE000DE02DF02DF02DF02DF02E002E002E002C7
:103FF000E002E102E102E102E102E202E202E202A7
:10400000E202E302E302E302E302E402E402E40286
:10401000E402E502E502E502E502E602E602E60266
:10402000E602E702E702E702E702E802E802E80246
:10403000E802E902E902E902E902EA02EA02EA0226
:10404000EA02EB02EB02EB02EB02EC02EC02EC0206
:10405000EC02ED02ED02ED02ED02EE02EE02EE02E6
:10406000EE02EF02EF02EF02EF02F002F002F002C6
:10407000F002F102F102F102F102F202F202F202A6
:10408000F202F302F302F302F302F402F402F40286
:10409000F402F502F502F502F502F602F602F60266
:1040A000F602F702F702F702F702F802F802F80246
:1040B000F802F902F902F902F902FA02FA02FA0226
:1040C000FA02FB02FB02FB02FB02FC02FC02FC0206
:1040D000FC02FD02FD02FD02FD02FE02FE02FE02E6
:1040E000FE02FF02FF02FF02FF02000300030003C3
:1040F000000301030103010301030203020302039E
:10410000020303030303030303030403040304037D
:10411000040305030503050305030603060306035D
:10412000060307030703070307030803080308033D
:10413000080309030903090309030A030A030A031D
:104140000A030B030B030B030B030C030C030C03FD
:104150000C030D030D030D030D030E030E030E03DD
:104160000E030F030F030F030F03100310031003BD
:10417000100311031103110311031203120312039D
:10418000120313031303130313031403140314037D
:10419000140315031503150315031603160316035D
:1041A000160317031703170317031803180318033D
:1041B000180319031903190319031A031A031A031D
:1041C0001A031B031B031B031B031C031C031C03FD
:1041D0001C031D031D031D031D031E031E031E03DD
:1041E0001E031F031F031F031F03200320032003BD
:1041F000200321032103210321032203220322039D
:10420000220323032303230323032403240324037C
:10421000240325032503250325032603260326035C
:10422000260327032703270327032803280328033C
:10423000280329032903290329032A032A032A031C
:104240002A032B032B032B032B032C032C032C03FC
:104250002C032D032D032D032D032E032E032E03DC
:104260002E032F032F032F032F03300330033003BC
:10427000300331033103310331033203320332039C
:10428000320333033303330333033403340334037C
:10429000340335033503350335033603360336035C
:1042A000360337033703370337033803380338033C
:1042B000380339033903390339033A033A033A031C
:1042C0003A033B033B033B033B033C033C033C03FC
:1042D0003C033D033D033D033D033E033E033E03DC
:1042E0003E033F033F033F033F03400340034003BC
:1042F000400341034103410341034203420342039C
:10430000420343034303430343034403440344037B
:10431000440345034503450345034603460346035B
:10432000460347034703470347034803480348033B
:10433000480349034903490349034A034A034A031B
:104340004A034B034B034B034B034C034C034C03FB
:104350004C034D034D034D034D034E034E034E03DB
:104360004E034F034F034F034F03500350035003BB
:10437000500351035103510351035203520352039B
:10438000520353035303530353035403540354037B
:10439000540355035503550355035603560356035B
:1043A000560357035703570357035803580358033B
:1043B000580359035903590359035A035A035A031B
:1043C0005A035B035B035B035B035C035C035C03FB
:1043D0005C035D035D035D035D035E035E035E03DB
:1043E0005E035F035F035F035F03600360036003BB
:1043F000600361036103610361036203620362039B
:10440000620363036303630363036403640364037A
:10441000640365036503650365036603660366035A
:10442000660367036703670367036803680368033A
:10443000680369036903690369036A036A036A031A
:104440006A036B036B036B036B036C036C036C03FA
:104450006C036D036D036D036D036E036E036E03DA
:104460006E036F036F036F036F03700370037003BA
:10447000700371037103710371037203720372039A
:10448000720373037303730373037403740374037A
:10449000740375037503750375037603760376035A
:1044A000760377037703770377037803780378033A
:1044B000780379037903790379037A037A037A031A
:1044C0007A037B037B037B037B037C037C037C03FA
:1044D0007C037D037D037D037D037E037E037E03DA
:1044E0007E037F037F037F037F03800380038003BA
:1044F000800381038103810381038203820382039A
:104500008203830383038303830384038403840379
:104510008403850385038503850386038603860359
:104520008603870387038703870388038803880339
:10453000880389038903890389038A038A038A0319
:104540008A038B038B038B038B038C038C038C03F9
:104550008C038D038D038D038D038E038E038E03D9
:104560008E038F038F038F038F03900390039003B9
:104570009003910391039103910392039203920399
:104580009203930393039303930394039403940379
:104590009403950395039503950396039603960359
:1045A0009603970397039703970398039803980339
:1045B000980399039903990399039A039A039A0319
:1045C0009A039B039B039B039B039C039C039C03F9
:1045D0009C039D039D039D039D039E039E039E03D9
:1045E0009E039F039F039F039F03A003A003A003B9
:1045F000A003A103A103A103A103A203A203A20399
:10460000A203A303A303A303A303A403A403A40378
:10461000A403A503A503A503A503A603A603A60358
:10462000A603A703A703A703A703A803A803A80338
:10463000A803A903A903A903A903AA03AA03AA0318
:10464000AA03AB03AB03AB03AB03AC03AC03AC03F8
:10465000AC03AD03AD03AD03AD03AE03AE03AE03D8
:10466000AE03AF03AF03AF03AF03B003B003B003B8
:10467000B003B103B103B103B103B203B203B20398
:10468000B203B303B303B303B303B403B403B40378
:10469000B403B503B503B503B503B603B603B60358
:1046A000B603B703B703B703B703B803B803B80338
:1046B000B803B903B903B903B903BA03BA03BA0318
:1046C000BA03BB03BB03BB03BB03BC03BC03BC03F8
:1046D000BC03BD03BD03BD03BD03BE03BE03BE03D8
:1046E000BE03BF03BF03BF03BF03C003C003C003B8
:1046F000C003C103C103C103C103C203C203C20398
:10470000C203C303C303C303C303C403C403C40377
:10471000C403C503C503C503C503C603C603C60357
:10472000C603C703C703C703C703C803C803C80337
:10473000C803C903C903C903C903CA03CA03CA0317
:10474000CA03CB03CB03CB03CB03CC03CC03CC03F7
:10475000CC03CD03CD03CD03CD03CE03CE03CE03D7
:10476000CE03CF03CF03CF03CF03D003D003D003B7
:10477000D003D103D103D103D103D203D203D20397
:10478000D203D303D303D303D303D403D403D40377
:10479000D403D503D503D503D503D603D603D60357
:1047A000D603D703D703D703D703D803D803D80337
:1047B000D803D903D903D903D903DA03DA03DA0317
:1047C000DA03DB03DB03DB03DB03DC03DC03DC03F7
:1047D000DC03DD03DD03DD03DD03DE03DE03DE03D7
:1047E000DE03DF03DF03DF03DF03E003E003E003B7
:1047F000E003E103E103E103E103E203E203E20397
:10480000E203E303E303E303E303E403E403E40376
:10481000E403E503E503E503E503E603E603E60356
:10482000E603E703E703E703E703E803E803E80336
:10483000E803E903E903E903E903EA03EA03EA0316
:10484000EA03EB03EB03EB03EB03EC03EC03EC03F6
:10485000EC03ED03ED03ED03ED03EE03EE03EE03D6
:10486000EE03EF03EF03EF03EF03F003F003F003B6
:10487000F003F103F103F103F103F203F203F20396
:10488000F203F303F303F303F303F403F403F40376
:10489000F403F503F503F503F503F603F603F60356
:1048A000F603F703F703F703F703F803F803F80336
:1048B000F803F903F903F903F903FA03FA03FA0316
:1048C000FA03FB03FB03FB03FB03FC03FC03FC03F6
:1048D000FC03FD03FD03FD03FD03FE03FE03FE03D6
:1048E000FE03FF03FF03FF03FF03FF0300040004B5
:1048F0000004000401040104010401040204020490
:10490000020402040304030403040304040404046F
:10491000040404040504050405040504060406044F
:10492000060406040704070407040704080408042F
:104930000804080409040904090409040A040A040F
:104940000A040A040B040B040B040B040C040C04EF
:104950000C040C040D040D040D040D040E040E04CF
:104960000E040E040F040F040F040F0410041004AF
:10497000100410041104110411041104120412048F
:10498000120412041304130413041304140414046F
:10499000140414041504150415041504160416044F
:1049A000160416041704170417041704180418042F
:1049B0001804180419041904190419041A041A040F
:1049C0001A041A041B041B041B041B041C041C04EF
:1049D0001C041C041D041D041D041D041E041E04CF
:1049E0001E041E041F041F041F041F0420042004AF
:1049F000200420042104210421042104220422048F
:104A0000220422042304230423042304240424046E
:104A1000240424042504250425042504260426044E
:104A2000260426042704270427042704280428042E
:104A30002804280429042904290429042A042A040E
:104A40002A042A042B042B042B042B042C042C04EE
:104A50002C042C042D042D042D042D042E042E04CE
:104A60002E042E042F042F042F042F0430043004AE
:104A7000300430043104310431043104320432048E
:104A8000320432043304330433043304340434046E
:104A9000340434043504350435043504360436044E
:104AA000360436043704370437043704380438042E
:104AB0003804380439043904390439043A043A040E
:104AC0003A043A043B043B043B043B043C043C04EE
:104AD0003C043C043D043D043D043D043E043E04CE
:104AE0003E043E043F043F043F043F0440044004AE
:104AF000400440044104410441044104420442048E
:104B0000420442044304430443044304440444046D
:104B1000440444044504450445044504460446044D
:104B2000460446044704470447044704480448042D
:104B30004804480449044904490449044A044A040D
:104B40004A044A044B044B044B044B044C044C04ED
:104B50004C044C044D044D044D044D044E044E04CD
:104B60004E044E044F044F044F044F0450045004AD
:104B7000500450045104510451045104520452048D
:104B8000520452045304530453045304540454046D
:104B9000540454045504550455045504560456044D
:104BA000560456045704570457045704580458042D
:104BB0005804580459045904590459045A045A040D
:104BC0005A045A045B045B045B045B045C045C04ED
:104BD0005C045C045D045D045D045D045E045E04CD
:104BE0005E045E045F045F045F045F0460046004AD
:104BF000600460046104610461046104620462048D
:104C0000620462046304630463046304640464046C
:104C1000640464046504650465046504660466044C
:104C2000660466046704670467046704680468042C
:104C30006804680469046904690469046A046A040C
:104C40006A046A046B046B046B046B046C046C04EC
:104C50006C046C046D046D046D046D046E046E04CC
:104C60006E046E046F046F046F046F0470047004AC
:104C7000700470047104710471047104720472048C
:104C8000720472047304730473047304740474046C
:104C9000740474047504750475047504760476044C
:104CA000760476047704770477047704780478042C
:104CB0007804780479047904790479047A047A040C
:104CC0007A047A047B047B047B047B047C047C04EC
:104CD0007C047C047D047D047D047D047E047E04CC
:104CE0007E047E047F047F047F047F0480048004AC
:104CF000800480048104810481048104820482048C
:104D0000820482048304830483048304840484046B
:104D1000840484048504850485048504860486044B
:104D2000860486048704870487048704880488042B
:104D30008804880489048904890489048A048A040B
:104D40008A048A048B048B048B048B048C048C04EB
:104D50008C048C048D048D048D048D048E048E04CB
:104D60008E048E048F048F048F048F0490049004AB
:104D7000900490049104910491049104920492048B
:104D8000920492049304930493049304940494046B
:104D9000940494049504950495049504960496044B
:104DA000960496049704970497049704980498042B
:104DB0009804980499049904990499049A049A040B
:104DC0009A049A049B049B049B049B049C049C04EB
:104DD0009C049C049D049D049D049D049E049E04CB
:104DE0009E049E049F049F049F049F04A004A004AB
:104DF000A004A004A104A104A104A104A204A2048B
:104E0000A204A204A304A304A304A304A404A4046A
:104E1000A404A404A504A504A504A504A604A6044A
:104E2000A604A604A704A704A704A704A804A8042A
:104E3000A804A804A904A904A904A904AA04AA040A
:104E4000AA04AA04AB04AB04AB04AB04AC04AC04EA
:104E5000AC04AC04AD04AD04AD04AD04AE04AE04CA
:104E6000AE04AE04AF04AF04AF04AF04B004B004AA
:104E7000B004B004B104B104B104B104B204B2048A
:104E8000B204B204B304B304B304B304B404B4046A
:104E9000B404B404B504B504B504B504B604B6044A
:104EA000B604B604B704B704B704B704B804B8042A
:104EB000B804B804B904B904B904B904BA04BA040A
:104EC000BA04BA04BB04BB04BB04BB04BC04BC04EA
:104ED000BC04BC04BD04BD04BD04BD04BE04BE04CA
:104EE000BE04BE04BF04BF04BF04BF04C004C004AA
:104EF000C004C004C104C104C104C104C204C2048A
:104F0000C204C204C304C304C304C304C404C40469
:104F1000C404C404C504C504C504C504C604C60449
:104F2000C604C604C704C704C704C704C804C80429
:104F3000C804C804C904C904C904C904CA04CA0409
:104F4000CA04CA04CB04CB04CB04CB04CC04CC04E9
:104F5000CC04CC04CD04CD04CD04CD04CE04CE04C9
:104F6000CE04CE04CF04CF04CF04CF04D004D004A9
:104F7000D004D004D104D104D104D104D204D20489
:104F8000D204D204D304D304D304D304D404D40469
:104F9000D404D404D504D504D504D504D604D60449
:104FA000D604D604D704D704D704D704D804D80429
:104FB000D804D804D904D904D904D904DA04DA0409
:104FC000DA04DA04DB04DB04DB04DB04DC04DC04E9
:104FD000DC04DC04DD04DD04DD04DD04DE04DE04C9
:104FE000DE04DE04DF04DF04DF04DF04E004E004A9
:104FF000E004E004E104E104E104E104E204E20489
:10500000E204E204E304E304E304E304E404E40468
:10501000E404E404E504E504E504E504E604E60448
:10502000E604E604E704E704E704E704E804E80428
:10503000E804E804E904E904E904E904EA04EA0408
:10504000EA04EA04EB04EB04EB04EB04EC04EC04E8
:10505000EC04EC04ED04ED04ED04ED04EE04EE04C8
:10506000EE04EE04EF04EF04EF04EF04F004F004A8
:10507000F004F004F104F104F104F104F204F20488
:10508000F204F204F304F304F304F304F404F40468
:10509000F404F404F504F504F504F504F604F60448
:1050A000F604F604F704F704F704F704F804F80428
:1050B000F804F804F904F904F904F904FA04FA0408
:1050C000FA04FA04FB04FB04FB04FB04FC04FC04E8
:1050D000FC04FC04FD04FD04FD04FD04FE04FE04C8
:1050E000FE04FE04FF04FF04FF04FF0400050005A6
:1050F0000005000501050105010501050205020580
:10510000020502050305030503050305040504055F
:10511000040504050505050505050505060506053F
:10512000060506050705070507050705080508051F
:105130000805080509050905090509050A050A05FF
:105140000A050A050B050B050B050B050C050C05DF
:105150000C050C050D050D050D050D050E050E05BF
:105160000E050E050F050F050F050F05100510059F
:10517000100510051105110511051105120512057F
:10518000120512051305130513051305140514055F
:10519000140514051505150515051505160516053F
:1051A000160516051705170517051705180518051F
:1051B0001805180519051905190519051A051A05FF
:1051C0001A051A051B051B051B051B051C051C05DF
:1051D0001C051C051D051D051D051D051E051E05BF
:1051E0001E051E051F051F051F051F05200520059F
:1051F000200520052105210521052105220522057F
:10520000220522052305230523052305240524055E
:10521000240524052505250525052505260526053E
:10522000260526052705270527052705280528051E
:105230002805280529052905290529052A052A05FE
:105240002A052A052B052B052B052B052C052C05DE
:105250002C052C052D052D052D052D052E052E05BE
:105260002E052E052F052F052F052F05300530059E
:10527000300530053105310531053105320532057E
:10528000320532053305330533053305340534055E
:10529000340534053505350535053505360536053E
:1052A000360536053705370537053705380538051E
:1052B0003805380539053905390539053A053A05FE
:1052C0003A053A053B053B053B053B053C053C05DE
:1052D0003C053C053D053D053D053D053E053E05BE
:1052E0003E053E053F053F053F053F05400540059E
:1052F000400540054105410541054105420542057E
:10530000420542054305430543054305440544055D
:10531000440544054505450545054505460546053D
:10532000460546054705470547054705480548051D
:105330004805480549054905490549054A054A05FD
:105340004A054A054B054B054B054B054C054C05DD
:105350004C054C054D054D054D054D054E054E05BD
:105360004E054E054F054F054F054F05500550059D
:10537000500550055105510551055105520552057D
:10538000520552055305530553055305540554055D
:10539000540554055505550555055505560556053D
:1053A000560556055705570557055705580558051D
:1053B0005805580559055905590559055A055A05FD
:1053C0005A055A055B055B055B055B055C055C05DD
:1053D0005C055C055D055D055D055D055E055E05BD
:1053E0005E055E055F055F055F055F05600560059D
:1053F000600560056105610561056105620562057D
:10540000620562056305630563056305640564055C
:10541000640564056505650565056505660566053C
:10542000660566056705670567056705680568051C
:105430006805680569056905690569056A056A05FC
:105440006A056A056B056B056B056B056C056C05DC
:105450006C056C056D056D056D056D056E056E05BC
:105460006E056E056F056F056F056F05700570059C
:10547000700570057105710571057105720572057C
:10548000720572057305730573057305740574055C
:10549000740574057505750575057505760576053C
:1054A000760576057705770577057705780578051C
:1054B0007805780579057905790579057A057A05FC
:1054C0007A057A057B057B057B057B057C057C05DC
:1054D0007C057C057D057D057D057D057E057E05BC
:1054E0007E057E057F057F057F057F05800580059C
:1054F000800580058105810581058105820582057C
:10550000820582058305830583058305840584055B
:10551000840584058505850585058505860586053B
:10552000860586058705870587058705880588051B
:105530008805880589058905890589058A058A05FB
:105540008A058A058B058B058B058B058C058C05DB
:105550008C058C058D058D058D058D058E058E05BB
:105560008E058E058F058F058F058F05900590059B
:10557000900590059105910591059105920592057B
:10558000920592059305930593059305940594055B
:10559000940594059505950595059505960596053B
:1055A000960596059705970597059705980598051B
:1055B0009805980599059905990599059A059A05FB
:1055C0009A059A059B059B059B059B059C059C05DB
:1055D0009C059C059D059D059D059D059E059E05BB
:1055E0009E059E059F059F059F059F05A005A0059B
:1055F000A005A005A105A105A105A105A205A2057B
:10560000A205A205A305A305A305A305A405A4055A
:10561000A405A405A505A505A505A505A605A6053A
:10562000A605A605A705A705A705A705A805A8051A
:10563000A805A805A905A905A905A905AA05AA05FA
:10564000AA05AA05AB05AB05AB05AB05AC05AC05DA
:10565000AC05AC05AD05AD05AD05AD05AE05AE05BA
:10566000AE05AE05AF05AF05AF05AF05B005B0059A
:10567000B005B005B105B105B105B105B205B2057A
:10568000B205B205B305B305B305B305B405B4055A
:10569000B405B405B505B505B505B505B605B6053A
:1056A000B605B605B705B705B705B705B805B8051A
:1056B000B805B805B905B905B905B905BA05BA05FA
:1056C000BA05BA05BB05BB05BB05BB05BC05BC05DA
:1056D000BC05BC05BD05BD05BD05BD05BE05BE05BA
:1056E000BE05BE05BF05BF05BF05BF05C005C0059A
:1056F000C005C005C105C105C105C105C205C2057A
:10570000C205C205C305C305C305C305C405C40559
:10571000C405C405C505C505C505C505C605C60539
:10572000C605C605C705C705C705C705C805C80519
:10573000C805C805C905C905C905C905CA05CA05F9
:10574000CA05CA05CB05CB05CB05CB05CC05CC05D9
:10575000CC05CC05CD05CD05CD05CD05CE05CE05B9
:10576000CE05CE05CF05CF05CF05CF05D005D00599
:10577000D005D005D105D105D105D105D205D20579
:10578000D205D205D305D305D305D305D405D40559
:10579000D405D405D505D505D505D505D605D60539
:1057A000D605D605D705D705D705D705D805D80519
:1057B000D805D805D905D905D905D905DA05DA05F9
:1057C000DA05DA05DB05DB05DB05DB05DC05DC05D9
:1057D000DC05DC05DD05DD05DD05DD05DE05DE05B9
:1057E000DE05DE05DF05DF05DF05DF05E005E00599
:1057F000E005E005E105E105E105E105E205E20579
:10580000E205E205E305E305E305E305E405E40558
:10581000E405E405E505E505E505E505E605E60538
:10582000E605E605E705E705E705E705E805E80518
:10583000E805E805E905E905E905E905EA05EA05F8
:10584000EA05EA05EB05EB05EB05EB05EC05EC05D8
:10585000EC05EC05ED05ED05ED05ED05EE05EE05B8
:10586000EE05EE05EF05EF05EF05EF05F005F00598
:10587000F005F005F105F105F105F105F205F20578
:10588000F205F205F305F305F305F305F405F40558
:10589000F405F405F505F505F505F505F605F60538
:1058A000F605F605F705F705F705F705F805F80518
:1058B000F805F805F905F905F905F905FA05FA05F8
:1058C000FA05FA05FB05FB05FB05FB05FC05FC05D8
:1058D000FC05FC05FD05FD05FD05FD05FE05FE05B8
:1058E000FE05FE05FF05FF05FF05FF050006000696
:1058F0000006000601060106010601060206020670
:10590000020602060306030603060306040604064F
:10591000040604060506050605060506060606062F
:10592000060606060706070607060706080608060F
:105930000806080609060906090609060A060A06EF
:105940000A060A060B060B060B060B060C060C06CF
:105950000C060C060D060D060D060D060E060E06AF
:105960000E060E060F060F060F060F06100610068F
:10597000100610061106110611061106120612066F
:10598000120612061306130613061306140614064F
:10599000140614061506150615061506160616062F
:1059A000160616061706170617061706180618060F
:1059B0001806180619061906190619061A061A06EF
:1059C0001A061A061B061B061B061B061C061C06CF
:1059D0001C061C061D061D061D061D061E061E06AF
:1059E0001E061E061F061F061F061F06200620068F
:1059F000200620062106210621062106220622066F
:105A0000220622062306230623062306240624064E
:105A1000240624062506250625062506260626062E
:105A2000260626062706270627062706280628060E
:105A30002806280629062906290629062A062A06EE
:105A40002A062A062B062B062B062B062C062C06CE
:105A50002C062C062D062D062D062D062E062E06AE
:105A60002E062E062F062F062F062F06300630068E
:105A7000300630063106310631063106320632066E
:105A8000320632063306330633063306340634064E
:105A9000340634063506350635063506360636062E
:105AA000360636063706370637063706380638060E
:105AB0003806380639063906390639063A063A06EE
:105AC0003A063A063B063B063B063B063C063C06CE
:105AD0003C063C063D063D063D063D063E063E06AE
:105AE0003E063E063F063F063F063F06400640068E
:105AF000400640064106410641064106420642066E
:105B0000420642064306430643064306440644064D
:105B1000440644064506450645064506460646062D
:105B2000460646064706470647064706480648060D
:105B30004806480649064906490649064A064A06ED
:105B40004A064A064B064B064B064B064C064C06CD
:105B50004C064C064D064D064D064D064E064E06AD
:105B60004E064E064F064F064F064F06500650068D
:105B7000500650065106510651065106520652066D
:105B8000520652065306530653065306540654064D
:105B9000540654065506550655065506560656062D
:105BA000560656065706570657065706580658060D
:105BB0005806580659065906590659065A065A06ED
:105BC0005A065A065B065B065B065B065C065C06CD
:105BD0005C065C065D065D065D065D065E065E06AD
:105BE0005E065E065F065F065F065F06600660068D
:105BF000600660066106610661066106620662066D
:105C0000620662066306630663066306640664064C
:105C1000640664066506650665066506660666062C
:105C2000660666066706670667066706680668060C
:105C30006806680669066906690669066A066A06EC
:105C40006A066A066B066B066B066B066C066C06CC
:105C50006C066C066D066D066D066D066E066E06AC
:105C60006E066E066F066F066F066F06700670068C
:105C7000700670067106710671067106720672066C
:105C8000720672067306730673067306740674064C
:105C9000740674067506750675067506760676062C
:105CA000760676067706770677067706780678060C
:105CB0007806780679067906790679067A067A06EC
:105CC0007A067A067B067B067B067B067C067C06CC
:105CD0007C067C067D067D067D067D067E067E06AC
:105CE0007E067E067F067F067F067F06800680068C
:105CF000800680068106810681068106820682066C
:105D0000820682068306830683068306840684064B
:105D1000840684068506850685068506860686062B
:105D2000860686068706870687068706880688060B
:105D30008806880689068906890689068A068A06EB
:105D40008A068A068B068B068B068B068C068C06CB
:105D50008C068C068D068D068D068D068E068E06AB
:105D60008E068E068F068F068F068F06900690068B
:105D7000900690069106910691069106920692066B
:105D8000920692069306930693069306940694064B
:105D9000940694069506950695069506960696062B
:105DA000960696069706970697069706980698060B
:105DB0009806980699069906990699069A069A06EB
:105DC0009A069A069B069B069B069B069C069C06CB
:105DD0009C069C069D069D069D069D069E069E06AB
:105DE0009E069E069F069F069F069F06A006A0068B
:105DF000A006A006A106A106A106A106A206A2066B
:105E0000A206A206A306A306A306A306A406A4064A
:105E1000A406A406A506A506A506A506A606A6062A
:105E2000A606A606A706A706A706A706A806A8060A
:105E3000A806A806A906A906A906A906AA06AA06EA
:105E4000AA06AA06AB06AB06AB06AB06AC06AC06CA
:105E5000AC06AC06AD06AD06AD06AD06AE06AE06AA
:105E6000AE06AE06AF06AF06AF06AF06B006B0068A
:105E7000B006B006B106B106B106B106B206B2066A
:105E8000B206B206B306B306B306B306B406B4064A
:105E9000B406B406B506B506B506B506B606B6062A
:105EA000B606B606B706B706B706B706B806B8060A
:105EB000B806B806B906B906B906B906BA06BA06EA
:105EC000BA06BA06BB06BB06BB06BB06BC06BC06CA
:105ED000BC06BC06BD06BD06BD06BD06BE06BE06AA
:105EE000BE06BE06BF06BF06BF06BF06C006C0068A
:105EF000C006C006C106C106C106C106C206C2066A
:105F0000C206C206C306C306C306C306C406C40649
:105F1000C406C406C506C506C506C506C606C60629
:105F2000C606C606C706C706C706C706C806C80609
:105F3000C806C806C906C906C906C906CA06CA06E9
:105F4000CA06CA06CB06CB06CB06CB06CC06CC06C9
:105F5000CC06CC06CD06CD06CD06CD06CE06CE06A9
:105F6000CE06CE06CF06CF06CF06CF06D006D00689
:105F7000D006D006D106D106D106D106D206D20669
:105F8000D206D206D306D306D306D306D406D40649
:105F9000D406D406D506D506D506D506D606D60629
:105FA000D606D606D706D706D706D706D806D80609
:105FB000D806D806D906D906D906D906DA06DA06E9
:105FC000DA06DA06DB06DB06DB06DB06DC06DC06C9
:105FD000DC06DC06DD06DD06DD06DD06DE06DE06A9
:105FE000DE06DE06DF06DF06DF06DF06E006E00689
:105FF000E006E006E106E106E106E106E206E20669
:10600000E206E206E306E306E306E306E406E40648
:10601000E406E406E506E506E506E506E606E60628
:10602000E606E606E706E706E706E706E806E80608
:10603000E806E806E906E906E906E906EA06EA06E8
:10604000EA06EA06EB06EB06EB06EB06EC06EC06C8
:10605000EC06EC06ED06ED06ED06ED06EE06EE06A8
:10606000EE06EE06EF06EF06EF06EF06F006F00688
:10607000F006F006F106F106F106F106F206F20668
:10608000F206F206F306F306F306F306F406F40648
:10609000F406F406F506F506F506F506F606F60628
:1060A000F606F606F706F706F706F706F806F80608
:1060B000F806F806F906F906F906F906FA06FA06E8
:1060C000FA06FA06FB06FB06FB06FB06FC06FC06C8
:1060D000FC06FC06FD06FD06FD06FD06FE06FE06A8
:1060E000FE06FE06FF06FF06FF06FF060007000786
:1060F0000007000701070107010701070207020760
:10610000020702070307030703070307040704073F
:10611000040704070507050705070507060706071F
:1061200006070607070707070707070708070807FF
:106130000807080709070907090709070A070A07DF
:106140000A070A070B070B070B070B070C070C07BF
:106150000C070C070D070D070D070D070E070E079F
:106160000E070E070F070F070F070F07100710077F
:10617000100710071107110711071107120712075F
:10618000120712071307130713071307140714073F
:10619000140714071507150715071507160716071F
:1061A00016071607170717071707170718071807FF
:1061B0001807180719071907190719071A071A07DF
:1061C0001A071A071B071B071B071B071C071C07BF
:1061D0001C071C071D071D071D071D071E071E079F
:1061E0001E071E071F071F071F071F07200720077F
:1061F000200720072107210721072107220722075F
:10620000220722072307230723072307240724073E
:10621000240724072507250725072507260726071E
:1062200026072607270727072707270728072807FE
:106230002807280729072907290729072A072A07DE
:106240002A072A072B072B072B072B072C072C07BE
:106250002C072C072D072D072D072D072E072E079E
:106260002E072E072F072F072F072F07300730077E
:10627000300730073107310731073107320732075E
:10628000320732073307330733073307340734073E
:10629000340734073507350735073507360736071E
:1062A00036073607370737073707370738073807FE
:1062B0003807380739073907390739073A073A07DE
:1062C0003A073A073B073B073B073B073C073C07BE
:1062D0003C073C073D073D073D073D073E073E079E
:1062E0003E073E073F073F073F073F07400740077E
:1062F000400740074107410741074107420742075E
:10630000420742074307430743074307440744073D
:10631000440744074507450745074507460746071D
:1063200046074607470747074707470748074807FD
:106330004807480749074907490749074A074A07DD
:106340004A074A074B074B074B074B074C074C07BD
:106350004C074C074D074D074D074D074E074E079D
:106360004E074E074F074F074F074F07500750077D
:10637000500750075107510751075107520752075D
:10638000520752075307530753075307540754073D
:10639000540754075507550755075507560756071D
:1063A00056075607570757075707570758075807FD
:1063B0005807580759075907590759075A075A07DD
:1063C0005A075A075B075B075B075B075C075C07BD
:1063D0005C075C075D075D075D075D075E075E079D
:1063E0005E075E075F075F075F075F07600760077D
:1063F000600760076107610761076107620762075D
:10640000620762076307630763076307640764073C
:10641000640764076507650765076507660766071C
:1064200066076607670767076707670768076807FC
:106430006807680769076907690769076A076A07DC
:106440006A076A076B076B076B076B076C076C07BC
:106450006C076C076D076D076D076D076E076E079C
:106460006E076E076F076F076F076F07700770077C
:10647000700770077107710771077107720772075C
:10648000720772077307730773077307740774073C
:10649000740774077507750775077507760776071C
:1064A00076077607770777077707770778077807FC
:1064B0007807780779077907790779077A077A07DC
:1064C0007A077A077B077B077B077B077C077C07BC
:1064D0007C077C077D077D077D077D077E077E079C
:1064E0007E077E077F077F077F077F07800780077C
:1064F000800780078107810781078107820782075C
:10650000820782078307830783078307840784073B
:10651000840784078507850785078507860786071B
:1065200086078607870787078707870788078807FB
:106530008807880789078907890789078A078A07DB
:106540008A078A078B078B078B078B078C078C07BB
:106550008C078C078D078D078D078D078E078E079B
:106560008E078E078F078F078F078F07900790077B
:10657000900790079107910791079107920792075B
:10658000920792079307930793079307940794073B
:10659000940794079507950795079507960796071B
:1065A00096079607970797079707970798079807FB
:1065B0009807980799079907990799079A079A07DB
:1065C0009A079A079B079B079B079B079C079C07BB
:1065D0009C079C079D079D079D079D079E079E079B
:1065E0009E079E079F079F079F079F07A007A0077B
:1065F000A007A007A107A107A107A107A207A2075B
:10660000A207A207A307A307A307A307A407A4073A
:10661000A407A407A507A507A507A507A607A6071A
:10662000A607A607A707A707A707A707A807A807FA
:10663000A807A807A907A907A907A907AA07AA07DA
:10664000AA07AA07AB07AB07AB07AB07AC07AC07BA
:10665000AC07AC07AD07AD07AD07AD07AE07AE079A
:10666000AE07AE07AF07AF07AF07AF07B007B0077A
:10667000B007B007B107B107B107B107B207B2075A
:10668000B207B207B307B307B307B307B407B4073A
:10669000B407B407B507B507B507B507B607B6071A
:1066A000B607B607B707B707B707B707B807B807FA
:1066B000B807B807B907B907B907B907BA07BA07DA
:1066C000BA07BA07BB07BB07BB07BB07BC07BC07BA
:1066D000BC07BC07BD07BD07BD07BD07BE07BE079A
:1066E000BE07BE07BF07BF07BF07BF07C007C0077A
:1066F000C007C007C107C107C107C107C207C2075A
:10670000C207C207C307C307C307C307C407C40739
:10671000C407C407C507C507C507C507C607C60719
:10672000C607C607C707C707C707C707C807C807F9
:10673000C807C807C907C907C907C907CA07CA07D9
:10674000CA07CA07CB07CB07CB07CB07CC07CC07B9
:10675000CC07CC07CD07CD07CD07CD07CE07CE0799
:10676000CE07CE07CF07CF07CF07CF07D007D00779
:10677000D007D007D107D107D107D107D207D20759
:10678000D207D207D307D307D307D307D407D40739
:10679000D407D407D507D507D507D507D607D60719
:1067A000D607D607D707D707D707D707D807D807F9
:1067B000D807D807D907D907D907D907DA07DA07D9
:1067C000DA07DA07DB07DB07DB07DB07DC07DC07B9
:1067D000DC07DC07DD07DD07DD07DD07DE07DE0799
:1067E000DE07DE07DF07DF07DF07DF07E007E00779
:1067F000E007E007E107E107E107E107E207E20759
:10680000E207E207E307E307E307E307E407E40738
:10681000E407E407E507E507E507E507E607E60718
:10682000E607E607E707E707E707E707E807E807F8
:10683000E807E807E907E907E907E907EA07EA07D8
:10684000EA07EA07EB07EB07EB07EB07EC07EC07B8
:10685000EC07EC07ED07ED07ED07ED07EE07EE0798
:10686000EE07EE07EF07EF07EF07EF07F007F00778
:10687000F007F007F107F107F107F107F207F20758
:10688000F207F207F307F307F307F307F407F40738
:10689000F407F407F507F507F507F507F607F60718
:1068A000F607F607F707F707F707F707F807F807F8
:1068B000F807F807F907F907F907F907FA07FA07D8
:1068C000FA07FA07FB07FB07FB07FB07FC07FC07B8
:1068D000FC07FC07FD07FD07FD07FD07FE07FE0798
:1068E000FE07FE07FF07FF07FF07FF07FF07000878
:1068F0000008000800080108010801080108020852
:106900000208020802080308030803080308040831
:106910000408040804080508050805080508060811
:1069200006080608060807080708070807080808F1
:1069300008080808080809080908090809080A08D1
:106940000A080A080A080B080B080B080B080C08B1
:106950000C080C080C080D080D080D080D080E0891
:106960000E080E080E080F080F080F080F08100871
:106970001008100810081108110811081108120851
:106980001208120812081308130813081308140831
:106990001408140814081508150815081508160811
:1069A00016081608160817081708170817081808F1
:1069B00018081808180819081908190819081A08D1
:1069C0001A081A081A081B081B081B081B081C08B1
:1069D0001C081C081C081D081D081D081D081E0891
:1069E0001E081E081E081F081F081F081F08200871
:1069F0002008200820082108210821082108220851
:106A00002208220822082308230823082308240830
:106A10002408240824082508250825082508260810
:106A200026082608260827082708270827082808F0
:106A300028082808280829082908290829082A08D0
:106A40002A082A082A082B082B082B082B082C08B0
:106A50002C082C082C082D082D082D082D082E0890
:106A60002E082E082E082F082F082F082F08300870
:106A70003008300830083108310831083108320850
:106A80003208320832083308330833083308340830
:106A90003408340834083508350835083508360810
:106AA00036083608360837083708370837083808F0
:106AB00038083808380839083908390839083A08D0
:106AC0003A083A083A083B083B083B083B083C08B0
:106AD0003C083C083C083D083D083D083D083E0890
:106AE0003E083E083E083F083F083F083F08400870
:106AF0004008400840084108410841084108420850
:106B0000420842084208430843084308430844082F
:106B1000440844084408450845084508450846080F
:106B200046084608460847084708470847084808EF
:106B300048084808480849084908490849084A08CF
:106B40004A084A084A084B084B084B084B084C08AF
:106B50004C084C084C084D084D084D084D084E088F
:106B60004E084E084E084F084F084F084F0850086F
:106B7000500850085008510851085108510852084F
:106B8000520852085208530853085308530854082F
:106B9000540854085408550855085508550856080F
:106BA00056085608560857085708570857085808EF
:106BB00058085808580859085908590859085A08CF
:106BC0005A085A085A085B085B085B085B085C08AF
:106BD0005C085C085C085D085D085D085D085E088F
:106BE0005E085E085E085F085F085F085F0860086F
:106BF000600860086008610861086108610862084F
:106C0000620862086208630863086308630864082E
:106C1000640864086408650865086508650866080E
:106C200066086608660867086708670867086808EE
:106C300068086808680869086908690869086A08CE
:106C40006A086A086A086B086B086B086B086C08AE
:106C50006C086C086C086D086D086D086D086E088E
:106C60006E086E086E086F086F086F086F0870086E
:106C7000700870087008710871087108710872084E
:106C8000720872087208730873087308730874082E
:106C9000740874087408750875087508750876080E
:106CA00076087608760877087708770877087808EE
:106CB00078087808780879087908790879087A08CE
:106CC0007A087A087A087B087B087B087B087C08AE
:106CD0007C087C087C087D087D087D087D087E088E
:106CE0007E087E087E087F087F087F087F0880086E
:106CF000800880088008810881088108810882084E
:106D0000820882088208830883088308830884082D
:106D1000840884088408850885088508850886080D
:106D200086088608860887088708870887088808ED
:106D300088088808880889088908890889088A08CD
:106D40008A088A088A088B088B088B088B088C08AD
:106D50008C088C088C088D088D088D088D088E088D
:106D60008E088E088E088F088F088F088F0890086D
:106D7000900890089008910891089108910892084D
:106D8000920892089208930893089308930894082D
:106D9000940894089408950895089508950896080D
:106DA00096089608960897089708970897089808ED
:106DB00098089808980899089908990899089A08CD
:106DC0009A089A089A089B089B089B089B089C08AD
:106DD0009C089C089C089D089D089D089D089E088D
:106DE0009E089E089E089F089F089F089F08A0086D
:106DF000A008A008A008A108A108A108A108A2084D
:106E0000A208A208A208A308A308A308A308A4082C
:106E1000A408A408A408A508A508A508A508A6080C
:106E2000A608A608A608A708A708A708A708A808EC
:106E3000A808A808A808A908A908A908A908AA08CC
:106E4000AA08AA08AA08AB08AB08AB08AB08AC08AC
:106E5000AC08AC08AC08AD08AD08AD08AD08AE088C
:106E6000AE08AE08AE08AF08AF08AF08AF08B0086C
:106E7000B008B008B008B108B108B108B108B2084C
:106E8000B208B208B208B308B308B308B308B4082C
:106E9000B408B408B408B508B508B508B508B6080C
:106EA000B608B608B608B708B708B708B708B808EC
:106EB000B808B808B808B908B908B908B908BA08CC
:106EC000BA08BA08BA08BB08BB08BB08BB08BC08AC
:106ED000BC08BC08BC08BD08BD08BD08BD08BE088C
:106EE000BE08BE08BE08BF08BF08BF08BF08C0086C
:106EF000C008C008C008C108C108C108C108C2084C
:106F0000C208C208C208C308C308C308C308C4082B
:106F1000C408C408C408C508C508C508C508C6080B
:106F2000C608C608C608C708C708C708C708C808EB
:106F3000C808C808C808C908C908C908C908CA08CB
:106F4000CA08CA08CA08CB08CB08CB08CB08CC08AB
:106F5000CC08CC08CC08CD08CD08CD08CD08CE088B
:106F6000CE08CE08CE08CF08CF08CF08CF08D0086B
:106F7000D008D008D008D108D108D108D108D2084B
:106F8000D208D208D208D308D308D308D308D4082B
:106F9000D408D408D408D508D508D508D508D6080B
:106FA000D608D608D608D708D708D708D708D808EB
:106FB000D808D808D808D908D908D908D908DA08CB
:106FC000DA08DA08DA08DB08DB08DB08DB08DC08AB
:106FD000DC08DC08DC08DD08DD08DD08DD08DE088B
:106FE000DE08DE08DE08DF08DF08DF08DF08E0086B
:106FF000E008E008E008E108E108E108E108E2084B
:10700000E208E208E208E308E308E308E308E4082A
:10701000E408E408E408E508E508E508E508E6080A
:10702000E608E608E608E708E708E708E708E808EA
:10703000E808E808E808E908E908E908E908EA08CA
:10704000EA08EA08EA08EB08EB08EB08EB08EC08AA
:10705000EC08EC08EC08ED08ED08ED08ED08EE088A
:10706000EE08EE08EE08EF08EF08EF08EF08F0086A
:10707000F008F008F008F108F108F108F108F2084A
:10708000F208F208F208F308F308F308F308F4082A
:10709000F408F408F408F508F508F508F508F6080A
:1070A000F608F608F608F708F708F708F708F808EA
:1070B000F808F808F808F908F908F908F908FA08CA
:1070C000FA08FA08FA08FB08FB08FB08FB08FC08AA
:1070D000FC08FC08FC08FD08FD08FD08FD08FE088A
:1070E000FE08FE08FE08FF08FF08FF08FF08000969
:1070F0000009000900090109010901090109020942
:107100000209020902090309030903090309040921
:107110000409040904090509050905090509060901
:1071200006090609060907090709070907090809E1
:1071300008090809080909090909090909090A09C1
:107140000A090A090A090B090B090B090B090C09A1
:107150000C090C090C090D090D090D090D090E0981
:107160000E090E090E090F090F090F090F09100961
:107170001009100910091109110911091109120941
:107180001209120912091309130913091309140921
:107190001409140914091509150915091509160901
:1071A00016091609160917091709170917091809E1
:1071B00018091809180919091909190919091A09C1
:1071C0001A091A091A091B091B091B091B091C09A1
:1071D0001C091C091C091D091D091D091D091E0981
:1071E0001E091E091E091F091F091F091F09200961
:1071F0002009200920092109210921092109220941
:107200002209220922092309230923092309240920
:107210002409240924092509250925092509260900
:1072200026092609260927092709270927092809E0
:1072300028092809280929092909290929092A09C0
:107240002A092A092A092B092B092B092B092C09A0
:107250002C092C092C092D092D092D092D092E0980
:107260002E092E092E092F092F092F092F09300960
:107270003009300930093109310931093109320940
:107280003209320932093309330933093309340920
:107290003409340934093509350935093509360900
:1072A00036093609360937093709370937093809E0
:1072B00038093809380939093909390939093A09C0
:1072C0003A093A093A093B093B093B093B093C09A0
:1072D0003C093C093C093D093D093D093D093E0980
:1072E0003E093E093E093F093F093F093F09400960
:1072F0004009400940094109410941094109420940
:10730000420942094209430943094309430944091F
:1073100044094409440945094509450945094609FF
:1073200046094609460947094709470947094809DF
:1073300048094809480949094909490949094A09BF
:107340004A094A094A094B094B094B094B094C099F
:107350004C094C094C094D094D094D094D094E097F
:107360004E094E094E094F094F094F094F0950095F
:10737000500950095009510951095109510952093F
:10738000520952095209530953095309530954091F
:1073900054095409540955095509550955095609FF
:1073A00056095609560957095709570957095809DF
:1073B00058095809580959095909590959095A09BF
:1073C0005A095A095A095B095B095B095B095C099F
:1073D0005C095C095C095D095D095D095D095E097F
:1073E0005E095E095E095F095F095F095F0960095F
:1073F000600960096009610961096109610962093F
:10740000620962096209630963096309630964091E
:1074100064096409640965096509650965096609FE
:1074200066096609660967096709670967096809DE
:1074300068096809680969096909690969096A09BE
:107440006A096A096A096B096B096B096B096C099E
:107450006C096C096C096D096D096D096D096E097E
:107460006E096E096E096F096F096F096F0970095E
:10747000700970097009710971097109710972093E
:10748000720972097209730973097309730974091E
:1074900074097409740975097509750975097609FE
:1074A00076097609760977097709770977097809DE
:1074B00078097809780979097909790979097A09BE
:1074C0007A097A097A097B097B097B097B097C099E
:1074D0007C097C097C097D097D097D097D097E097E
:1074E0007E097E097E097F097F097F097F0980095E
:1074F000800980098009810981098109810982093E
:10750000820982098209830983098309830984091D
:1075100084098409840985098509850985098609FD
:1075200086098609860987098709870987098809DD
:1075300088098809880989098909890989098A09BD
:107540008A098A098A098B098B098B098B098C099D
:107550008C098C098C098D098D098D098D098E097D
:107560008E098E098E098F098F098F098F0990095D
:10757000900990099009910991099109910992093D
:10758000920992099209930993099309930994091D
:1075900094099409940995099509950995099609FD
:1075A00096099609960997099709970997099809DD
:1075B00098099809980999099909990999099A09BD
:1075C0009A099A099A099B099B099B099B099C099D
:1075D0009C099C099C099D099D099D099D099E097D
:1075E0009E099E099E099F099F099F099F09A0095D
:1075F000A009A009A009A109A109A109A109A2093D
:10760000A209A209A209A309A309A309A309A4091C
:10761000A409A409A409A509A509A509A509A609FC
:10762000A609A609A609A709A709A709A709A809DC
:10763000A809A809A809A909A909A909A909AA09BC
:10764000AA09AA09AA09AB09AB09AB09AB09AC099C
:10765000AC09AC09AC09AD09AD09AD09AD09AE097C
:10766000AE09AE09AE09AF09AF09AF09AF09B0095C
:10767000B009B009B009B109B109B109B109B2093C
:10768000B209B209B209B309B309B309B309B4091C
:10769000B409B409B409B509B509B509B509B609FC
:1076A000B609B609B609B709B709B709B709B809DC
:1076B000B809B809B809B909B909B909B909BA09BC
:1076C000BA09BA09BA09BB09BB09BB09BB09BC099C
:1076D000BC09BC09BC09BD09BD09BD09BD09BE097C
:1076E000BE09BE09BE09BF09BF09BF09BF09C0095C
:1076F000C009C009C009C109C109C109C109C2093C
:10770000C209C209C209C309C309C309C309C4091B
:10771000C409C409C409C509C509C509C509C609FB
:10772000C609C609C609C709C709C709C709C809DB
:10773000C809C809C809C909C909C909C909CA09BB
:10774000CA09CA09CA09CB09CB09CB09CB09CC099B
:10775000CC09CC09CC09CD09CD09CD09CD09CE097B
:10776000CE09CE09CE09CF09CF09CF09CF09D0095B
:10777000D009D009D009D109D109D109D109D2093B
:10778000D209D209D209D309D309D309D309D4091B
:10779000D409D409D409D509D509D509D509D609FB
:1077A000D609D609D609D709D709D709D709D809DB
:1077B000D809D809D809D909D909D909D909DA09BB
:1077C000DA09DA09DA09DB09DB09DB09DB09DC099B
:1077D000DC09DC09DC09DD09DD09DD09DD09DE097B
:1077E000DE09DE09DE09DF09DF09DF09DF09E0095B
:1077F000E009E009E009E109E109E109E109E2093B
:10780000E209E209E209E309E309E309E309E4091A
:10781000E409E409E409E509E509E509E509E609FA
:10782000E609E609E609E709E709E709E709E809DA
:10783000E809E809E809E909E909E909E909EA09BA
:10784000EA09EA09EA09EB09EB09EB09EB09EC099A
:10785000EC09EC09EC09ED09ED09ED09ED09EE097A
:10786000EE09EE09EE09EF09EF09EF09EF09F0095A
:10787000F009F009F009F109F109F109F109F2093A
:10788000F209F209F209F309F309F309F309F4091A
:10789000F409F409F409F509F509F509F509F609FA
:1078A000F609F609F609F709F709F709F709F809DA
:1078B000F809F809F809F909F909F909F909FA09BA
:1078C000FA09FA09FA09FB09FB09FB09FB09FC099A
:1078D000FC09FC09FC09FD09FD09FD09FD09FE097A
:1078E000FE09FE09FE09FF09FF09FF09FF09000A59
:1078F000000A000A000A010A010A010A010A020A32
:10790000020A020A020A030A030A030A030A040A11
:10791000040A040A040A050A050A050A050A060AF1
:10792000060A060A060A070A070A070A070A080AD1
:10793000080A080A080A090A090A090A090A0A0AB1
:107940000A0A0A0A0A0A0B0A0B0A0B0A0B0A0C0A91
:107950000C0A0C0A0C0A0D0A0D0A0D0A0D0A0E0A71
:107960000E0A0E0A0E0A0F0A0F0A0F0A0F0A100A51
:10797000100A100A100A110A110A110A110A120A31
:10798000120A120A120A130A130A130A130A140A11
:10799000140A140A140A150A150A150A150A160AF1
:1079A000160A160A160A170A170A170A170A180AD1
:1079B000180A180A180A190A190A190A190A1A0AB1
:1079C0001A0A1A0A1A0A1B0A1B0A1B0A1B0A1C0A91
:1079D0001C0A1C0A1C0A1D0A1D0A1D0A1D0A1E0A71
:1079E0001E0A1E0A1E0A1F0A1F0A1F0A1F0A200A51
:1079F000200A200A200A210A210A210A210A220A31
:107A0000220A220A220A230A230A230A230A240A10
:107A1000240A240A240A250A250A250A250A260AF0
:107A2000260A260A260A270A270A270A270A280AD0
:107A3000280A280A280A290A290A290A290A2A0AB0
:107A40002A0A2A0A2A0A2B0A2B0A2B0A2B0A2C0A90
:107A50002C0A2C0A2C0A2D0A2D0A2D0A2D0A2E0A70
:107A60002E0A2E0A2E0A2F0A2F0A2F0A2F0A300A50
:107A7000300A300A300A310A310A310A310A320A30
:107A8000320A320A320A330A330A330A330A340A10
:107A9000340A340A340A350A350A350A350A360AF0
:107AA000360A360A360A370A370A370A370A380AD0
:107AB000380A380A380A390A390A390A390A3A0AB0
:107AC0003A0A3A0A3A0A3B0A3B0A3B0A3B0A3C0A90
:107AD0003C0A3C0A3C0A3D0A3D0A3D0A3D0A3E0A70
:107AE0003E0A3E0A3E0A3F0A3F0A3F0A3F0A400A50
:107AF000400A400A400A410A410A410A410A420A30
:107B0000420A420A420A430A430A430A430A440A0F
:107B1000440A440A440A450A450A450A450A460AEF
:107B2000460A460A460A470A470A470A470A480ACF
:107B3000480A480A480A490A490A490A490A4A0AAF
:107B40004A0A4A0A4A0A4B0A4B0A4B0A4B0A4C0A8F
:107B50004C0A4C0A4C0A4D0A4D0A4D0A4D0A4E0A6F
:107B60004E0A4E0A4E0A4F0A4F0A4F0A4F0A500A4F
:107B7000500A500A500A510A510A510A510A520A2F
:107B8000520A520A520A530A530A530A530A540A0F
:107B9000540A540A540A550A550A550A550A560AEF
:107BA000560A560A560A570A570A570A570A580ACF
:107BB000580A580A580A590A590A590A590A5A0AAF
:107BC0005A0A5A0A5A0A5B0A5B0A5B0A5B0A5C0A8F
:107BD0005C0A5C0A5C0A5D0A5D0A5D0A5D0A5E0A6F
:107BE0005E0A5E0A5E0A5F0A5F0A5F0A5F0A600A4F
:107BF000600A600A600A610A610A610A610A620A2F
:107C0000620A620A620A630A630A630A630A640A0E
:107C1000640A640A640A650A650A650A650A660AEE
:107C2000660A660A660A670A670A670A670A680ACE
:107C3000680A680A680A690A690A690A690A6A0AAE
:107C40006A0A6A0A6A0A6B0A6B0A6B0A6B0A6C0A8E
:107C50006C0A6C0A6C0A6D0A6D0A6D0A6D0A6E0A6E
:107C60006E0A6E0A6E0A6F0A6F0A6F0A6F0A700A4E
:107C7000700A700A700A710A710A710A710A720A2E
:107C8000720A720A720A730A730A730A730A740A0E
:107C9000740A740A740A750A750A750A750A760AEE
:107CA000760A760A760A770A770A770A770A780ACE
:107CB000780A780A780A790A790A790A790A7A0AAE
:107CC0007A0A7A0A7A0A7B0A7B0A7B0A7B0A7C0A8E
:107CD0007C0A7C0A7C0A7D0A7D0A7D0A7D0A7E0A6E
:107CE0007E0A7E0A7E0A7F0A7F0A7F0A7F0A800A4E
:107CF000800A800A800A810A810A810A810A820A2E
:107D0000820A820A820A830A830A830A830A840A0D
:107D1000840A840A840A850A850A850A850A860AED
:107D2000860A860A860A870A870A870A870A880ACD
:107D3000880A880A880A890A890A890A890A8A0AAD
:107D40008A0A8A0A8A0A8B0A8B0A8B0A8B0A8C0A8D
:107D50008C0A8C0A8C0A8D0A8D0A8D0A8D0A8E0A6D
:107D60008E0A8E0A8E0A8F0A8F0A8F0A8F0A900A4D
:107D7000900A900A900A910A910A910A910A920A2D
:107D8000920A920A920A930A930A930A930A940A0D
:107D9000940A940A940A950A950A950A950A960AED
:107DA000960A960A960A970A970A970A970A980ACD
:107DB000980A980A980A990A990A990A990A9A0AAD
:107DC0009A0A9A0A9A0A9B0A9B0A9B0A9B0A9C0A8D
:107DD0009C0A9C0A9C0A9D0A9D0A9D0A9D0A9E0A6D
:107DE0009E0A9E0A9E0A9F0A9F0A9F0A9F0AA00A4D
:107DF000A00AA00AA00AA10AA10AA10AA10AA20A2D
:107E0000A20AA20AA20AA30AA30AA30AA30AA40A0C
:107E1000A40AA40AA40AA50AA50AA50AA50AA60AEC
:107E2000A60AA60AA60AA70AA70AA70AA70AA80ACC
:107E3000A80AA80AA80AA90AA90AA90AA90AAA0AAC
:107E4000AA0AAA0AAA0AAB0AAB0AAB0AAB0AAC0A8C
:107E5000AC0AAC0AAC0AAD0AAD0AAD0AAD0AAE0A6C
:107E6000AE0AAE0AAE0AAF0AAF0AAF0AAF0AB00A4C
:107E7000B00AB00AB00AB10AB10AB10AB10AB20A2C
:107E8000B20AB20AB20AB30AB30AB30AB30AB40A0C
:107E9000B40AB40AB40AB50AB50AB50AB50AB60AEC
:107EA000B60AB60AB60AB70AB70AB70AB70AB80ACC
:107EB000B80AB80AB80AB90AB90AB90AB90ABA0AAC
:107EC000BA0ABA0ABA0ABB0ABB0ABB0ABB0ABC0A8C
:107ED000BC0ABC0ABC0ABD0ABD0ABD0ABD0ABE0A6C
:107EE000BE0ABE0ABE0ABF0ABF0ABF0ABF0AC00A4C
:107EF000C00AC00AC00AC10AC10AC10AC10AC20A2C
:107F0000C20AC20AC20AC30AC30AC30AC30AC40A0B
:107F1000C40AC40AC40AC50AC50AC50AC50AC60AEB
:107F2000C60AC60AC60AC70AC70AC70AC70AC80ACB
:107F3000C80AC80AC80AC90AC90AC90AC90ACA0AAB
:107F4000CA0ACA0ACA0ACB0ACB0ACB0ACB0ACC0A8B
:107F5000CC0ACC0ACC0ACD0ACD0ACD0ACD0ACE0A6B
:107F6000CE0ACE0ACE0ACF0ACF0ACF0ACF0AD00A4B
:107F7000D00AD00AD00AD10AD10AD10AD10AD20A2B
:107F8000D20AD20AD20AD30AD30AD30AD30AD40A0B
:107F9000D40AD40AD40AD50AD50AD50AD50AD60AEB
:107FA000D60AD60AD60AD70AD70AD70AD70AD80ACB
:107FB000D80AD80AD80AD90AD90AD90AD90ADA0AAB
:107FC000DA0ADA0ADA0ADB0ADB0ADB0ADB0ADC0A8B
:107FD000DC0ADC0ADC0ADD0ADD0ADD0ADD0ADE0A6B
:107FE000DE0ADE0ADE0ADF0ADF0ADF0ADF0AE00A4B
:107FF000E00AE00AE00AE10AE10AE10AE10AE20A2B
:10800000E20AE20AE20AE30AE30AE30AE30AE40A0A
:10801000E40AE40AE40AE50AE50AE50AE50AE60AEA
:10802000E60AE60AE60AE70AE70AE70AE70AE80ACA
:10803000E80AE80AE80AE90AE90AE90AE90AEA0AAA
:10804000EA0AEA0AEA0AEB0AEB0AEB0AEB0AEC0A8A
:10805000EC0AEC0AEC0AED0AED0AED0AED0AEE0A6A
:10806000EE0AEE0AEE0AEF0AEF0AEF0AEF0AF00A4A
:10807000F00AF00AF00AF10AF10AF10AF10AF20A2A
:10808000F20AF20AF20AF30AF30AF30AF30AF40A0A
:10809000F40AF40AF40AF50AF50AF50AF50AF60AEA
:1080A000F60AF60AF60AF70AF70AF70AF70AF80ACA
:1080B000F80AF80AF80AF90AF90AF90AF90AFA0AAA
:1080C000FA0AFA0AFA0AFB0AFB0AFB0AFB0AFC0A8A
:1080D000FC0AFC0AFC0AFD0AFD0AFD0AFD0AFE0A6A
:1080E000FE0AFE0AFE0AFF0AFF0AFF0AFF0A000B49
:1080F000000B000B000B010B010B010B010B020B22
:10810000020B020B020B030B030B030B030B040B01
:10811000040B040B040B050B050B050B050B060BE1
:10812000060B060B060B070B070B070B070B080BC1
:10813000080B080B080B090B090B090B090B0A0BA1
:108140000A0B0A0B0A0B0B0B0B0B0B0B0B0B0C0B81
:108150000C0B0C0B0C0B0D0B0D0B0D0B0D0B0E0B61
:108160000E0B0E0B0E0B0F0B0F0B0F0B0F0B100B41
:10817000100B100B100B110B110B110B110B120B21
:10818000120B120B120B130B130B130B130B140B01
:10819000140B140B140B150B150B150B150B160BE1
:1081A000160B160B160B170B170B170B170B180BC1
:1081B000180B180B180B190B190B190B190B1A0BA1
:1081C0001A0B1A0B1A0B1B0B1B0B1B0B1B0B1C0B81
:1081D0001C0B1C0B1C0B1D0B1D0B1D0B1D0B1E0B61
:1081E0001E0B1E0B1E0B1F0B1F0B1F0B1F0B200B41
:1081F000200B200B200B210B210B210B210B220B21
:10820000220B220B220B230B230B230B230B240B00
:10821000240B240B240B250B250B250B250B260BE0
:10822000260B260B260B270B270B270B270B280BC0
:10823000280B280B280B290B290B290B290B2A0BA0
:108240002A0B2A0B2A0B2B0B2B0B2B0B2B0B2C0B80
:108250002C0B2C0B2C0B2D0B2D0B2D0B2D0B2E0B60
:108260002E0B2E0B2E0B2F0B2F0B2F0B2F0B300B40
:10827000300B300B300B310B310B310B310B320B20
:10828000320B320B320B330B330B330B330B340B00
:10829000340B340B340B350B350B350B350B360BE0
:1082A000360B360B360B370B370B370B370B380BC0
:1082B000380B380B380B390B390B390B390B3A0BA0
:1082C0003A0B3A0B3A0B3B0B3B0B3B0B3B0B3C0B80
:1082D0003C0B3C0B3C0B3D0B3D0B3D0B3D0B3E0B60
:1082E0003E0B3E0B3E0B3F0B3F0B3F0B3F0B400B40
:1082F000400B400B400B410B410B410B410B420B20
:10830000420B420B420B430B430B430B430B440BFF
:10831000440B440B440B450B450B450B450B460BDF
:10832000460B460B460B470B470B470B470B480BBF
:10833000480B480B480B490B490B490B490B4A0B9F
:108340004A0B4A0B4A0B4B0B4B0B4B0B4B0B4C0B7F
:108350004C0B4C0B4C0B4D0B4D0B4D0B4D0B4E0B5F
:108360004E0B4E0B4E0B4F0B4F0B4F0B4F0B500B3F
:10837000500B500B500B510B510B510B510B520B1F
:10838000520B520B520B530B530B530B530B540BFF
:10839000540B540B540B550B550B550B550B560BDF
:1083A000560B560B560B570B570B570B570B580BBF
:1083B000580B580B580B590B590B590B590B5A0B9F
:1083C0005A0B5A0B5A0B5B0B5B0B5B0B5B0B5C0B7F
:1083D0005C0B5C0B5C0B5D0B5D0B5D0B5D0B5E0B5F
:1083E0005E0B5E0B5E0B5F0B5F0B5F0B5F0B600B3F
:1083F000600B600B600B610B610B610B610B620B1F
:10840000620B620B620B630B630B630B630B640BFE
:10841000640B640B640B650B650B650B650B660BDE
:10842000660B660B660B670B670B670B670B680BBE
:10843000680B680B680B690B690B690B690B6A0B9E
:108440006A0B6A0B6A0B6B0B6B0B6B0B6B0B6C0B7E
:108450006C0B6C0B6C0B6D0B6D0B6D0B6D0B6E0B5E
:108460006E0B6E0B6E0B6F0B6F0B6F0B6F0B700B3E
:10847000700B700B700B710B710B710B710B720B1E
:10848000720B720B720B730B730B730B730B740BFE
:10849000740B740B740B750B750B750B750B760BDE
:1084A000760B760B760B770B770B770B770B780BBE
:1084B000780B780B780B790B790B790B790B7A0B9E
:1084C0007A0B7A0B7A0B7B0B7B0B7B0B7B0B7C0B7E
:1084D0007C0B7C0B7C0B7D0B7D0B7D0B7D0B7E0B5E
:1084E0007E0B7E0B7E0B7F0B7F0B7F0B7F0B800B3E
:1084F000800B800B800B810B810B810B810B820B1E
:10850000820B820B820B830B830B830B830B840BFD
:10851000840B840B840B850B850B850B850B860BDD
:10852000860B860B860B870B870B870B870B880BBD
:10853000880B880B880B890B890B890B890B8A0B9D
:108540008A0B8A0B8A0B8B0B8B0B8B0B8B0B8C0B7D
:108550008C0B8C0B8C0B8D0B8D0B8D0B8D0B8E0B5D
:108560008E0B8E0B8E0B8F0B8F0B8F0B8F0B900B3D
:10857000900B900B900B910B910B910B910B920B1D
:10858000920B920B920B930B930B930B930B940BFD
:10859000940B940B940B950B950B950B950B960BDD
:1085A000960B960B960B970B970B970B970B980BBD
:1085B000980B980B980B990B990B990B990B9A0B9D
:1085C0009A0B9A0B9A0B9B0B9B0B9B0B9B0B9C0B7D
:1085D0009C0B9C0B9C0B9D0B9D0B9D0B9D0B9E0B5D
:1085E0009E0B9E0B9E0B9F0B9F0B9F0B9F0BA00B3D
:1085F000A00BA00BA00BA10BA10BA10BA10BA20B1D
:10860000A20BA20BA20BA30BA30BA30BA30BA40BFC
:10861000A40BA40BA40BA50BA50BA50BA50BA60BDC
:10862000A60BA60BA60BA70BA70BA70BA70BA80BBC
:10863000A80BA80BA80BA90BA90BA90BA90BAA0B9C
:10864000AA0BAA0BAA0BAB0BAB0BAB0BAB0BAC0B7C
:10865000AC0BAC0BAC0BAD0BAD0BAD0BAD0BAE0B5C
:10866000AE0BAE0BAE0BAF0BAF0BAF0BAF0BB00B3C
:10867000B00BB00BB00BB10BB10BB10BB10BB20B1C
:10868000B20BB20BB20BB30BB30BB30BB30BB40BFC
:10869000B40BB40BB40BB50BB50BB50BB50BB60BDC
:1086A000B60BB60BB60BB70BB70BB70BB70BB80BBC
:1086B000B80BB80BB80BB90BB90BB90BB90BBA0B9C
:1086C000BA0BBA0BBA0BBB0BBB0BBB0BBB0BBC0B7C
:1086D000BC0BBC0BBC0BBD0BBD0BBD0BBD0BBE0B5C
:1086E000BE0BBE0BBE0BBF0BBF0BBF0BBF0BC00B3C
:1086F000C00BC00BC00BC10BC10BC10BC10BC20B1C
:10870000C20BC20BC20BC30BC30BC30BC30BC40BFB
:10871000C40BC40BC40BC50BC50BC50BC50BC60BDB
:10872000C60BC60BC60BC70BC70BC70BC70BC80BBB
:10873000C80BC80BC80BC90BC90BC90BC90BCA0B9B
:10874000CA0BCA0BCA0BCB0BCB0BCB0BCB0BCC0B7B
:10875000CC0BCC0BCC0BCD0BCD0BCD0BCD0BCE0B5B
:10876000CE0BCE0BCE0BCF0BCF0BCF0BCF0BD00B3B
:10877000D00BD00BD00BD10BD10BD10BD10BD20B1B
:10878000D20BD20BD20BD30BD30BD30BD30BD40BFB
:10879000D40BD40BD40BD50BD50BD50BD50BD60BDB
:1087A000D60BD60BD60BD70BD70BD70BD70BD80BBB
:1087B000D80BD80BD80BD90BD90BD90BD90BDA0B9B
:1087C000DA0BDA0BDA0BDB0BDB0BDB0BDB0BDC0B7B
:1087D000DC0BDC0BDC0BDD0BDD0BDD0BDD0BDE0B5B
:1087E000DE0BDE0BDE0BDF0BDF0BDF0BDF0BE00B3B
:1087F000E00BE00BE00BE10BE10BE10BE10BE20B1B
:10880000E20BE20BE20BE30BE30BE30BE30BE40BFA
:10881000E40BE40BE40BE50BE50BE50BE50BE60BDA
:10882000E60BE60BE60BE70BE70BE70BE70BE80BBA
:10883000E80BE80BE80BE90BE90BE90BE90BEA0B9A
:10884000EA0BEA0BEA0BEB0BEB0BEB0BEB0BEC0B7A
:10885000EC0BEC0BEC0BED0BED0BED0BED0BEE0B5A
:10886000EE0BEE0BEE0BEF0BEF0BEF0BEF0BF00B3A
:10887000F00BF00BF00BF10BF10BF10BF10BF20B1A
:10888000F20BF20BF20BF30BF30BF30BF30BF40BFA
:10889000F40BF40BF40BF50BF50BF50BF50BF60BDA
:1088A000F60BF60BF60BF70BF70BF70BF70BF80BBA
:1088B000F80BF80BF80BF90BF90BF90BF90BFA0B9A
:1088C000FA0BFA0BFA0BFB0BFB0BFB0BFB0BFC0B7A
:1088D000FC0BFC0BFC0BFD0BFD0BFD0BFD0BFE0B5A
:1088E000FE0BFE0BFE0BFF0BFF0BFF0BFF0BFF0B3B
:1088F000000C000C000C000C010C010C010C010C14
:10890000020C020C020C020C030C030C030C030CF3
:10891000040C040C040C040C050C050C050C050CD3
:10892000060C060C060C060C070C070C070C070CB3
:10893000080C080C080C080C090C090C090C090C93
:108940000A0C0A0C0A0C0A0C0B0C0B0C0B0C0B0C73
:108950000C0C0C0C0C0C0C0C0D0C0D0C0D0C0D0C53
:108960000E0C0E0C0E0C0E0C0F0C0F0C0F0C0F0C33
:10897000100C100C100C100C110C110C110C110C13
:10898000120C120C120C120C130C130C130C130CF3
:10899000140C140C140C140C150C150C150C150CD3
:1089A000160C160C160C160C170C170C170C170CB3
:1089B000180C180C180C180C190C190C190C190C93
:1089C0001A0C1A0C1A0C1A0C1B0C1B0C1B0C1B0C73
:1089D0001C0C1C0C1C0C1C0C1D0C1D0C1D0C1D0C53
:1089E0001E0C1E0C1E0C1E0C1F0C1F0C1F0C1F0C33
:1089F000200C200C200C200C210C210C210C210C13
:108A0000220C220C220C220C230C230C230C230CF2
:108A1000240C240C240C240C250C250C250C250CD2
:108A2000260C260C260C260C270C270C270C270CB2
:108A3000280C280C280C280C290C290C290C290C92
:108A40002A0C2A0C2A0C2A0C2B0C2B0C2B0C2B0C72
:108A50002C0C2C0C2C0C2C0C2D0C2D0C2D0C2D0C52
:108A60002E0C2E0C2E0C2E0C2F0C2F0C2F0C2F0C32
:108A7000300C300C300C300C310C310C310C310C12
:108A8000320C320C320C320C330C330C330C330CF2
:108A9000340C340C340C340C350C350C350C350CD2
:108AA000360C360C360C360C370C370C370C370CB2
:108AB000380C380C380C380C390C390C390C390C92
:108AC0003A0C3A0C3A0C3A0C3B0C3B0C3B0C3B0C72
:108AD0003C0C3C0C3C0C3C0C3D0C3D0C3D0C3D0C52
:108AE0003E0C3E0C3E0C3E0C3F0C3F0C3F0C3F0C32
:108AF000400C400C400C400C410C410C410C410C12
:108B0000420C420C420C420C430C430C430C430CF1
:108B1000440C440C440C440C450C450C450C450CD1
:108B2000460C460C460C460C470C470C470C470CB1
:108B3000480C480C480C480C490C490C490C490C91
:108B40004A0C4A0C4A0C4A0C4B0C4B0C4B0C4B0C71
:108B50004C0C4C0C4C0C4C0C4D0C4D0C4D0C4D0C51
:108B60004E0C4E0C4E0C4E0C4F0C4F0C4F0C4F0C31
:108B7000500C500C500C500C510C510C510C510C11
:108B8000520C520C520C520C530C530C530C530CF1
:108B9000540C540C540C540C550C550C550C550CD1
:108BA000560C560C560C560C570C570C570C570CB1
:108BB000580C580C580C580C590C590C590C590C91
:108BC0005A0C5A0C5A0C5A0C5B0C5B0C5B0C5B0C71
:108BD0005C0C5C0C5C0C5C0C5D0C5D0C5D0C5D0C51
:108BE0005E0C5E0C5E0C5E0C5F0C5F0C5F0C5F0C31
:108BF000600C600C600C600C610C610C610C610C11
:108C0000620C620C620C620C630C630C630C630CF0
:108C1000640C640C640C640C650C650C650C650CD0
:108C2000660C660C660C660C670C670C670C670CB0
:108C3000680C680C680C680C690C690C690C690C90
:108C40006A0C6A0C6A0C6A0C6B0C6B0C6B0C6B0C70
:108C50006C0C6C0C6C0C6C0C6D0C6D0C6D0C6D0C50
:108C60006E0C6E0C6E0C6E0C6F0C6F0C6F0C6F0C30
:108C7000700C700C700C700C710C710C710C710C10
:108C8000720C720C720C720C730C730C730C730CF0
:108C9000740C740C740C740C750C750C750C750CD0
:108CA000760C760C760C760C770C770C770C770CB0
:108CB000780C780C780C780C790C790C790C790C90
:108CC0007A0C7A0C7A0C7A0C7B0C7B0C7B0C7B0C70
:108CD0007C0C7C0C7C0C7C0C7D0C7D0C7D0C7D0C50
:108CE0007E0C7E0C7E0C7E0C7F0C7F0C7F0C7F0C30
:108CF000800C800C800C800C810C810C810C810C10
:108D0000820C820C820C820C830C830C830C830CEF
:108D1000840C840C840C840C850C850C850C850CCF
:108D2000860C860C860C860C870C870C870C870CAF
:108D3000880C880C880C880C890C890C890C890C8F
:108D40008A0C8A0C8A0C8A0C8B0C8B0C8B0C8B0C6F
:108D50008C0C8C0C8C0C8C0C8D0C8D0C8D0C8D0C4F
:108D60008E0C8E0C8E0C8E0C8F0C8F0C8F0C8F0C2F
:108D7000900C900C900C900C910C910C910C910C0F
:108D8000920C920C920C920C930C930C930C930CEF
:108D9000940C940C940C940C950C950C950C950CCF
:108DA000960C960C960C960C970C970C970C970CAF
:108DB000980C980C980C980C990C990C990C990C8F
:108DC0009A0C9A0C9A0C9A0C9B0C9B0C9B0C9B0C6F
:108DD0009C0C9C0C9C0C9C0C9D0C9D0C9D0C9D0C4F
:108DE0009E0C9E0C9E0C9E0C9F0C9F0C9F0C9F0C2F
:108DF000A00CA00CA00CA00CA10CA10CA10CA10C0F
:108E0000A20CA20CA20CA20CA30CA30CA30CA30CEE
:108E1000A40CA40CA40CA40CA50CA50CA50CA50CCE
:108E2000A60CA60CA60CA60CA70CA70CA70CA70CAE
:108E3000A80CA80CA80CA80CA90CA90CA90CA90C8E
:108E4000AA0CAA0CAA0CAA0CAB0CAB0CAB0CAB0C6E
:108E5000AC0CAC0CAC0CAC0CAD0CAD0CAD0CAD0C4E
:108E6000AE0CAE0CAE0CAE0CAF0CAF0CAF0CAF0C2E
:108E7000B00CB00CB00CB00CB10CB10CB10CB10C0E
:108E8000B20CB20CB20CB20CB30CB30CB30CB30CEE
:108E9000B40CB40CB40CB40CB50CB50CB50CB50CCE
:108EA000B60CB60CB60CB60CB70CB70CB70CB70CAE
:108EB000B80CB80CB80CB80CB90CB90CB90CB90C8E
:108EC000BA0CBA0CBA0CBA0CBB0CBB0CBB0CBB0C6E
:108ED000BC0CBC0CBC0CBC0CBD0CBD0CBD0CBD0C4E
:108EE000BE0CBE0CBE0CBE0CBF0CBF0CBF0CBF0C2E
:108EF000C00CC00CC00CC00CC10CC10CC10CC10C0E
:108F0000C20CC20CC20CC20CC30CC30CC30CC30CED
:108F1000C40CC40CC40CC40CC50CC50CC50CC50CCD
:108F2000C60CC60CC60CC60CC70CC70CC70CC70CAD
:108F3000C80CC80CC80CC80CC90CC90CC90CC90C8D
:108F4000CA0CCA0CCA0CCA0CCB0CCB0CCB0CCB0C6D
:108F5000CC0CCC0CCC0CCC0CCD0CCD0CCD0CCD0C4D
:108F6000CE0CCE0CCE0CCE0CCF0CCF0CCF0CCF0C2D
:108F7000D00CD00CD00CD00CD10CD10CD10CD10C0D
:108F8000D20CD20CD20CD20CD30CD30CD30CD30CED
:108F9000D40CD40CD40CD40CD50CD50CD50CD50CCD
:108FA000D60CD60CD60CD60CD70CD70CD70CD70CAD
:108FB000D80CD80CD80CD80CD90CD90CD90CD90C8D
:108FC000DA0CDA0CDA0CDA0CDB0CDB0CDB0CDB0C6D
:108FD000DC0CDC0CDC0CDC0CDD0CDD0CDD0CDD0C4D
:108FE000DE0CDE0CDE0CDE0CDF0CDF0CDF0CDF0C2D
:108FF000E00CE00CE00CE00CE10CE10CE10CE10C0D
:10900000E20CE20CE20CE20CE30CE30CE30CE30CEC
:10901000E40CE40CE40CE40CE50CE50CE50CE50CCC
:10902000E60CE60CE60CE60CE70CE70CE70CE70CAC
:10903000E80CE80CE80CE80CE90CE90CE90CE90C8C
:10904000EA0CEA0CEA0CEA0CEB0CEB0CEB0CEB0C6C
:10905000EC0CEC0CEC0CEC0CED0CED0CED0CED0C4C
:10906000EE0CEE0CEE0CEE0CEF0CEF0CEF0CEF0C2C
:10907000F00CF00CF00CF00CF10CF10CF10CF10C0C
:10908000F20CF20CF20CF20CF30CF30CF30CF30CEC
:10909000F40CF40CF40CF40CF50CF50CF50CF50CCC
:1090A000F60CF60CF60CF60CF70CF70CF70CF70CAC
:1090B000F80CF80CF80CF80CF90CF90CF90CF90C8C
:1090C000FA0CFA0CFA0CFA0CFB0CFB0CFB0CFB0C6C
:1090D000FC0CFC0CFC0CFC0CFD0CFD0CFD0CFD0C4C
:1090E000FE0CFE0CFE0CFE0CFF0CFF0CFF0CFF0C2C
:1090F000000D000D000D000D010D010D010D010D04
:10910000020D020D020D020D030D030D030D030DE3
:10911000040D040D040D040D050D050D050D050DC3
:10912000060D060D060D060D070D070D070D070DA3
:10913000080D080D080D080D090D090D090D090D83
:109140000A0D0A0D0A0D0A0D0B0D0B0D0B0D0B0D63
:109150000C0D0C0D0C0D0C0D0D0D0D0D0D0D0D0D43
:109160000E0D0E0D0E0D0E0D0F0D0F0D0F0D0F0D23
:10917000100D100D100D100D110D110D110D110D03
:10918000120D120D120D120D130D130D130D130DE3
:10919000140D140D140D140D150D150D150D150DC3
:1091A000160D160D160D160D170D170D170D170DA3
:1091B000180D180D180D180D190D190D190D190D83
:1091C0001A0D1A0D1A0D1A0D1B0D1B0D1B0D1B0D63
:1091D0001C0D1C0D1C0D1C0D1D0D1D0D1D0D1D0D43
:1091E0001E0D1E0D1E0D1E0D1F0D1F0D1F0D1F0D23
:1091F000200D200D200D200D210D210D210D210D03
:10920000220D220D220D220D230D230D230D230DE2
:10921000240D240D240D240D250D250D250D250DC2
:10922000260D260D260D260D270D270D270D270DA2
:10923000280D280D280D280D290D290D290D290D82
:109240002A0D2A0D2A0D2A0D2B0D2B0D2B0D2B0D62
:109250002C0D2C0D2C0D2C0D2D0D2D0D2D0D2D0D42
:109260002E0D2E0D2E0D2E0D2F0D2F0D2F0D2F0D22
:10927000300D300D300D300D310D310D310D310D02
:10928000320D320D320D320D330D330D330D330DE2
:10929000340D340D340D340D350D350D350D350DC2
:1092A000360D360D360D360D370D370D370D370DA2
:1092B000380D380D380D380D390D390D390D390D82
:1092C0003A0D3A0D3A0D3A0D3B0D3B0D3B0D3B0D62
:1092D0003C0D3C0D3C0D3C0D3D0D3D0D3D0D3D0D42
:1092E0003E0D3E0D3E0D3E0D3F0D3F0D3F0D3F0D22
:1092F000400D400D400D400D410D410D410D410D02
:10930000420D420D420D420D430D430D430D430DE1
:10931000440D440D440D440D450D450D450D450DC1
:10932000460D460D460D460D470D470D470D470DA1
:10933000480D480D480D480D490D490D490D490D81
:109340004A0D4A0D4A0D4A0D4B0D4B0D4B0D4B0D61
:109350004C0D4C0D4C0D4C0D4D0D4D0D4D0D4D0D41
:109360004E0D4E0D4E0D4E0D4F0D4F0D4F0D4F0D21
:10937000500D500D500D500D510D510D510D510D01
:10938000520D520D520D520D530D530D530D530DE1
:10939000540D540D540D540D550D550D550D550DC1
:1093A000560D560D560D560D570D570D570D570DA1
:1093B000580D580D580D580D590D590D590D590D81
:1093C0005A0D5A0D5A0D5A0D5B0D5B0D5B0D5B0D61
:1093D0005C0D5C0D5C0D5C0D5D0D5D0D5D0D5D0D41
:1093E0005E0D5E0D5E0D5E0D5F0D5F0D5F0D5F0D21
:1093F000600D600D600D600D610D610D610D610D01
:10940000620D620D620D620D630D630D630D630DE0
:10941000640D640D640D640D650D650D650D650DC0
:10942000660D660D660D660D670D670D670D670DA0
:10943000680D680D680D680D690D690D690D690D80
:109440006A0D6A0D6A0D6A0D6B0D6B0D6B0D6B0D60
:109450006C0D6C0D6C0D6C0D6D0D6D0D6D0D6D0D40
:109460006E0D6E0D6E0D6E0D6F0D6F0D6F0D6F0D20
:10947000700D700D700D700D710D710D710D710D00
:10948000720D720D720D720D730D730D730D730DE0
:10949000740D740D740D740D750D750D750D750DC0
:1094A000760D760D760D760D770D770D770D770DA0
:1094B000780D780D780D780D790D790D790D790D80
:1094C0007A0D7A0D7A0D7A0D7B0D7B0D7B0D7B0D60
:1094D0007C0D7C0D7C0D7C0D7D0D7D0D7D0D7D0D40
:1094E0007E0D7E0D7E0D7E0D7F0D7F0D7F0D7F0D20
:1094F000800D800D800D800D810D810D810D810D00
:10950000820D820D820D820D830D830D830D830DDF
:10951000840D840D840D840D850D850D850D850DBF
:10952000860D860D860D860D870D870D870D870D9F
:10953000880D880D880D880D890D890D890D890D7F
:109540008A0D8A0D8A0D8A0D8B0D8B0D8B0D8B0D5F
:109550008C0D8C0D8C0D8C0D8D0D8D0D8D0D8D0D3F
:109560008E0D8E0D8E0D8E0D8F0D8F0D8F0D8F0D1F
:10957000900D900D900D900D910D910D910D910DFF
:10958000920D920D920D920D930D930D930D930DDF
:10959000940D940D940D940D950D950D950D950DBF
:1095A000960D960D960D960D970D970D970D970D9F
:1095B000980D980D980D980D990D990D990D990D7F
:1095C0009A0D9A0D9A0D9A0D9B0D9B0D9B0D9B0D5F
:1095D0009C0D9C0D9C0D9C0D9D0D9D0D9D0D9D0D3F
:1095E0009E0D9E0D9E0D9E0D9F0D9F0D9F0D9F0D1F
:1095F000A00DA00DA00DA00DA10DA10DA10DA10DFF
:10960000A20DA20DA20DA20DA30DA30DA30DA30DDE
:10961000A40DA40DA40DA40DA50DA50DA50DA50DBE
:10962000A60DA60DA60DA60DA70DA70DA70DA70D9E
:10963000A80DA80DA80DA80DA90DA90DA90DA90D7E
:10964000AA0DAA0DAA0DAA0DAB0DAB0DAB0DAB0D5E
:10965000AC0DAC0DAC0DAC0DAD0DAD0DAD0DAD0D3E
:10966000AE0DAE0DAE0DAE0DAF0DAF0DAF0DAF0D1E
:10967000B00DB00DB00DB00DB10DB10DB10DB10DFE
:10968000B20DB20DB20DB20DB30DB30DB30DB30DDE
:10969000B40DB40DB40DB40DB50DB50DB50DB50DBE
:1096A000B60DB60DB60DB60DB70DB70DB70DB70D9E
:1096B000B80DB80DB80DB80DB90DB90DB90DB90D7E
:1096C000BA0DBA0DBA0DBA0DBB0DBB0DBB0DBB0D5E
:1096D000BC0DBC0DBC0DBC0DBD0DBD0DBD0DBD0D3E
:1096E000BE0DBE0DBE0DBE0DBF0DBF0DBF0DBF0D1E
:1096F000C00DC00DC00DC00DC10DC10DC10DC10DFE
:10970000C20DC20DC20DC20DC30DC30DC30DC30DDD
:10971000C40DC40DC40DC40DC50DC50DC50DC50DBD
:10972000C60DC60DC60DC60DC70DC70DC70DC70D9D
:10973000C80DC80DC80DC80DC90DC90DC90DC90D7D
:10974000CA0DCA0DCA0DCA0DCB0DCB0DCB0DCB0D5D
:10975000CC0DCC0DCC0DCC0DCD0DCD0DCD0DCD0D3D
:10976000CE0DCE0DCE0DCE0DCF0DCF0DCF0DCF0D1D
:10977000D00DD00DD00DD00DD10DD10DD10DD10DFD
:10978000D20DD20DD20DD20DD30DD30DD30DD30DDD
:10979000D40DD40DD40DD40DD50DD50DD50DD50DBD
:1097A000D60DD60DD60DD60DD70DD70DD70DD70D9D
:1097B000D80DD80DD80DD80DD90DD90DD90DD90D7D
:1097C000DA0DDA0DDA0DDA0DDB0DDB0DDB0DDB0D5D
:1097D000DC0DDC0DDC0DDC0DDD0DDD0DDD0DDD0D3D
:1097E000DE0DDE0DDE0DDE0DDF0DDF0DDF0DDF0D1D
:1097F000E00DE00DE00DE00DE10DE10DE10DE10DFD
:10980000E20DE20DE20DE20DE30DE30DE30DE30DDC
:10981000E40DE40DE40DE40DE50DE50DE50DE50DBC
:10982000E60DE60DE60DE60DE70DE70DE70DE70D9C
:10983000E80DE80DE80DE80DE90DE90DE90DE90D7C
:10984000EA0DEA0DEA0DEA0DEB0DEB0DEB0DEB0D5C
:10985000EC0DEC0DEC0DEC0DED0DED0DED0DED0D3C
:10986000EE0DEE0DEE0DEE0DEF0DEF0DEF0DEF0D1C
:10987000F00DF00DF00DF00DF10DF10DF10DF10DFC
:10988000F20DF20DF20DF20DF30DF30DF30DF30DDC
:10989000F40DF40DF40DF40DF50DF50DF50DF50DBC
:1098A000F60DF60DF60DF60DF70DF70DF70DF70D9C
:1098B000F80DF80DF80DF80DF90DF90DF90DF90D7C
:1098C000FA0DFA0DFA0DFA0DFB0DFB0DFB0DFB0D5C
:1098D000FC0DFC0DFC0DFC0DFD0DFD0DFD0DFD0D3C
:1098E000FE0DFE0DFE0DFE0DFF0DFF0DFF0DFF0D1C
:1098F000000E000E000E000E010E010E010E010EF4
:10990000020E020E020E020E030E030E030E030ED3
:10991000040E040E040E040E050E050E050E050EB3
:10992000060E060E060E060E070E070E070E070E93
:10993000080E080E080E080E090E090E090E090E73
:109940000A0E0A0E0A0E0A0E0B0E0B0E0B0E0B0E53
:109950000C0E0C0E0C0E0C0E0D0E0D0E0D0E0D0E33
:109960000E0E0E0E0E0E0E0E0F0E0F0E0F0E0F0E13
:10997000100E100E100E100E110E110E110E110EF3
:10998000120E120E120E120E130E130E130E130ED3
:10999000140E140E140E140E150E150E150E150EB3
:1099A000160E160E160E160E170E170E170E170E93
:1099B000180E180E180E180E190E190E190E190E73
:1099C0001A0E1A0E1A0E1A0E1B0E1B0E1B0E1B0E53
:1099D0001C0E1C0E1C0E1C0E1D0E1D0E1D0E1D0E33
:1099E0001E0E1E0E1E0E1E0E1F0E1F0E1F0E1F0E13
:1099F000200E200E200E200E210E210E210E210EF3
:109A0000220E220E220E220E230E230E230E230ED2
:109A1000240E240E240E240E250E250E250E250EB2
:109A2000260E260E260E260E270E270E270E270E92
:109A3000280E280E280E280E290E290E290E290E72
:109A40002A0E2A0E2A0E2A0E2B0E2B0E2B0E2B0E52
:109A50002C0E2C0E2C0E2C0E2D0E2D0E2D0E2D0E32
:109A60002E0E2E0E2E0E2E0E2F0E2F0E2F0E2F0E12
:109A7000300E300E300E300E310E310E310E310EF2
:109A8000320E320E320E320E330E330E330E330ED2
:109A9000340E340E340E340E350E350E350E350EB2
:109AA000360E360E360E360E370E370E370E370E92
:109AB000380E380E380E380E390E390E390E390E72
:109AC0003A0E3A0E3A0E3A0E3B0E3B0E3B0E3B0E52
:109AD0003C0E3C0E3C0E3C0E3D0E3D0E3D0E3D0E32
:109AE0003E0E3E0E3E0E3E0E3F0E3F0E3F0E3F0E12
:109AF000400E400E400E400E410E410E410E410EF2
:109B0000420E420E420E420E430E430E430E430ED1
:109B1000440E440E440E440E450E450E450E450EB1
:109B2000460E460E460E460E470E470E470E470E91
:109B3000480E480E480E480E490E490E490E490E71
:109B40004A0E4A0E4A0E4A0E4B0E4B0E4B0E4B0E51
:109B50004C0E4C0E4C0E4C0E4D0E4D0E4D0E4D0E31
:109B60004E0E4E0E4E0E4E0E4F0E4F0E4F0E4F0E11
:109B7000500E500E500E500E510E510E510E510EF1
:109B8000520E520E520E520E530E530E530E530ED1
:109B9000540E540E540E540E550E550E550E550EB1
:109BA000560E560E560E560E570E570E570E570E91
:109BB000580E580E580E580E590E590E590E590E71
:109BC0005A0E5A0E5A0E5A0E5B0E5B0E5B0E5B0E51
:109BD0005C0E5C0E5C0E5C0E5D0E5D0E5D0E5D0E31
:109BE0005E0E5E0E5E0E5E0E5F0E5F0E5F0E5F0E11
:109BF000600E600E600E600E610E610E610E610EF1
:109C0000620E620E620E620E630E630E630E630ED0
:109C1000640E640E640E640E650E650E650E650EB0
:109C2000660E660E660E660E670E670E670E670E90
:109C3000680E680E680E680E690E690E690E690E70
:109C40006A0E6A0E6A0E6A0E6B0E6B0E6B0E6B0E50
:109C50006C0E6C0E6C0E6C0E6D0E6D0E6D0E6D0E30
:109C60006E0E6E0E6E0E6E0E6F0E6F0E6F0E6F0E10
:109C7000700E700E700E700E710E710E710E710EF0
:109C8000720E720E720E720E730E730E730E730ED0
:109C9000740E740E740E740E750E750E750E750EB0
:109CA000760E760E760E760E770E770E770E770E90
:109CB000780E780E780E780E790E790E790E790E70
:109CC0007A0E7A0E7A0E7A0E7B0E7B0E7B0E7B0E50
:109CD0007C0E7C0E7C0E7C0E7D0E7D0E7D0E7D0E30
:109CE0007E0E7E0E7E0E7E0E7F0E7F0E7F0E7F0E10
:109CF000800E800E800E800E810E810E810E810EF0
:109D0000820E820E820E820E830E830E830E830ECF
:109D1000840E840E840E840E850E850E850E850EAF
:109D2000860E860E860E860E870E870E870E870E8F
:109D3000880E880E880E880E890E890E890E890E6F
:109D40008A0E8A0E8A0E8A0E8B0E8B0E8B0E8B0E4F
:109D50008C0E8C0E8C0E8C0E8D0E8D0E8D0E8D0E2F
:109D60008E0E8E0E8E0E8E0E8F0E8F0E8F0E8F0E0F
:109D7000900E900E900E900E910E910E910E910EEF
:109D8000920E920E920E920E930E930E930E930ECF
:109D9000940E940E940E940E950E950E950E950EAF
:109DA000960E960E960E960E970E970E970E970E8F
:109DB000980E980E980E980E990E990E990E990E6F
:109DC0009A0E9A0E9A0E9A0E9B0E9B0E9B0E9B0E4F
:109DD0009C0E9C0E9C0E9C0E9D0E9D0E9D0E9D0E2F
:109DE0009E0E9E0E9E0E9E0E9F0E9F0E9F0E9F0E0F
:109DF000A00EA00EA00EA00EA10EA10EA10EA10EEF
:109E0000A20EA20EA20EA20EA30EA30EA30EA30ECE
:109E1000A40EA40EA40EA40EA50EA50EA50EA50EAE
:109E2000A60EA60EA60EA60EA70EA70EA70EA70E8E
:109E3000A80EA80EA80EA80EA90EA90EA90EA90E6E
:109E4000AA0EAA0EAA0EAA0EAB0EAB0EAB0EAB0E4E
:109E5000AC0EAC0EAC0EAC0EAD0EAD0EAD0EAD0E2E
:109E6000AE0EAE0EAE0EAE0EAF0EAF0EAF0EAF0E0E
:109E7000B00EB00EB00EB00EB10EB10EB10EB10EEE
:109E8000B20EB20EB20EB20EB30EB30EB30EB30ECE
:109E9000B40EB40EB40EB40EB50EB50EB50EB50EAE
:109EA000B60EB60EB60EB60EB70EB70EB70EB70E8E
:109EB000B80EB80EB80EB80EB90EB90EB90EB90E6E
:109EC000BA0EBA0EBA0EBA0EBB0EBB0EBB0EBB0E4E
:109ED000BC0EBC0EBC0EBC0EBD0EBD0EBD0EBD0E2E
:109EE000BE0EBE0EBE0EBE0EBF0EBF0EBF0EBF0E0E
:109EF000C00EC00EC00EC00EC10EC10EC10EC10EEE
:109F0000C20EC20EC20EC20EC30EC30EC30EC30ECD
:109F1000C40EC40EC40EC40EC50EC50EC50EC50EAD
:109F2000C60EC60EC60EC60EC70EC70EC70EC70E8D
:109F3000C80EC80EC80EC80EC90EC90EC90EC90E6D
:109F4000CA0ECA0ECA0ECA0ECB0ECB0ECB0ECB0E4D
:109F5000CC0ECC0ECC0ECC0ECD0ECD0ECD0ECD0E2D
:109F6000CE0ECE0ECE0ECE0ECF0ECF0ECF0ECF0E0D
:109F7000D00ED00ED00ED00ED10ED10ED10ED10EED
:109F8000D20ED20ED20ED20ED30ED30ED30ED30ECD
:109F9000D40ED40ED40ED40ED50ED50ED50ED50EAD
:109FA000D60ED60ED60ED60ED70ED70ED70ED70E8D
:109FB000D80ED80ED80ED80ED90ED90ED90ED90E6D
:109FC000DA0EDA0EDA0EDA0EDB0EDB0EDB0EDB0E4D
:109FD000DC0EDC0EDC0EDC0EDD0EDD0EDD0EDD0E2D
:109FE000DE0EDE0EDE0EDE0EDF0EDF0EDF0EDF0E0D
:109FF000E00EE00EE00EE00EE10EE10EE10EE10EED
:10A00000E20EE20EE20EE20EE30EE30EE30EE30ECC
:10A01000E40EE40EE40EE40EE50EE50EE50EE50EAC
:10A02000E60EE60EE60EE60EE70EE70EE70EE70E8C
:10A03000E80EE80EE80EE80EE90EE90EE90EE90E6C
:10A04000EA0EEA0EEA0EEA0EEB0EEB0EEB0EEB0E4C
:10A05000EC0EEC0EEC0EEC0EED0EED0EED0EED0E2C
:10A06000EE0EEE0EEE0EEE0EEF0EEF0EEF0EEF0E0C
:10A07000F00EF00EF00EF00EF10EF10EF10EF10EEC
:10A08000F20EF20EF20EF20EF30EF30EF30EF30ECC
:10A09000F40EF40EF40EF40EF50EF50EF50EF50EAC
:10A0A000F60EF60EF60EF60EF70EF70EF70EF70E8C
:10A0B000F80EF80EF80EF80EF90EF90EF90EF90E6C
:10A0C000FA0EFA0EFA0EFA0EFB0EFB0EFB0EFB0E4C
:10A0D000FC0EFC0EFC0EFC0EFD0EFD0EFD0EFD0E2C
:10A0E000FE0EFE0EFE0EFE0EFF0EFF0EFF0EFF0E0C
:10A0F000000F000F000F000F010F010F010F010FE4
:10A10000020F020F020F020F030F030F030F030FC3
:10A11000040F040F040F040F050F050F050F050FA3
:10A12000060F060F060F060F070F070F070F070F83
:10A13000080F080F080F080F090F090F090F090F63
:10A140000A0F0A0F0A0F0A0F0B0F0B0F0B0F0B0F43
:10A150000C0F0C0F0C0F0C0F0D0F0D0F0D0F0D0F23
:10A160000E0F0E0F0E0F0E0F0F0F0F0F0F0F0F0F03
:10A17000100F100F100F100F110F110F110F110FE3
:10A18000120F120F120F120F130F130F130F130FC3
:10A19000140F140F140F140F150F150F150F150FA3
:10A1A000160F160F160F160F170F170F170F170F83
:10A1B000180F180F180F180F190F190F190F190F63
:10A1C0001A0F1A0F1A0F1A0F1B0F1B0F1B0F1B0F43
:10A1D0001C0F1C0F1C0F1C0F1D0F1D0F1D0F1D0F23
:10A1E0001E0F1E0F1E0F1E0F1F0F1F0F1F0F1F0F03
:10A1F000200F200F200F200F210F210F210F210FE3
:10A20000220F220F220F220F230F230F230F230FC2
:10A21000240F240F240F240F250F250F250F250FA2
:10A22000260F260F260F260F270F270F270F270F82
:10A23000280F280F280F280F290F290F290F290F62
:10A240002A0F2A0F2A0F2A0F2B0F2B0F2B0F2B0F42
:10A250002C0F2C0F2C0F2C0F2D0F2D0F2D0F2D0F22
:10A260002E0F2E0F2E0F2E0F2F0F2F0F2F0F2F0F02
:10A27000300F300F300F300F310F310F310F310FE2
:10A28000320F320F320F320F330F330F330F330FC2
:10A29000340F340F340F340F350F350F350F350FA2
:10A2A000360F360F360F360F370F370F370F370F82
:10A2B000380F380F380F380F390F390F390F390F62
:10A2C0003A0F3A0F3A0F3A0F3B0F3B0F3B0F3B0F42
:10A2D0003C0F3C0F3C0F3C0F3D0F3D0F3D0F3D0F22
:10A2E0003E0F3E0F3E0F3E0F3F0F3F0F3F0F3F0F02
:10A2F000400F400F400F400F410F410F410F410FE2
:10A30000420F420F420F420F430F430F430F430FC1
:10A31000440F440F440F440F450F450F450F450FA1
:10A32000460F460F460F460F470F470F470F470F81
:10A33000480F480F480F480F490F490F490F490F61
:10A340004A0F4A0F4A0F4A0F4B0F4B0F4B0F4B0F41
:10A350004C0F4C0F4C0F4C0F4D0F4D0F4D0F4D0F21
:10A360004E0F4E0F4E0F4E0F4F0F4F0F4F0F4F0F01
:10A37000500F500F500F500F510F510F510F510FE1
:10A38000520F520F520F520F530F530F530F530FC1
:10A39000540F540F540F540F550F550F550F550FA1
:10A3A000560F560F560F560F570F570F570F570F81
:10A3B000580F580F580F580F590F590F590F590F61
:10A3C0005A0F5A0F5A0F5A0F5B0F5B0F5B0F5B0F41
:10A3D0005C0F5C0F5C0F5C0F5D0F5D0F5D0F5D0F21
:10A3E0005E0F5E0F5E0F5E0F5F0F5F0F5F0F5F0F01
:10A3F000600F600F600F600F610F610F610F610FE1
:10A40000620F620F620F620F630F630F630F630FC0
:10A41000640F640F640F640F650F650F650F650FA0
:10A42000660F660F660F660F670F670F670F670F80
:10A43000680F680F680F680F690F690F690F690F60
:10A440006A0F6A0F6A0F6A0F6B0F6B0F6B0F6B0F40
:10A450006C0F6C0F6C0F6C0F6D0F6D0F6D0F6D0F20
:10A460006E0F6E0F6E0F6E0F6F0F6F0F6F0F6F0F00
:10A47000700F700F700F700F710F710F710F710FE0
:10A48000720F720F720F720F730F730F730F730FC0
:10A49000740F740F740F740F750F750F750F750FA0
:10A4A000760F760F760F760F770F770F770F770F80
:10A4B000780F780F780F780F790F790F790F790F60
:10A4C0007A0F7A0F7A0F7A0F7B0F7B0F7B0F7B0F40
:10A4D0007C0F7C0F7C0F7C0F7D0F7D0F7D0F7D0F20
:10A4E0007E0F7E0F7E0F7E0F7F0F7F0F7F0F7F0F00
:10A4F000800F800F800F800F810F810F810F810FE0
:10A50000820F820F820F820F830F830F830F830FBF
:10A51000840F840F840F840F850F850F850F850F9F
:10A52000860F860F860F860F870F870F870F870F7F
:10A53000880F880F880F880F890F890F890F890F5F
:10A540008A0F8A0F8A0F8A0F8B0F8B0F8B0F8B0F3F
:10A550008C0F8C0F8C0F8C0F8D0F8D0F8D0F8D0F1F
:10A560008E0F8E0F8E0F8E0F8F0F8F0F8F0F8F0FFF
:10A57000900F900F900F900F910F910F910F910FDF
:10A58000920F920F920F920F930F930F930F930FBF
:10A59000940F940F940F940F950F950F950F950F9F
:10A5A000960F960F960F960F970F970F970F970F7F
:10A5B000980F980F980F980F990F990F990F990F5F
:10A5C0009A0F9A0F9A0F9A0F9B0F9B0F9B0F9B0F3F
:10A5D0009C0F9C0F9C0F9C0F9D0F9D0F9D0F9D0F1F
:10A5E0009E0F9E0F9E0F9E0F9F0F9F0F9F0F9F0FFF
:10A5F000A00FA00FA00FA00FA10FA10FA10FA10FDF
:10A60000A20FA20FA20FA20FA30FA30FA30FA30FBE
:10A61000A40FA40FA40FA40FA50FA50FA50FA50F9E
:10A62000A60FA60FA60FA60FA70FA70FA70FA70F7E
:10A63000A80FA80FA80FA80FA90FA90FA90FA90F5E
:10A64000AA0FAA0FAA0FAA0FAB0FAB0FAB0FAB0F3E
:10A65000AC0FAC0FAC0FAC0FAD0FAD0FAD0FAD0F1E
:10A66000AE0FAE0FAE0FAE0FAF0FAF0FAF0FAF0FFE
:10A67000B00FB00FB00FB00FB10FB10FB10FB10FDE
:10A68000B20FB20FB20FB20FB30FB30FB30FB30FBE
:10A69000B40FB40FB40FB40FB50FB50FB50FB50F9E
:10A6A000B60FB60FB60FB60FB70FB70FB70FB70F7E
:10A6B000B80FB80FB80FB80FB90FB90FB90FB90F5E
:10A6C000BA0FBA0FBA0FBA0FBB0FBB0FBB0FBB0F3E
:10A6D000BC0FBC0FBC0FBC0FBD0FBD0FBD0FBD0F1E
:10A6E000BE0FBE0FBE0FBE0FBF0FBF0FBF0FBF0FFE
:10A6F000C00FC00FC00FC00FC10FC10FC10FC10FDE
:10A70000C20FC20FC20FC20FC30FC30FC30FC30FBD
:10A71000C40FC40FC40FC40FC50FC50FC50FC50F9D
:10A72000C60FC60FC60FC60FC70FC70FC70FC70F7D
:10A73000C80FC80FC80FC80FC90FC90FC90FC90F5D
:10A74000CA0FCA0FCA0FCA0FCB0FCB0FCB0FCB0F3D
:10A75000CC0FCC0FCC0FCC0FCD0FCD0FCD0FCD0F1D
:10A76000CE0FCE0FCE0FCE0FCF0FCF0FCF0FCF0FFD
:10A77000D00FD00FD00FD00FD10FD10FD10FD10FDD
:10A78000D20FD20FD20FD20FD30FD30FD30FD30FBD
:10A79000D40FD40FD40FD40FD50FD50FD50FD50F9D
:10A7A000D60FD60FD60FD60FD70FD70FD70FD70F7D
:10A7B000D80FD80FD80FD80FD90FD90FD90FD90F5D
:10A7C000DA0FDA0FDA0FDA0FDB0FDB0FDB0FDB0F3D
:10A7D000DC0FDC0FDC0FDC0FDD0FDD0FDD0FDD0F1D
:10A7E000DE0FDE0FDE0FDE0FDF0FDF0FDF0FDF0FFD
:10A7F000E00FE00FE00FE00FE10FE10FE10FE10FDD
:10A80000E20FE20FE20FE20FE30FE30FE30FE30FBC
:10A81000E40FE40FE40FE40FE50FE50FE50FE50F9C
:10A82000E60FE60FE60FE60FE70FE70FE70FE70F7C
:10A83000E80FE80FE80FE80FE90FE90FE90FE90F5C
:10A84000EA0FEA0FEA0FEA0FEB0FEB0FEB0FEB0F3C
:10A85000EC0FEC0FEC0FEC0FED0FED0FED0FED0F1C
:10A86000EE0FEE0FEE0FEE0FEF0FEF0FEF0FEF0FFC
:10A87000F00FF00FF00FF00FF10FF10FF10FF10FDC
:10A88000F20FF20FF20FF20FF30FF30FF30FF30FBC
:10A89000F40FF40FF40FF40FF50FF50FF50FF50F9C
:10A8A000F60FF60FF60FF60FF70FF70FF70FF70F7C
:10A8B000F80FF80FF80FF80FF90FF90FF90FF90F5C
:10A8C000FA0FFA0FFA0FFA0FFB0FFB0FFB0FFB0F3C
:10A8D000FC0FFC0FFC0FFC0FFD0FFD0FFD0FFD0F1C
:10A8E000FE0FFE0FFE0FFE0FFF0700080108010814
:10A8F00002080308040804080508060807080808F1
:10A90000080809080A080B080C080C080D080E08AE
:10A910000F080F081008110812081308130814086C
:10A920001508160817081708180819081A081A0829
:10A930001B081C081D081E081E081F0820082108E7
:10A9400022082208230824082508250826082708A5
:10A950002808290829082A082B082C082D082D0862
:10A960002E082F0830083008310832083308340820
:10A9700034083508360837083808380839083A08DE
:10A980003B083B083C083D083E083F083F0840089C
:10A990004108420843084308440845084608460859
:10A9A0004708480849084A084A084B084C084D0817
:10A9B0004E084E084F0850085108510852085308D5
:10A9C0005408550855085608570858085808590893
:10A9D0005A085B085C085C085D085E085F08600850
:10A9E000600861086208630863086408650866080F
:10A9F00067086708680869086A086B086B086C08CC
:10AA00006D086E086E086F08700871087208720889
:10AA10007308740875087508760877087808790847
:10AA200079087A087B087C087D087D087E087F0805
:10AA300080088008810882088308840884088508C3
:10AA4000860887088808880889088A088B088B0880
:10AA50008C088D088E088F088F089008910892083E
:10AA600092089308940895089608960897089808FD
:10AA700099089A089A089B089C089D089D089E08BA
:10AA80009F08A008A108A108A208A308A408A40878
:10AA9000A508A608A708A808A808A908AA08AB0836
:10AAA000AC08AC08AD08AE08AF08AF08B008B108F4
:10AAB000B208B308B308B408B508B608B608B708B2
:10AAC000B808B908BA08BA08BB08BC08BD08BE086F
:10AAD000BE08BF08C008C108C108C208C308C4082E
:10AAE000C508C508C608C708C808C808C908CA08EC
:10AAF000CB08CC08CC08CD08CE08CF08D008D008A9
:10AB0000D108D208D308D308D408D508D608D70866
:10AB1000D708D808D908DA08DA08DB08DC08DD0825
:10AB2000DE08DE08DF08E008E108E108E208E308E3
:10AB3000E408E508E508E608E708E808E808E908A1
:10AB4000EA08EB08EC08EC08ED08EE08EF08F0085E
:10AB5000F008F108F208F308F308F408F508F6081D
:10AB6000F708F708F808F908FA08FA08FB08FC08DB
:10AB7000FD08FE08FE08FF08000901090109020995
:10AB8000030904090509050906090709080908094F
:10AB900009090A090B090C090C090D090E090F090D
:10ABA0000F091009110912091309130914091509CC
:10ABB000160916091709180919091A091A091B098A
:10ABC0001C091D091D091E091F0920092109210948
:10ABD0002209230924092409250926092709280906
:10ABE000280929092A092B092B092C092D092E09C5
:10ABF0002F092F0930093109320932093309340983
:10AC000035093609360937093809390939093A0940
:10AC10003B093C093D093D093E093F0940094009FE
:10AC200041094209430943094409450946094709BD
:10AC30004709480949094A094A094B094C094D097C
:10AC40004E094E094F09500951095109520953093A
:10AC500054095509550956095709580958095909F8
:10AC60005A095B095B095C095D095E095F095F09B7
:10AC70006009610962096209630964096509660975
:10AC8000660967096809690969096A096B096C0934
:10AC90006D096D096E096F097009700971097209F2
:10ACA00073097309740975097609770977097809B1
:10ACB00079097A097A097B097C097D097D097E0970
:10ACC0007F0980098109810982098309840984092E
:10ACD0008509860987098809880989098A098B09EC
:10ACE0008B098C098D098E098E098F0990099109AC
:10ACF000920992099309940995099509960997096A
:10AD00009809980999099A099B099C099C099D0928
:10AD10009E099F099F09A009A109A209A209A309E7
:10AD2000A409A509A609A609A709A809A909A909A5
:10AD3000AA09AB09AC09AC09AD09AE09AF09B00964
:10AD4000B009B109B209B309B309B409B509B60923
:10AD5000B609B709B809B909B909BA09BB09BC09E3
:10AD6000BD09BD09BE09BF09C009C009C109C209A1
:10AD7000C309C309C409C509C609C709C709C80960
:10AD8000C909CA09CA09CB09CC09CD09CD09CE091F
:10AD9000CF09D009D009D109D209D309D409D409DE
:10ADA000D509D609D709D709D809D909DA09DA099D
:10ADB000DB09DC09DD09DD09DE09DF09E009E0095D
:10ADC000E109E209E309E409E409E509E609E7091B
:10ADD000E709E809E909EA09EA09EB09EC09ED09DB
:10ADE000ED09EE09EF09F009F109F109F209F3099A
:10ADF000F409F409F509F609F709F709F809F90959
:10AE0000FA09FA09FB09FC09FD09FD09FE09FF0918
:10AE1000000A000A010A020A030A040A040A050ACF
:10AE2000060A070A070A080A090A0A0A0A0A0B0A8E
:10AE30000C0A0D0A0D0A0E0A0F0A100A100A110A4E
:10AE4000120A130A130A140A150A160A160A170A0E
:10AE5000180A190A1A0A1A0A1B0A1C0A1D0A1D0ACC
:10AE60001E0A1F0A200A200A210A220A230A230A8C
:10AE7000240A250A260A260A270A280A290A290A4C
:10AE80002A0A2B0A2C0A2C0A2D0A2E0A2F0A2F0A0C
:10AE9000300A310A320A320A330A340A350A350ACC
:10AEA000360A370A380A390A390A3A0A3B0A3C0A8A
:10AEB0003C0A3D0A3E0A3F0A3F0A400A410A420A4A
:10AEC000420A430A440A450A450A460A470A480A0A
:10AED000480A490A4A0A4B0A4B0A4C0A4D0A4E0ACA
:10AEE0004E0A4F0A500A510A510A520A530A540A8A
:10AEF000540A550A560A570A570A580A590A5A0A4A
:10AF00005A0A5B0A5C0A5D0A5D0A5E0A5F0A600A09
:10AF1000600A610A620A630A630A640A650A660AC9
:10AF2000660A670A680A690A690A6A0A6B0A6C0A89
:10AF30006C0A6D0A6E0A6F0A6F0A700A710A720A49
:10AF4000720A730A740A750A750A760A770A780A09
:10AF5000780A790A7A0A7B0A7B0A7C0A7D0A7E0AC9
:10AF60007E0A7F0A800A810A810A820A830A830A8A
:10AF7000840A850A860A860A870A880A890A890A4B
:10AF80008A0A8B0A8C0A8C0A8D0A8E0A8F0A8F0A0B
:10AF9000900A910A920A920A930A940A950A950ACB
:10AFA000960A970A980A980A990A9A0A9B0A9B0A8B
:10AFB0009C0A9D0A9E0A9E0A9F0AA00AA00AA10A4C
:10AFC000A20AA30AA30AA40AA50AA60AA60AA70A0D
:10AFD000A80AA90AA90AAA0AAB0AAC0AAC0AAD0ACD
:10AFE000AE0AAF0AAF0AB00AB10AB20AB20AB30A8D
:10AFF000B40AB40AB50AB60AB70AB70AB80AB90A4F
:10B00000BA0ABA0ABB0ABC0ABD0ABD0ABE0ABF0A0E
:10B01000C00AC00AC10AC20AC20AC30AC40AC50ACF
:10B02000C50AC60AC70AC80AC80AC90ACA0ACB0A90
:10B03000CB0ACC0ACD0ACE0ACE0ACF0AD00AD00A51
:10B04000D10AD20AD30AD30AD40AD50AD60AD60A12
:10B05000D70AD80AD90AD90ADA0ADB0ADB0ADC0AD3
:10B06000DD0ADE0ADE0ADF0AE00AE10AE10AE20A94
:10B07000E30AE40AE40AE50AE60AE60AE70AE80A55
:10B08000E90AE90AEA0AEB0AEC0AEC0AED0AEE0A16
:10B09000EF0AEF0AF00AF10AF10AF20AF30AF40AD7
:10B0A000F40AF50AF60AF70AF70AF80AF90AF90A99
:10B0B000FA0AFB0AFC0AFC0AFD0AFE0AFF0AFF0A5A
:10B0C000000B010B010B020B030B040B040B050B14
:10B0D000060B070B070B080B090B090B0A0B0B0BD5
:10B0E0000C0B0C0B0D0B0E0B0F0B0F0B100B110B96
:10B0F000110B120B130B140B140B150B160B170B58
:10B10000170B180B190B190B1A0B1B0B1C0B1C0B19
:10B110001D0B1E0B1E0B1F0B200B210B210B220BDB
:10B12000230B240B240B250B260B260B270B280B9C
:10B13000290B290B2A0B2B0B2B0B2C0B2D0B2E0B5E
:10B140002E0B2F0B300B310B310B320B330B330B20
:10B15000340B350B360B360B370B380B380B390BE2
:10B160003A0B3B0B3B0B3C0B3D0B3D0B3E0B3F0BA4
:10B17000400B400B410B420B420B430B440B450B66
:10B18000450B460B470B470B480B490B4A0B4A0B29
:10B190004B0B4C0B4C0B4D0B4E0B4F0B4F0B500BEB
:10B1A000510B510B520B530B540B540B550B560BAD
:10B1B000560B570B580B590B590B5A0B5B0B5B0B70
:10B1C0005C0B5D0B5E0B5E0B5F0B600B600B610B32
:10B1D000620B630B630B640B650B650B660B670BF4
:10B1E000680B680B690B6A0B6A0B6B0B6C0B6D0BB6
:10B1F0006D0B6E0B6F0B6F0B700B710B720B720B79
:10B20000730B740B740B750B760B760B770B780B3B
:10B21000790B790B7A0B7B0B7B0B7C0B7D0B7E0BFD
:10B220007E0B7F0B800B800B810B820B820B830BC1
:10B23000840B850B850B860B870B870B880B890B83
:10B240008A0B8A0B8B0B8C0B8C0B8D0B8E0B8E0B46
:10B250008F0B900B910B910B920B930B930B940B09
:10B26000950B950B960B970B980B980B990B9A0BCC
:10B270009A0B9B0B9C0B9C0B9D0B9E0B9F0B9F0B90
:10B28000A00BA10BA10BA20BA30BA30BA40BA50B53
:10B29000A60BA60BA70BA80BA80BA90BAA0BAA0B16
:10B2A000AB0BAC0BAD0BAD0BAE0BAF0BAF0BB00BD9
:10B2B000B10BB10BB20BB30BB40BB40BB50BB60B9C
:10B2C000B60BB70BB80BB80BB90BBA0BBA0BBB0B61
:10B2D000BC0BBD0BBD0BBE0BBF0BBF0BC00BC10B23
:10B2E000C10BC20BC30BC30BC40BC50BC60BC60BE8
:10B2F000C70BC80BC80BC90BCA0BCA0BCB0BCC0BAB
:10B30000CC0BCD0BCE0BCF0BCF0BD00BD10BD10B6E
:10B31000D20BD30BD30BD40BD50BD50BD60BD70B32
:10B32000D80BD80BD90BDA0BDA0BDB0BDC0BDC0BF5
:10B33000DD0BDE0BDE0BDF0BE00BE00BE10BE20BBA
:10B34000E30BE30BE40BE50BE50BE60BE70BE70B7D
:10B35000E80BE90BE90BEA0BEB0BEB0BEC0BED0B42
:10B36000ED0BEE0BEF0BF00BF00BF10BF20BF20B06
:10B37000F30BF40BF40BF50BF60BF60BF70BF80BCA
:10B38000F80BF90BFA0BFA0BFB0BFC0BFC0BFD0B90
:10B39000FE0BFF0BFF0B000C010C010C020C030C4D
:10B3A000030C040C050C050C060C070C070C080C10
:10B3B000090C090C0A0C0B0C0B0C0C0C0D0C0D0CD5
:10B3C0000E0C0F0C0F0C100C110C120C120C130C99
:10B3D000140C140C150C160C160C170C180C180C5D
:10B3E000190C1A0C1A0C1B0C1C0C1C0C1D0C1E0C22
:10B3F0001E0C1F0C200C200C210C220C220C230CE8
:10B40000240C240C250C260C260C270C280C280CAC
:10B41000290C2A0C2A0C2B0C2C0C2C0C2D0C2E0C71
:10B420002E0C2F0C300C300C310C320C320C330C37
:10B43000340C340C350C360C360C370C380C380CFC
:10B44000390C3A0C3A0C3B0C3C0C3C0C3D0C3E0CC1
:10B450003E0C3F0C400C400C410C420C420C430C87
:10B46000440C440C450C460C460C470C480C480C4C
:10B47000490C4A0C4A0C4B0C4C0C4C0C4D0C4E0C11
:10B480004E0C4F0C500C500C510C520C520C530CD7
:10B49000540C540C550C560C560C570C580C580C9C
:10B4A000590C5A0C5A0C5B0C5C0C5C0C5D0C5E0C61
:10B4B0005E0C5F0C5F0C600C610C610C620C630C29
:10B4C000630C640C650C650C660C670C670C680CEF
:10B4D000690C690C6A0C6B0C6B0C6C0C6D0C6D0CB4
:10B4E0006E0C6F0C6F0C700C710C710C720C720C7A
:10B4F000730C740C740C750C760C760C770C780C41
:10B50000780C790C7A0C7A0C7B0C7C0C7C0C7D0C06
:10B510007E0C7E0C7F0C800C800C810C810C820CCC
:10B52000830C830C840C850C850C860C870C870C93
:10B53000880C890C890C8A0C8B0C8B0C8C0C8C0C59
:10B540008D0C8E0C8E0C8F0C900C900C910C920C20
:10B55000920C930C940C940C950C950C960C970CE7
:10B56000970C980C990C990C9A0C9B0C9B0C9C0CAE
:10B570009D0C9D0C9E0C9E0C9F0CA00CA00CA10C75
:10B58000A20CA20CA30CA40CA40CA50CA50CA60C3C
:10B59000A70CA70CA80CA90CA90CAA0CAB0CAB0C03
:10B5A000AC0CAD0CAD0CAE0CAE0CAF0CB00CB00CCA
:10B5B000B10CB20CB20CB30CB40CB40CB50CB50C91
:10B5C000B60CB70CB70CB80CB90CB90CBA0CBA0C59
:10B5D000BB0CBC0CBC0CBD0CBE0CBE0CBF0CC00C20
:10B5E000C00CC10CC10CC20CC30CC30CC40CC50CE8
:10B5F000C50CC60CC60CC70CC80CC80CC90CCA0CB0
:10B60000CA0CCB0CCC0CCC0CCD0CCD0CCE0CCF0C76
:10B61000CF0CD00CD10CD10CD20CD20CD30CD40C3E
:10B62000D40CD50CD60CD60CD70CD70CD80CD90C06
:10B63000D90CDA0CDB0CDB0CDC0CDC0CDD0CDE0CCE
:10B64000DE0CDF0CE00CE00CE10CE10CE20CE30C96
:10B65000E30CE40CE40CE50CE60CE60CE70CE80C5F
:10B66000E80CE90CE90CEA0CEB0CEB0CEC0CED0C27
:10B67000ED0CEE0CEE0CEF0CF00CF00CF10CF10CF0
:10B68000F20CF30CF30CF40CF50CF50CF60CF60CB8
:10B69000F70CF80CF80CF90CF90CFA0CFB0CFB0C81
:10B6A000FC0CFD0CFD0CFE0CFE0CFF0C000D000D47
:10B6B000010D010D020D030D030D040D050D050D0A
:10B6C000060D060D070D080D080D090D090D0A0DD3
:10B6D0000B0D0B0D0C0D0C0D0D0D0E0D0E0D0F0D9C
:10B6E0000F0D100D110D110D120D130D130D140D65
:10B6F000140D150D160D160D170D170D180D190D2E
:10B70000190D1A0D1A0D1B0D1C0D1C0D1D0D1D0DF7
:10B710001E0D1F0D1F0D200D200D210D220D220DC0
:10B72000230D230D240D250D250D260D260D270D8A
:10B73000280D280D290D290D2A0D2B0D2B0D2C0D53
:10B740002C0D2D0D2E0D2E0D2F0D2F0D300D310D1D
:10B75000310D320D320D330D340D340D350D350DE7
:10B76000360D370D370D380D380D390D3A0D3A0DB0
:10B770003B0D3B0D3C0D3D0D3D0D3E0D3E0D3F0D7A
:10B780003F0D400D410D410D420D420D430D440D45
:10B79000440D450D450D460D470D470D480D480D0F
:10B7A000490D4A0D4A0D4B0D4B0D4C0D4C0D4D0DD9
:10B7B0004E0D4E0D4F0D4F0D500D510D510D520DA3
:10B7C000520D530D540D540D550D550D560D560D6E
:10B7D000570D580D580D590D590D5A0D5B0D5B0D38
:10B7E0005C0D5C0D5D0D5D0D5E0D5F0D5F0D600D03
:10B7F000600D610D620D620D630D630D640D640DCE
:10B80000650D660D660D670D670D680D680D690D98
:10B810006A0D6A0D6B0D6B0D6C0D6C0D6D0D6E0D63
:10B820006E0D6F0D6F0D700D710D710D720D720D2E
:10B83000730D730D740D750D750D760D760D770DF9
:10B84000770D780D790D790D7A0D7A0D7B0D7B0DC5
:10B850007C0D7D0D7D0D7E0D7E0D7F0D7F0D800D90
:10B86000810D810D820D820D830D830D840D850D5B
:10B87000850D860D860D870D870D880D890D890D27
:10B880008A0D8A0D8B0D8B0D8C0D8C0D8D0D8E0DF3
:10B890008E0D8F0D8F0D900D900D910D920D920DBF
:10B8A000930D930D940D940D950D950D960D970D8B
:10B8B000970D980D980D990D990D9A0D9B0D9B0D57
:10B8C0009C0D9C0D9D0D9D0D9E0D9E0D9F0DA00D23
:10B8D000A00DA10DA10DA20DA20DA30DA30DA40DF0
:10B8E000A50DA50DA60DA60DA70DA70DA80DA80DBC
:10B8F000A90DAA0DAA0DAB0DAB0DAC0DAC0DAD0D88
:10B90000AD0DAE0DAF0DAF0DB00DB00DB10DB10D54
:10B91000B20DB20DB30DB40DB40DB50DB50DB60D20
:10B92000B60DB70DB70DB80DB80DB90DBA0DBA0DEE
:10B93000BB0DBB0DBC0DBC0DBD0DBD0DBE0DBE0DBB
:10B94000BF0DC00DC00DC10DC10DC20DC20DC30D87
:10B95000C30DC40DC40DC50DC60DC60DC70DC70D55
:10B96000C80DC80DC90DC90DCA0DCA0DCB0DCC0D22
:10B97000CC0DCD0DCD0DCE0DCE0DCF0DCF0DD00DEF
:10B98000D00DD10DD10DD20DD30DD30DD40DD40DBD
:10B99000D50DD50DD60DD60DD70DD70DD80DD80D8B
:10B9A000D90DDA0DDA0DDB0DDB0DDC0DDC0DDD0D57
:10B9B000DD0DDE0DDE0DDF0DDF0DE00DE00DE10D27
:10B9C000E20DE20DE30DE30DE40DE40DE50DE50DF3
:10B9D000E60DE60DE70DE70DE80DE80DE90DE90DC3
:10B9E000EA0DEB0DEB0DEC0DEC0DED0DED0DEE0D8F
:10B9F000EE0DEF0DEF0DF00DF00DF10DF10DF20D5F
:10BA0000F20DF30DF30DF40DF50DF50DF60DF60D2C
:10BA1000F70DF70DF80DF80DF90DF90DFA0DFA0DFA
:10BA2000FB0DFB0DFC0DFC0DFD0DFD0DFE0DFE0DCA
:10BA3000FF0DFF0D000E000E010E020E020E030E92
:10BA4000030E040E040E050E050E060E060E070E5E
:10BA5000070E080E080E090E090E0A0E0A0E0B0E2E
:10BA60000B0E0C0E0C0E0D0E0D0E0E0E0E0E0F0EFE
:10BA70000F0E100E100E110E110E120E130E130ECD
:10BA8000140E140E150E150E160E160E170E170E9A
:10BA9000180E180E190E190E1A0E1A0E1B0E1B0E6A
:10BAA0001C0E1C0E1D0E1D0E1E0E1E0E1F0E1F0E3A
:10BAB000200E200E210E210E220E220E230E230E0A
:10BAC000240E240E250E250E260E260E270E270EDA
:10BAD000280E280E290E290E2A0E2A0E2B0E2B0EAA
:10BAE0002C0E2C0E2D0E2D0E2E0E2E0E2F0E2F0E7A
:10BAF000300E300E310E310E320E320E330E330E4A
:10BB0000340E340E350E350E360E360E370E370E19
:10BB1000380E380E390E390E3A0E3A0E3B0E3B0EE9
:10BB20003C0E3C0E3D0E3D0E3E0E3E0E3F0E3F0EB9
:10BB3000400E400E400E410E410E420E420E430E8C
:10BB4000430E440E440E450E450E460E460E470E5D
:10BB5000470E480E480E490E490E4A0E4A0E4B0E2D
:10BB60004B0E4C0E4C0E4D0E4D0E4E0E4E0E4F0EFD
:10BB70004F0E500E500E510E510E510E520E520ECF
:10BB8000530E530E540E540E550E550E560E560EA1
:10BB9000570E570E580E580E590E590E5A0E5A0E71
:10BBA0005B0E5B0E5C0E5C0E5C0E5D0E5D0E5E0E43
:10BBB0005E0E5F0E5F0E600E600E610E610E620E15
:10BBC000620E630E630E640E640E650E650E650EE6
:10BBD000660E660E670E670E680E680E690E690EB9
:10BBE0006A0E6A0E6B0E6B0E6C0E6C0E6D0E6D0E89
:10BBF0006D0E6E0E6E0E6F0E6F0E700E700E710E5D
:10BC0000710E720E720E730E730E730E740E740E2E
:10BC1000750E750E760E760E770E770E780E780E00
:10BC2000790E790E790E7A0E7A0E7B0E7B0E7C0ED3
:10BC30007C0E7D0E7D0E7E0E7E0E7F0E7F0E7F0EA5
:10BC4000800E800E810E810E820E820E830E830E78
:10BC5000840E840E840E850E850E860E860E870E4B
:10BC6000870E880E880E890E890E890E8A0E8A0E1E
:10BC70008B0E8B0E8C0E8C0E8D0E8D0E8E0E8E0EF0
:10BC80008E0E8F0E8F0E900E900E910E910E920EC4
:10BC9000920E920E930E930E940E940E950E950E98
:10BCA000960E960E960E970E970E980E980E990E6B
:10BCB000990E9A0E9A0E9A0E9B0E9B0E9C0E9C0E3F
:10BCC0009D0E9D0E9E0E9E0E9E0E9F0E9F0EA00E12
:10BCD000A00EA10EA10EA10EA20EA20EA30EA30EE7
:10BCE000A40EA40EA50EA50EA50EA60EA60EA70EBA
:10BCF000A70EA80EA80EA80EA90EA90EAA0EAA0E8F
:10BD0000AB0EAB0EAC0EAC0EAC0EAD0EAD0EAE0E61
:10BD1000AE0EAF0EAF0EAF0EB00EB00EB10EB10E36
:10BD2000B20EB20EB20EB30EB30EB40EB40EB50E0A
:10BD3000B50EB50EB60EB60EB70EB70EB80EB80EDF
:10BD4000B80EB90EB90EBA0EBA0EBB0EBB0EBB0EB4
:10BD5000BC0EBC0EBD0EBD0EBD0EBE0EBE0EBF0E89
:10BD6000BF0EC00EC00EC00EC10EC10EC20EC20E5E
:10BD7000C30EC30EC30EC40EC40EC50EC50EC50E33
:10BD8000C60EC60EC70EC70EC80EC80EC80EC90E08
:10BD9000C90ECA0ECA0ECA0ECB0ECB0ECC0ECC0EDE
:10BDA000CD0ECD0ECD0ECE0ECE0ECF0ECF0ECF0EB3
:10BDB000D00ED00ED10ED10ED10ED20ED20ED30E89
:10BDC000D30ED30ED40ED40ED50ED50ED60ED60E5F
:10BDD000D60ED70ED70ED80ED80ED80ED90ED90E35
:10BDE000DA0EDA0EDA0EDB0EDB0EDC0EDC0EDC0E0B
:10BDF000DD0EDD0EDE0EDE0EDE0EDF0EDF0EE00EE1
:10BE0000E00EE00EE10EE10EE20EE20EE20EE30EB7
:10BE1000E30EE40EE40EE40EE50EE50EE60EE60E8D
:10BE2000E60EE70EE70EE80EE80EE80EE90EE90E64
:10BE3000EA0EEA0EEA0EEB0EEB0EEC0EEC0EEC0E3A
:10BE4000ED0EED0EED0EEE0EEE0EEF0EEF0EEF0E12
:10BE5000F00EF00EF10EF10EF10EF20EF20EF30EE8
:10BE6000F30EF30EF40EF40EF50EF50EF50EF60EBF
:10BE7000F60EF60EF70EF70EF80EF80EF80EF90E97
:10BE8000F90EFA0EFA0EFA0EFB0EFB0EFB0EFC0E6E
:10BE9000FC0EFD0EFD0EFD0EFE0EFE0EFE0EFF0E46
:10BEA000FF0E000F000F000F010F010F020F020F16
:10BEB000020F030F030F030F040F040F050F050FED
:10BEC000050F060F060F060F070F070F080F080FC5
:10BED000080F090F090F090F0A0F0A0F0B0F0B0F9D
:10BEE0000B0F0C0F0C0F0C0F0D0F0D0F0D0F0E0F76
:10BEF0000E0F0F0F0F0F0F0F100F100F100F110F4E
:10BF0000110F120F120F120F130F130F130F140F25
:10BF1000140F140F150F150F160F160F160F170FFE
:10BF2000170F170F180F180F180F190F190F1A0FD7
:10BF30001A0F1A0F1B0F1B0F1B0F1C0F1C0F1C0FB0
:10BF40001D0F1D0F1D0F1E0F1E0F1F0F1F0F1F0F89
:10BF5000200F200F200F210F210F210F220F220F62
:10BF6000220F230F230F240F240F240F250F250F3B
:10BF7000250F260F260F260F270F270F270F280F15
:10BF8000280F280F290F290F290F2A0F2A0F2B0FEF
:10BF90002B0F2B0F2C0F2C0F2C0F2D0F2D0F2D0FC8
:10BFA0002E0F2E0F2E0F2F0F2F0F2F0F300F300FA2
:10BFB000300F310F310F310F320F320F320F330F7D
:10BFC000330F330F340F340F350F350F350F360F56
:10BFD000360F360F370F370F370F380F380F380F30
:10BFE000390F390F390F3A0F3A0F3A0F3B0F3B0F0A
:10BFF0003B0F3C0F3C0F3C0F3D0F3D0F3D0F3E0FE5
:10C000003E0F3E0F3F0F3F0F3F0F400F400F400FBF
:10C01000410F410F410F420F420F420F430F430F99
:10C02000430F440F440F440F450F450F450F460F74
:10C03000460F460F460F470F470F470F480F480F51
:10C04000480F490F490F490F4A0F4A0F4A0F4B0F2C
:10C050004B0F4B0F4C0F4C0F4C0F4D0F4D0F4D0F07
:10C060004E0F4E0F4E0F4F0F4F0F4F0F4F0F500FE2
:10C07000500F500F510F510F510F520F520F520FBF
:10C08000530F530F530F540F540F540F550F550F99
:10C09000550F550F560F560F560F570F570F570F77
:10C0A000580F580F580F590F590F590F5A0F5A0F51
:10C0B0005A0F5A0F5B0F5B0F5B0F5C0F5C0F5C0F2F
:10C0C0005D0F5D0F5D0F5D0F5E0F5E0F5E0F5F0F0B
:10C0D0005F0F5F0F600F600F600F610F610F610FE7
:10C0E000610F620F620F620F630F630F630F640FC4
:10C0F000640F640F640F650F650F650F660F660FA1
:10C10000660F670F670F670F670F680F680F680F7D
:10C11000690F690F690F690F6A0F6A0F6A0F6B0F5A
:10C120006B0F6B0F6C0F6C0F6C0F6C0F6D0F6D0F37
:10C130006D0F6E0F6E0F6E0F6E0F6F0F6F0F6F0F15
:10C14000700F700F700F700F710F710F710F720FF2
:10C15000720F720F720F730F730F730F740F740FD0
:10C16000740F740F750F750F750F760F760F760FAE
:10C17000760F770F770F770F780F780F780F780F8C
:10C18000790F790F790F7A0F7A0F7A0F7A0F7B0F69
:10C190007B0F7B0F7B0F7C0F7C0F7C0F7D0F7D0F48
:10C1A0007D0F7D0F7E0F7E0F7E0F7E0F7F0F7F0F27
:10C1B0007F0F800F800F800F800F810F810F810F05
:10C1C000810F820F820F820F830F830F830F830FE4
:10C1D000840F840F840F840F850F850F850F850FC3
:10C1E000860F860F860F870F870F870F870F880FA1
:10C1F000880F880F880F890F890F890F890F8A0F81
:10C200008A0F8A0F8A0F8B0F8B0F8B0F8C0F8C0F5F
:10C210008C0F8C0F8D0F8D0F8D0F8D0F8E0F8E0F3E
:10C220008E0F8E0F8F0F8F0F8F0F8F0F900F900F1E
:10C23000900F900F910F910F910F910F920F920FFE
:10C24000920F920F930F930F930F930F940F940FDE
:10C25000940F940F950F950F950F950F960F960FBE
:10C26000960F960F970F970F970F970F980F980F9E
:10C27000980F980F990F990F990F990F9A0F9A0F7E
:10C280009A0F9A0F9B0F9B0F9B0F9B0F9C0F9C0F5E
:10C290009C0F9C0F9D0F9D0F9D0F9D0F9D0F9E0F3F
:10C2A0009E0F9E0F9E0F9F0F9F0F9F0F9F0FA00F20
:10C2B000A00FA00FA00FA10FA10FA10FA10FA10F01
:10C2C000A20FA20FA20FA20FA30FA30FA30FA30FE2
:10C2D000A40FA40FA40FA40FA50FA50FA50FA50FC2
:10C2E000A50FA60FA60FA60FA60FA70FA70FA70FA4
:10C2F000A70FA70FA80FA80FA80FA80FA90FA90F86
:10C30000A90FA90FA90FAA0FAA0FAA0FAA0FAB0F67
:10C31000AB0FAB0FAB0FAC0FAC0FAC0FAC0FAC0F48
:10C32000AD0FAD0FAD0FAD0FAD0FAE0FAE0FAE0F2A
:10C33000AE0FAF0FAF0FAF0FAF0FAF0FB00FB00F0C
:10C34000B00FB00FB10FB10FB10FB10FB10FB20FEE
:10C35000B20FB20FB20FB20FB30FB30FB30FB30FD1
:10C36000B30FB40FB40FB40FB40FB50FB50FB50FB3
:10C37000B50FB50FB60FB60FB60FB60FB60FB70F96
:10C38000B70FB70FB70FB70FB80FB80FB80FB80F79
:10C39000B80FB90FB90FB90FB90FB90FBA0FBA0F5C
:10C3A000BA0FBA0FBA0FBB0FBB0FBB0FBB0FBB0F40
:10C3B000BC0FBC0FBC0FBC0FBC0FBD0FBD0FBD0F22
:10C3C000BD0FBD0FBE0FBE0FBE0FBE0FBE0FBF0F06
:10C3D000BF0FBF0FBF0FBF0FC00FC00FC00FC00FE9
:10C3E000C00FC10FC10FC10FC10FC10FC20FC20FCC
:10C3F000C20FC20FC20FC20FC30FC30FC30FC30FB1
:10C40000C30FC40FC40FC40FC40FC40FC50FC50F93
:10C41000C50FC50FC50FC50FC60FC60FC60FC60F78
:10C42000C60FC70FC70FC70FC70FC70FC70FC80F5C
:10C43000C80FC80FC80FC80FC90FC90FC90FC90F40
:10C44000C90FC90FCA0FCA0FCA0FCA0FCA0FCA0F26
:10C45000CB0FCB0FCB0FCB0FCB0FCC0FCC0FCC0F09
:10C46000CC0FCC0FCC0FCD0FCD0FCD0FCD0FCD0FEF
:10C47000CD0FCE0FCE0FCE0FCE0FCE0FCE0FCF0FD4
:10C48000CF0FCF0FCF0FCF0FCF0FD00FD00FD00FB9
:10C49000D00FD00FD00FD10FD10FD10FD10FD10F9F
:10C4A000D10FD20FD20FD20FD20FD20FD20FD30F84
:10C4B000D30FD30FD30FD30FD30FD40FD40FD40F69
:10C4C000D40FD40FD40FD50FD50FD50FD50FD50F4F
:10C4D000D50FD50FD60FD60FD60FD60FD60FD60F36
:10C4E000D70FD70FD70FD70FD70FD70FD70FD80F1B
:10C4F000D80FD80FD80FD80FD80FD90FD90FD90F01
:10C50000D90FD90FD90FD90FDA0FDA0FDA0FDA0FE7
:10C51000DA0FDA0FDA0FDB0FDB0FDB0FDB0FDB0FCE
:10C52000DB0FDB0FDC0FDC0FDC0FDC0FDC0FDC0FB5
:10C53000DC0FDD0FDD0FDD0FDD0FDD0FDD0FDD0F9C
:10C54000DE0FDE0FDE0FDE0FDE0FDE0FDE0FDF0F82
:10C55000DF0FDF0FDF0FDF0FDF0FDF0FE00FE00F69
:10C56000E00FE00FE00FE00FE00FE00FE10FE10F51
:10C57000E10FE10FE10FE10FE10FE20FE20FE20F38
:10C58000E20FE20FE20FE20FE20FE30FE30FE30F20
:10C59000E30FE30FE30FE30FE30FE40FE40FE40F08
:10C5A000E40FE40FE40FE40FE40FE50FE50FE50FF0
:10C5B000E50FE50FE50FE50FE50FE60FE60FE60FD8
:10C5C000E60FE60FE60FE60FE60FE70FE70FE70FC0
:10C5D000E70FE70FE70FE70FE70FE80FE80FE80FA8
:10C5E000E80FE80FE80FE80FE80FE80FE90FE90F91
:10C5F000E90FE90FE90FE90FE90FE90FE90FEA0F7A
:10C60000EA0FEA0FEA0FEA0FEA0FEA0FEA0FEA0F62
:10C61000EB0FEB0FEB0FEB0FEB0FEB0FEB0FEB0F4A
:10C62000EB0FEC0FEC0FEC0FEC0FEC0FEC0FEC0F33
:10C63000EC0FEC0FED0FED0FED0FED0FED0FED0F1C
:10C64000ED0FED0FED0FED0FEE0FEE0FEE0FEE0F06
:10C65000EE0FEE0FEE0FEE0FEE0FEE0FEF0FEF0FF0
:10C66000EF0FEF0FEF0FEF0FEF0FEF0FEF0FEF0FDA
:10C67000EF0FF00FF00FF00FF00FF00FF00FF00FC3
:10C68000F00FF00FF00FF10FF10FF10FF10FF10FAD
:10C69000F10FF10FF10FF10FF10FF10FF10FF20F99
:10C6A000F20FF20FF20FF20FF20FF20FF20FF20F82
:10C6B000F20FF20FF30FF30FF30FF30FF30FF30F6C
:10C6C000F30FF30FF30FF30FF30FF30FF40FF40F58
:10C6D000F40FF40FF40FF40FF40FF40FF40FF40F42
:10C6E000F40FF40FF40FF50FF50FF50FF50FF50F2D
:10C6F000F50FF50FF50FF50FF50FF50FF50FF50F1A
:10C70000F60FF60FF60FF60FF60FF60FF60FF60F01
:10C71000F60FF60FF60FF60FF60FF60FF70FF70FEF
:10C72000F70FF70FF70FF70FF70FF70FF70FF70FD9
:10C73000F70FF70FF70FF70FF70FF80FF80FF80FC6
:10C74000F80FF80FF80FF80FF80FF80FF80FF80FB1
:10C75000F80FF80FF80FF80FF80FF90FF90FF90F9E
:10C76000F90FF90FF90FF90FF90FF90FF90FF90F89
:10C77000F90FF90FF90FF90FF90FF90FFA0FFA0F77
:10C78000FA0FFA0FFA0FFA0FFA0FFA0FFA0FFA0F61
:10C79000FA0FFA0FFA0FFA0FFA0FFA0FFA0FFA0F51
:10C7A000FA0FFB0FFB0FFB0FFB0FFB0FFB0FFB0F3A
:10C7B000FB0FFB0FFB0FFB0FFB0FFB0FFB0FFB0F29
:10C7C000FB0FFB0FFB0FFB0FFB0FFB0FFB0FFC0F18
:10C7D000FC0FFC0FFC0FFC0FFC0FFC0FFC0FFC0F01
:10C7E000FC0FFC0FFC0FFC0FFC0FFC0FFC0FFC0FF1
:10C7F000FC0FFC0FFC0FFC0FFC0FFC0FFC0FFC0FE1
:10C80000FC0FFD0FFD0FFD0FFD0FFD0FFD0FFD0FC9
:10C81000FD0FFD0FFD0FFD0FFD0FFD0FFD0FFD0FB8
:10C82000FD0FFD0FFD0FFD0FFD0FFD0FFD0FFD0FA8
:10C83000FD0FFD0FFD0FFD0FFD0FFD0FFD0FFD0F98
:10C84000FD0FFD0FFD0FFE0FFE0FFE0FFE0FFE0F83
:10C85000FE0FFE0FFE0FFE0FFE0FFE0FFE0FFE0F70
:10C86000FE0FFE0FFE0FFE0FFE0FFE0FFE0FFE0F60
:10C87000FE0FFE0FFE0FFE0FFE0FFE0FFE0FFE0F50
:10C88000FE0FFE0FFE0FFE0FFE0FFE0FFE0FFE0F40
:10C89000FE0FFE0FFE0FFE0FFE0FFE0FFE0FFE0F30
:10C8A000FE0FFE0FFE0FFE0FFE0FFE0FFE0FFE0F20
:10C8B000FE0FFE0FFE0FFE0FFE0FFE0FFE0FFE0F10
:10C8C000FE0FFE0FFE0FFE0FFE0FFE0FFE0FFE0F00
:10C8D000FE0FFE0FFE0FFE0FFE0FFE0FFE0FFE0FF0
:10C8E000FE0FFE0FFE0FFE0FFF0FFE0FFE0FFE0FDF
:10C8F000FE0FFE0FFE0FFE0FFE0FFE0FFE0FFE0FD0
:10C90000FE0FFE0FFE0FFE0FFE0FFE0FFE0FFE0FBF
:10C91000FE0FFE0FFE0FFE0FFE0FFE0FFE0FFE0FAF
:10C92000FE0FFE0FFE0FFE0FFE0FFE0FFE0FFE0F9F
:10C93000FE0FFE0FFE0FFE0FFE0FFE0FFE0FFE0F8F
:10C94000FE0FFE0FFE0FFE0FFE0FFE0FFE0FFE0F7F
:10C95000FE0FFE0FFE0FFE0FFE0FFE0FFE0FFE0F6F
:10C96000FE0FFE0FFE0FFE0FFE0FFE0FFE0FFE0F5F
:10C97000FE0FFE0FFE0FFE0FFE0FFE0FFE0FFE0F4F
:10C98000FE0FFE0FFE0FFE0FFE0FFE0FFD0FFD0F41
:10C99000FD0FFD0FFD0FFD0FFD0FFD0FFD0FFD0F37
:10C9A000FD0FFD0FFD0FFD0FFD0FFD0FFD0FFD0F27
:10C9B000FD0FFD0FFD0FFD0FFD0FFD0FFD0FFD0F17
:10C9C000FD0FFD0FFD0FFD0FFD0FFD0FFD0FFD0F07
:10C9D000FC0FFC0FFC0FFC0FFC0FFC0FFC0FFC0FFF
:10C9E000FC0FFC0FFC0FFC0FFC0FFC0FFC0FFC0FEF
:10C9F000FC0FFC0FFC0FFC0FFC0FFC0FFC0FFC0FDF
:10CA0000FC0FFC0FFB0FFB0FFB0FFB0FFB0FFB0FD4
:10CA1000FB0FFB0FFB0FFB0FFB0FFB0FFB0FFB0FC6
:10CA2000FB0FFB0FFB0FFB0FFB0FFB0FFB0FFB0FB6
:10CA3000FA0FFA0FFA0FFA0FFA0FFA0FFA0FFA0FAE
:10CA4000FA0FFA0FFA0FFA0FFA0FFA0FFA0FFA0F9E
:10CA5000FA0FFA0FFA0FF90FF90FF90FF90FF90F93
:10CA6000F90FF90FF90FF90FF90FF90FF90FF90F86
:10CA7000F90FF90FF90FF90FF80FF80FF80FF80F7A
:10CA8000F80FF80FF80FF80FF80FF80FF80FF80F6E
:10CA9000F80FF80FF80FF80FF70FF70FF70FF70F62
:10CAA000F70FF70FF70FF70FF70FF70FF70FF70F56
:10CAB000F70FF70FF70FF60FF60FF60FF60FF60F4B
:10CAC000F60FF60FF60FF60FF60FF60FF60FF60F3E
:10CAD000F60FF50FF50FF50FF50FF50FF50FF50F35
:10CAE000F50FF50FF50FF50FF50FF50FF40FF40F28
:10CAF000F40FF40FF40FF40FF40FF40FF40FF40F1E
:10CB0000F40FF40FF40FF30FF30FF30FF30FF30F12
:10CB1000F30FF30FF30FF30FF30FF30FF30FF20F06
:10CB2000F20FF20FF20FF20FF20FF20FF20FF20FFD
:10CB3000F20FF20FF10FF10FF10FF10FF10FF10FF3
:10CB4000F10FF10FF10FF10FF10FF10FF00FF00FE7
:10CB5000F00FF00FF00FF00FF00FF00FF00FF00FDD
:10CB6000EF0FEF0FEF0FEF0FEF0FEF0FEF0FEF0FD5
:10CB7000EF0FEF0FEF0FEE0FEE0FEE0FEE0FEE0FCA
:10CB8000EE0FEE0FEE0FEE0FEE0FED0FED0FED0FC0
:10CB9000ED0FED0FED0FED0FED0FED0FED0FEC0FB6
:10CBA000EC0FEC0FEC0FEC0FEC0FEC0FEC0FEC0FAD
:10CBB000EB0FEB0FEB0FEB0FEB0FEB0FEB0FEB0FA5
:10CBC000EB0FEA0FEA0FEA0FEA0FEA0FEA0FEA0F9C
:10CBD000EA0FEA0FE90FE90FE90FE90FE90FE90F93
:10CBE000E90FE90FE90FE80FE80FE80FE80FE80F8A
:10CBF000E80FE80FE80FE80FE70FE70FE70FE70F81
:10CC0000E70FE70FE70FE70FE60FE60FE60FE60F78
:10CC1000E60FE60FE60FE60FE50FE50FE50FE50F70
:10CC2000E50FE50FE50FE50FE40FE40FE40FE40F68
:10CC3000E40FE40FE40FE40FE30FE30FE30FE30F60
:10CC4000E30FE30FE30FE30FE20FE20FE20FE20F58
:10CC5000E20FE20FE20FE20FE10FE10FE10FE10F50
:10CC6000E10FE10FE10FE00FE00FE00FE00FE00F49
:10CC7000E00FE00FE00FDF0FDF0FDF0FDF0FDF0F41
:10CC8000DF0FDF0FDE0FDE0FDE0FDE0FDE0FDE0F3A
:10CC9000DE0FDD0FDD0FDD0FDD0FDD0FDD0FDD0F33
:10CCA000DC0FDC0FDC0FDC0FDC0FDC0FDC0FDB0F2D
:10CCB000DB0FDB0FDB0FDB0FDB0FDB0FDA0FDA0F26
:10CCC000DA0FDA0FDA0FDA0FDA0FD90FD90FD90F1F
:10CCD000D90FD90FD90FD90FD80FD80FD80FD80F18
:10CCE000D80FD80FD70FD70FD70FD70FD70FD70F12
:10CCF000D70FD60FD60FD60FD60FD60FD60FD50F0C
:10CD0000D50FD50FD50FD50FD50FD50FD40FD40F05
:10CD1000D40FD40FD40FD40FD30FD30FD30FD30FFF
:10CD2000D30FD30FD20FD20FD20FD20FD20FD20FF9
:10CD3000D10FD10FD10FD10FD10FD10FD00FD00FF5
:10CD4000D00FD00FD00FD00FCF0FCF0FCF0FCF0FEF
:10CD5000CF0FCF0FCE0FCE0FCE0FCE0FCE0FCE0FE9
:10CD6000CD0FCD0FCD0FCD0FCD0FCD0FCC0FCC0FE5
:10CD7000CC0FCC0FCC0FCC0FCB0FCB0FCB0FCB0FDF
:10CD8000CB0FCA0FCA0FCA0FCA0FCA0FCA0FC90FDB
:10CD9000C90FC90FC90FC90FC90FC80FC80FC80FD6
:10CDA000C80FC80FC70FC70FC70FC70FC70FC70FD1
:10CDB000C60FC60FC60FC60FC60FC50FC50FC50FCE
:10CDC000C50FC50FC50FC40FC40FC40FC40FC40FC8
:10CDD000C30FC30FC30FC30FC30FC20FC20FC20FC6
:10CDE000C20FC20FC20FC10FC10FC10FC10FC10FC0
:10CDF000C00FC00FC00FC00FC00FBF0FBF0FBF0FBE
:10CE0000BF0FBF0FBE0FBE0FBE0FBE0FBE0FBD0FB9
:10CE1000BD0FBD0FBD0FBD0FBC0FBC0FBC0FBC0FB6
:10CE2000BC0FBB0FBB0FBB0FBB0FBB0FBA0FBA0FB3
:10CE3000BA0FBA0FBA0FB90FB90FB90FB90FB90FAF
:10CE4000B80FB80FB80FB80FB80FB70FB70FB70FAD
:10CE5000B70FB70FB60FB60FB60FB60FB60FB50FA9
:10CE6000B50FB50FB50FB50FB40FB40FB40FB40FA6
:10CE7000B30FB30FB30FB30FB30FB20FB20FB20FA5
:10CE8000B20FB20FB10FB10FB10FB10FB10FB00FA1
:10CE9000B00FB00FB00FAF0FAF0FAF0FAF0FAF0F9F
:10CEA000AE0FAE0FAE0FAE0FAD0FAD0FAD0FAD0F9E
:10CEB000AD0FAC0FAC0FAC0FAC0FAC0FAB0FAB0F9B
:10CEC000AB0FAB0FAA0FAA0FAA0FAA0FA90FA90F9A
:10CED000A90FA90FA90FA80FA80FA80FA80FA70F98
:10CEE000A70FA70FA70FA70FA60FA60FA60FA60F96
:10CEF000A50FA50FA50FA50FA50FA40FA40FA40F95
:10CF0000A40FA30FA30FA30FA30FA20FA20FA20F93
:10CF1000A20FA10FA10FA10FA10FA10FA00FA00F92
:10CF2000A00FA00F9F0F9F0F9F0F9F0F9E0F9E0F91
:10CF30009E0F9E0F9D0F9D0F9D0F9D0F9D0F9C0F90
:10CF40009C0F9C0F9C0F9B0F9B0F9B0F9B0F9A0F8F
:10CF50009A0F9A0F9A0F990F990F990F990F980F8F
:10CF6000980F980F980F970F970F970F970F960F8F
:10CF7000960F960F960F950F950F950F950F940F8F
:10CF8000940F940F940F930F930F930F930F920F8F
:10CF9000920F920F920F910F910F910F910F900F8F
:10CFA000900F900F900F8F0F8F0F8F0F8F0F8E0F8F
:10CFB0008E0F8E0F8E0F8D0F8D0F8D0F8D0F8C0F8F
:10CFC0008C0F8C0F8C0F8B0F8B0F8B0F8A0F8A0F90
:10CFD0008A0F8A0F890F890F890F890F880F880F91
:10CFE000880F880F870F870F870F870F860F860F91
:10CFF000860F850F850F850F850F840F840F840F93
:10D00000840F830F830F830F830F820F820F820F92
:10D01000810F810F810F810F800F800F800F800F94
:10D020007F0F7F0F7F0F7E0F7E0F7E0F7E0F7D0F96
:10D030007D0F7D0F7D0F7C0F7C0F7C0F7B0F7B0F97
:10D040007B0F7B0F7A0F7A0F7A0F7A0F790F790F98
:10D05000790F780F780F780F780F770F770F770F9A
:10D06000760F760F760F760F750F750F750F740F9D
:10D07000740F740F740F730F730F730F720F720F9F
:10D08000720F720F710F710F710F700F700F700FA1
:10D09000700F6F0F6F0F6F0F6E0F6E0F6E0F6E0FA3
:10D0A0006D0F6D0F6D0F6C0F6C0F6C0F6C0F6B0FA6
:10D0B0006B0F6B0F6A0F6A0F6A0F690F690F690FA9
:10D0C000690F680F680F680F670F670F670F670FAB
:10D0D000660F660F660F650F650F650F640F640FAF
:10D0E000640F640F630F630F630F620F620F620FB1
:10D0F000610F610F610F610F600F600F600F5F0FB5
:10D100005F0F5F0F5E0F5E0F5E0F5D0F5D0F5D0FB8
:10D110005D0F5C0F5C0F5C0F5B0F5B0F5B0F5A0FBB
:10D120005A0F5A0F5A0F590F590F590F580F580FBE
:10D13000580F570F570F570F560F560F560F550FC3
:10D14000550F550F550F540F540F540F530F530FC6
:10D15000530F520F520F520F510F510F510F500FCB
:10D16000500F500F4F0F4F0F4F0F4F0F4E0F4E0FCF
:10D170004E0F4D0F4D0F4D0F4C0F4C0F4C0F4B0FD3
:10D180004B0F4B0F4A0F4A0F4A0F490F490F490FD8
:10D19000480F480F480F470F470F470F460F460FDE
:10D1A000460F460F450F450F450F440F440F440FE0
:10D1B000430F430F430F420F420F420F410F410FE6
:10D1C000410F400F400F400F3F0F3F0F3F0F3E0FEB
:10D1D0003E0F3E0F3D0F3D0F3D0F3C0F3C0F3C0FF0
:10D1E0003B0F3B0F3B0F3A0F3A0F3A0F390F390FF6
:10D1F000390F380F380F380F370F370F370F360FFB
:10D20000360F360F350F350F350F340F340F330F00
:10D21000330F330F320F320F320F310F310F310F07
:10D22000300F300F300F2F0F2F0F2F0F2E0F2E0F0D
:10D230002E0F2D0F2D0F2D0F2C0F2C0F2C0F2B0F12
:10D240002B0F2B0F2A0F2A0F290F290F290F280F19
:10D25000280F280F270F270F270F260F260F260F1F
:10D26000250F250F250F240F240F240F230F230F25
:10D27000220F220F220F210F210F210F200F200F2D
:10D28000200F1F0F1F0F1F0F1E0F1E0F1D0F1D0F33
:10D290001D0F1C0F1C0F1C0F1B0F1B0F1B0F1A0F3A
:10D2A0001A0F1A0F190F190F180F180F180F170F41
:10D2B000170F170F160F160F160F150F150F140F48
:10D2C000140F140F130F130F130F120F120F120F4F
:10D2D000110F110F100F100F100F0F0F0F0F0F0F57
:10D2E0000E0F0E0F0D0F0D0F0D0F0C0F0C0F0C0F5F
:10D2F0000B0F0B0F0B0F0A0F0A0F090F090F090F66
:10D30000080F080F080F070F070F060F060F060F6D
:10D31000050F050F050F040F040F030F030F030F75
:10D32000020F020F020F010F010F000F000F000F7D
:10D33000FF0EFF0EFE0EFE0EFE0EFD0EFD0EFD0E8E
:10D34000FC0EFC0EFB0EFB0EFB0EFA0EFA0EFA0E96
:10D35000F90EF90EF80EF80EF80EF70EF70EF60E9F
:10D36000F60EF60EF50EF50EF50EF40EF40EF30EA7
:10D37000F30EF30EF20EF20EF10EF10EF10EF00EB0
:10D38000F00EEF0EEF0EEF0EEE0EEE0EED0EED0EBA
:10D39000ED0EEC0EEC0EEC0EEB0EEB0EEA0EEA0EC2
:10D3A000EA0EE90EE90EE80EE80EE80EE70EE70ECB
:10D3B000E60EE60EE60EE50EE50EE40EE40EE40ED5
:10D3C000E30EE30EE20EE20EE20EE10EE10EE00EDF
:10D3D000E00EE00EDF0EDF0EDE0EDE0EDE0EDD0EE8
:10D3E000DD0EDC0EDC0EDC0EDB0EDB0EDA0EDA0EF2
:10D3F000DA0ED90ED90ED80ED80ED80ED70ED70EFB
:10D40000D60ED60ED60ED50ED50ED40ED40ED30E05
:10D41000D30ED30ED20ED20ED10ED10ED10ED00E0F
:10D42000D00ECF0ECF0ECF0ECE0ECE0ECD0ECD0E19
:10D43000CD0ECC0ECC0ECB0ECB0ECA0ECA0ECA0E23
:10D44000C90EC90EC80EC80EC80EC70EC70EC60E2E
:10D45000C60EC50EC50EC50EC40EC40EC30EC30E39
:10D46000C30EC20EC20EC10EC10EC00EC00EC00E43
:10D47000BF0EBF0EBE0EBE0EBD0EBD0EBD0EBC0E4F
:10D48000BC0EBB0EBB0EBB0EBA0EBA0EB90EB90E59
:10D49000B80EB80EB80EB70EB70EB60EB60EB50E65
:10D4A000B50EB50EB40EB40EB30EB30EB20EB20E70
:10D4B000B20EB10EB10EB00EB00EAF0EAF0EAF0E7B
:10D4C000AE0EAE0EAD0EAD0EAC0EAC0EAC0EAB0E87
:10D4D000AB0EAA0EAA0EA90EA90EA80EA80EA80E93
:10D4E000A70EA70EA60EA60EA50EA50EA50EA40E9F
:10D4F000A40EA30EA30EA20EA20EA10EA10EA10EAB
:10D50000A00EA00E9F0E9F0E9E0E9E0E9E0E9D0EB6
:10D510009D0E9C0E9C0E9B0E9B0E9A0E9A0E9A0EC2
:10D52000990E990E980E980E970E970E960E960ECF
:10D53000960E950E950E940E940E930E930E920EDB
:10D54000920E920E910E910E900E900E8F0E8F0EE7
:10D550008E0E8E0E8E0E8D0E8D0E8C0E8C0E8B0EF4
:10D560008B0E8A0E8A0E890E890E890E880E880E01
:10D57000870E870E860E860E850E850E840E840E0F
:10D58000840E830E830E820E820E810E810E800E1B
:10D59000800E7F0E7F0E7F0E7E0E7E0E7D0E7D0E28
:10D5A0007C0E7C0E7B0E7B0E7A0E7A0E790E790E37
:10D5B000790E780E780E770E770E760E760E750E43
:10D5C000750E740E740E730E730E730E720E720E51
:10D5D000710E710E700E700E6F0E6F0E6E0E6E0E5F
:10D5E0006D0E6D0E6D0E6C0E6C0E6B0E6B0E6A0E6C
:10D5F0006A0E690E690E680E680E670E670E660E7B
:10D60000660E650E650E650E640E640E630E630E87
:10D61000620E620E610E610E600E600E5F0E5F0E96
:10D620005E0E5E0E5D0E5D0E5C0E5C0E5C0E5B0EA5
:10D630005B0E5A0E5A0E590E590E580E580E570EB2
:10D64000570E560E560E550E550E540E540E530EC2
:10D65000530E520E520E510E510E510E500E500ED0
:10D660004F0E4F0E4E0E4E0E4D0E4D0E4C0E4C0EDE
:10D670004B0E4B0E4A0E4A0E490E490E480E480EEE
:10D68000470E470E460E460E450E450E440E440EFE
:10D69000430E430E420E420E410E410E400E400E0E
:10D6A000400E3F0E3F0E3E0E3E0E3D0E3D0E3C0E1A
:10D6B0003C0E3B0E3B0E3A0E3A0E390E390E380E2A
:10D6C000380E370E370E360E360E350E350E340E3A
:10D6D000340E330E330E320E320E310E310E300E4A
:10D6E000300E2F0E2F0E2E0E2E0E2D0E2D0E2C0E5A
:10D6F0002C0E2B0E2B0E2A0E2A0E290E290E280E6A
:10D70000280E270E270E260E260E250E250E240E79
:10D71000240E230E230E220E220E210E210E200E89
:10D72000200E1F0E1F0E1E0E1E0E1D0E1D0E1C0E99
:10D730001C0E1B0E1B0E1A0E1A0E190E190E180EA9
:10D74000180E170E170E160E160E150E150E140EB9
:10D75000140E130E130E120E110E110E100E100ECB
:10D760000F0E0F0E0E0E0E0E0D0E0D0E0C0E0C0EDD
:10D770000B0E0B0E0A0E0A0E090E090E080E080EED
:10D78000070E070E060E060E050E050E040E040EFD
:10D79000030E030E020E020E010E000E000EFF0D10
:10D7A000FF0DFE0DFE0DFD0DFD0DFC0DFC0DFB0D29
:10D7B000FB0DFA0DFA0DF90DF90DF80DF80DF70D39
:10D7C000F70DF60DF60DF50DF50DF40DF30DF30D4A
:10D7D000F20DF20DF10DF10DF00DF00DEF0DEF0D5D
:10D7E000EE0DEE0DED0DED0DEC0DEC0DEB0DEB0D6D
:10D7F000EA0DE90DE90DE80DE80DE70DE70DE60D81
:10D80000E60DE50DE50DE40DE40DE30DE30DE20D90
:10D81000E20DE10DE00DE00DDF0DDF0DDE0DDE0DA3
:10D82000DD0DDD0DDC0DDC0DDB0DDB0DDA0DDA0DB4
:10D83000D90DD80DD80DD70DD70DD60DD60DD50DC8
:10D84000D50DD40DD40DD30DD30DD20DD10DD10DD9
:10D85000D00DD00DCF0DCF0DCE0DCE0DCD0DCD0DEC
:10D86000CC0DCC0DCB0DCA0DCA0DC90DC90DC80DFF
:10D87000C80DC70DC70DC60DC60DC50DC40DC40D11
:10D88000C30DC30DC20DC20DC10DC10DC00DC00D24
:10D89000BF0DBE0DBE0DBD0DBD0DBC0DBC0DBB0D38
:10D8A000BB0DBA0DBA0DB90DB80DB80DB70DB70D4A
:10D8B000B60DB60DB50DB50DB40DB40DB30DB20D5D
:10D8C000B20DB10DB10DB00DB00DAF0DAF0DAE0D70
:10D8D000AD0DAD0DAC0DAC0DAB0DAB0DAA0DAA0D84
:10D8E000A90DA80DA80DA70DA70DA60DA60DA50D98
:10D8F000A50DA40DA30DA30DA20DA20DA10DA10DAB
:10D90000A00DA00D9F0D9E0D9E0D9D0D9D0D9C0DBE
:10D910009C0D9B0D9B0D9A0D990D990D980D980DD1
:10D92000970D970D960D950D950D940D940D930DE6
:10D93000930D920D920D910D900D900D8F0D8F0DF9
:10D940008E0D8E0D8D0D8C0D8C0D8B0D8B0D8A0D0E
:10D950008A0D890D890D880D870D870D860D860D21
:10D96000850D850D840D830D830D820D820D810D36
:10D97000810D800D7F0D7F0D7E0D7E0D7D0D7D0D4A
:10D980007C0D7B0D7B0D7A0D7A0D790D790D780D5F
:10D99000770D770D760D760D750D750D740D730D74
:10D9A000730D720D720D710D710D700D6F0D6F0D88
:10D9B0006E0D6E0D6D0D6C0D6C0D6B0D6B0D6A0D9E
:10D9C0006A0D690D680D680D670D670D660D660DB2
:10D9D000650D640D640D630D630D620D620D610DC7
:10D9E000600D600D5F0D5F0D5E0D5D0D5D0D5C0DDD
:10D9F0005C0D5B0D5B0D5A0D590D590D580D580DF1
:10DA0000570D560D560D550D550D540D540D530D06
:10DA1000520D520D510D510D500D4F0D4F0D4E0D1C
:10DA20004E0D4D0D4C0D4C0D4B0D4B0D4A0D4A0D31
:10DA3000490D480D480D470D470D460D450D450D47
:10DA4000440D440D430D420D420D410D410D400D5D
:10DA50003F0D3F0D3E0D3E0D3D0D3D0D3C0D3B0D73
:10DA60003B0D3A0D3A0D390D380D380D370D370D88
:10DA7000360D350D350D340D340D330D320D320D9F
:10DA8000310D310D300D2F0D2F0D2E0D2E0D2D0DB5
:10DA90002C0D2C0D2B0D2B0D2A0D290D290D280DCC
:10DAA000280D270D260D260D250D250D240D230DE2
:10DAB000230D220D220D210D200D200D1F0D1F0DF8
:10DAC0001E0D1D0D1D0D1C0D1C0D1B0D1A0D1A0D0F
:10DAD000190D190D180D170D170D160D160D150D25
:10DAE000140D140D130D130D120D110D110D100D3C
:10DAF0000F0D0F0D0E0D0E0D0D0D0C0D0C0D0B0D54
:10DB00000B0D0A0D090D090D080D080D070D060D69
:10DB1000060D050D050D040D030D030D020D010D80
:10DB2000010D000D000DFF0CFE0CFE0CFD0CFD0C9C
:10DB3000FC0CFB0CFB0CFA0CF90CF90CF80CF80CB7
:10DB4000F70CF60CF60CF50CF50CF40CF30CF30CCE
:10DB5000F20CF10CF10CF00CF00CEF0CEE0CEE0CE6
:10DB6000ED0CED0CEC0CEB0CEB0CEA0CE90CE90CFD
:10DB7000E80CE80CE70CE60CE60CE50CE40CE40C15
:10DB8000E30CE30CE20CE10CE10CE00CE00CDF0C2C
:10DB9000DE0CDE0CDD0CDC0CDC0CDB0CDB0CDA0C44
:10DBA000D90CD90CD80CD70CD70CD60CD60CD50C5C
:10DBB000D40CD40CD30CD20CD20CD10CD10CD00C74
:10DBC000CF0CCF0CCE0CCD0CCD0CCC0CCC0CCB0C8C
:10DBD000CA0CCA0CC90CC80CC80CC70CC60CC60CA5
:10DBE000C50CC50CC40CC30CC30CC20CC10CC10CBD
:10DBF000C00CC00CBF0CBE0CBE0CBD0CBC0CBC0CD5
:10DC0000BB0CBA0CBA0CB90CB90CB80CB70CB70CED
:10DC1000B60CB50CB50CB40CB40CB30CB20CB20C05
:10DC2000B10CB00CB00CAF0CAE0CAE0CAD0CAD0C1E
:10DC3000AC0CAB0CAB0CAA0CA90CA90CA80CA70C37
:10DC4000A70CA60CA50CA50CA40CA40CA30CA20C50
:10DC5000A20CA10CA00CA00C9F0C9E0C9E0C9D0C69
:10DC60009D0C9C0C9B0C9B0C9A0C990C990C980C81
:10DC7000970C970C960C950C950C940C940C930C9B
:10DC8000920C920C910C900C900C8F0C8E0C8E0CB4
:10DC90008D0C8C0C8C0C8B0C8B0C8A0C890C890CCD
:10DCA000880C870C870C860C850C850C840C830CE7
:10DCB000830C820C810C810C800C800C7F0C7E0C00
:10DCC0007E0C7D0C7C0C7C0C7B0C7A0C7A0C790C19
:10DCD000780C780C770C760C760C750C740C740C34
:10DCE000730C720C720C710C710C700C6F0C6F0C4D
:10DCF0006E0C6D0C6D0C6C0C6B0C6B0C6A0C690C67
:10DD0000690C680C670C670C660C650C650C640C80
:10DD1000630C630C620C610C610C600C5F0C5F0C9B
:10DD20005E0C5E0C5D0C5C0C5C0C5B0C5A0C5A0CB3
:10DD3000590C580C580C570C560C560C550C540CCE
:10DD4000540C530C520C520C510C500C500C4F0CE8
:10DD50004E0C4E0C4D0C4C0C4C0C4B0C4A0C4A0C03
:10DD6000490C480C480C470C460C460C450C440C1E
:10DD7000440C430C420C420C410C400C400C3F0C38
:10DD80003E0C3E0C3D0C3C0C3C0C3B0C3A0C3A0C53
:10DD9000390C380C380C370C360C360C350C340C6E
:10DDA000340C330C320C320C310C300C300C2F0C88
:10DDB0002E0C2E0C2D0C2C0C2C0C2B0C2A0C2A0CA3
:10DDC000290C280C280C270C260C260C250C240CBE
:10DDD000240C230C220C220C210C200C200C1F0CD8
:10DDE0001E0C1E0C1D0C1C0C1C0C1B0C1A0C1A0CF3
:10DDF000190C180C180C170C160C160C150C140C0E
:10DE0000140C130C120C120C110C100C0F0C0F0C28
:10DE10000E0C0D0C0D0C0C0C0B0C0B0C0A0C090C45
:10DE2000090C080C070C070C060C050C050C040C5F
:10DE3000030C030C020C010C010C000CFF0BFF0B7C
:10DE4000FE0BFD0BFC0BFC0BFB0BFA0BFA0BF90B9F
:10DE5000F80BF80BF70BF60BF60BF50BF40BF40BBA
:10DE6000F30BF20BF20BF10BF00BF00BEF0BEE0BD5
:10DE7000ED0BED0BEC0BEB0BEB0BEA0BE90BE90BF2
:10DE8000E80BE70BE70BE60BE50BE50BE40BE30B0D
:10DE9000E30BE20BE10BE00BE00BDF0BDE0BDE0B29
:10DEA000DD0BDC0BDC0BDB0BDA0BDA0BD90BD80B45
:10DEB000D80BD70BD60BD50BD50BD40BD30BD30B61
:10DEC000D20BD10BD10BD00BCF0BCF0BCE0BCD0B7D
:10DED000CC0BCC0BCB0BCA0BCA0BC90BC80BC80B9A
:10DEE000C70BC60BC60BC50BC40BC30BC30BC20BB6
:10DEF000C10BC10BC00BBF0BBF0BBE0BBD0BBD0BD2
:10DF0000BC0BBB0BBA0BBA0BB90BB80BB80BB70BEE
:10DF1000B60BB60BB50BB40BB40BB30BB20BB10B0A
:10DF2000B10BB00BAF0BAF0BAE0BAD0BAD0BAC0B26
:10DF3000AB0BAA0BAA0BA90BA80BA80BA70BA60B44
:10DF4000A60BA50BA40BA30BA30BA20BA10BA10B60
:10DF5000A00B9F0B9F0B9E0B9D0B9C0B9C0B9B0B7D
:10DF60009A0B9A0B990B980B980B970B960B950B9A
:10DF7000950B940B930B930B920B910B910B900BB6
:10DF80008F0B8E0B8E0B8D0B8C0B8C0B8B0B8A0BD4
:10DF90008A0B890B880B870B870B860B850B850BF0
:10DFA000840B830B820B820B810B800B800B7F0B0E
:10DFB0007E0B7E0B7D0B7C0B7B0B7B0B7A0B790B2B
:10DFC000790B780B770B760B760B750B740B740B48
:10DFD000730B720B720B710B700B6F0B6F0B6E0B65
:10DFE0006D0B6D0B6C0B6B0B6A0B6A0B690B680B83
:10DFF000680B670B660B650B650B640B630B630BA0
:10E00000620B610B600B600B5F0B5E0B5E0B5D0BBD
:10E010005C0B5B0B5B0B5A0B590B590B580B570BDB
:10E02000560B560B550B540B540B530B520B510BF9
:10E03000510B500B4F0B4F0B4E0B4D0B4C0B4C0B16
:10E040004B0B4A0B4A0B490B480B470B470B460B34
:10E05000450B450B440B430B420B420B410B400B52
:10E06000400B3F0B3E0B3D0B3D0B3C0B3B0B3B0B6F
:10E070003A0B390B380B380B370B360B360B350B8D
:10E08000340B330B330B320B310B310B300B2F0BAB
:10E090002E0B2E0B2D0B2C0B2B0B2B0B2A0B290BCA
:10E0A000290B280B270B260B260B250B240B240BE7
:10E0B000230B220B210B210B200B1F0B1E0B1E0B06
:10E0C0001D0B1C0B1C0B1B0B1A0B190B190B180B24
:10E0D000170B170B160B150B140B140B130B120B42
:10E0E000110B110B100B0F0B0F0B0E0B0D0B0C0B61
:10E0F0000C0B0B0B0A0B090B090B080B070B070B7F
:10E10000060B050B040B040B030B020B010B010B9D
:10E11000000BFF0AFF0AFE0AFD0AFC0AFC0AFB0AC2
:10E12000FA0AF90AF90AF80AF70AF70AF60AF50AE2
:10E13000F40AF40AF30AF20AF10AF10AF00AEF0A01
:10E14000EF0AEE0AED0AEC0AEC0AEB0AEA0AE90A1F
:10E15000E90AE80AE70AE60AE60AE50AE40AE40A3E
:10E16000E30AE20AE10AE10AE00ADF0ADE0ADE0A5D
:10E17000DD0ADC0ADB0ADB0ADA0AD90AD90AD80A7C
:10E18000D70AD60AD60AD50AD40AD30AD30AD20A9B
:10E19000D10AD00AD00ACF0ACE0ACE0ACD0ACC0ABA
:10E1A000CB0ACB0ACA0AC90AC80AC80AC70AC60AD9
:10E1B000C50AC50AC40AC30AC20AC20AC10AC00AF9
:10E1C000C00ABF0ABE0ABD0ABD0ABC0ABB0ABA0A17
:10E1D000BA0AB90AB80AB70AB70AB60AB50AB40A37
:10E1E000B40AB30AB20AB20AB10AB00AAF0AAF0A55
:10E1F000AE0AAD0AAC0AAC0AAB0AAA0AA90AA90A75
:10E20000A80AA70AA60AA60AA50AA40AA30AA30A94
:10E21000A20AA10AA00AA00A9F0A9E0A9E0A9D0AB3
:10E220009C0A9B0A9B0A9A0A990A980A980A970AD2
:10E23000960A950A950A940A930A920A920A910AF2
:10E24000900A8F0A8F0A8E0A8D0A8C0A8C0A8B0A12
:10E250008A0A890A890A880A870A860A860A850A32
:10E26000840A830A830A820A810A810A800A7F0A51
:10E270007E0A7E0A7D0A7C0A7B0A7B0A7A0A790A70
:10E28000780A780A770A760A750A750A740A730A90
:10E29000720A720A710A700A6F0A6F0A6E0A6D0AB0
:10E2A0006C0A6C0A6B0A6A0A690A690A680A670AD0
:10E2B000660A660A650A640A630A630A620A610AF0
:10E2C000600A600A5F0A5E0A5D0A5D0A5C0A5B0A10
:10E2D0005A0A5A0A590A580A570A570A560A550A30
:10E2E000540A540A530A520A510A510A500A4F0A50
:10E2F0004E0A4E0A4D0A4C0A4B0A4B0A4A0A490A70
:10E30000480A480A470A460A450A450A440A430A8F
:10E31000420A420A410A400A3F0A3F0A3E0A3D0AAF
:10E320003C0A3C0A3B0A3A0A390A390A380A370ACF
:10E33000360A350A350A340A330A320A320A310AF1
:10E34000300A2F0A2F0A2E0A2D0A2C0A2C0A2B0A11
:10E350002A0A290A290A280A270A260A260A250A31
:10E36000240A230A230A220A210A200A200A1F0A51
:10E370001E0A1D0A1D0A1C0A1B0A1A0A1A0A190A71
:10E38000180A170A160A160A150A140A130A130A93
:10E39000120A110A100A100A0F0A0E0A0D0A0D0AB3
:10E3A0000C0A0B0A0A0A0A0A090A080A070A070AD3
:10E3B000060A050A040A040A030A020A010A000AF4
:10E3C000000AFF09FE09FD09FD09FC09FB09FA091C
:10E3D000FA09F909F809F709F709F609F509F4093D
:10E3E000F409F309F209F109F109F009EF09EE095D
:10E3F000ED09ED09EC09EB09EA09EA09E909E8097F
:10E40000E709E709E609E509E409E409E309E2099E
:10E41000E109E009E009DF09DE09DD09DD09DC09C0
:10E42000DB09DA09DA09D909D809D709D709D609E0
:10E43000D509D409D409D309D209D109D009D00901
:10E44000CF09CE09CD09CD09CC09CB09CA09CA0922
:10E45000C909C809C709C709C609C509C409C30943
:10E46000C309C209C109C009C009BF09BE09BD0964
:10E47000BD09BC09BB09BA09B909B909B809B70985
:10E48000B609B609B509B409B309B309B209B109A6
:10E49000B009B009AF09AE09AD09AC09AC09AB09C7
:10E4A000AA09A909A909A809A709A609A609A509E8
:10E4B000A409A309A209A209A109A0099F099F090A
:10E4C0009E099D099C099C099B099A09990998092B
:10E4D000980997099609950995099409930992094C
:10E4E0009209910990098F098E098E098D098C096D
:10E4F0008B098B098A09890988098809870986098E
:10E5000085098409840983098209810981098009AF
:10E510007F097E097D097D097C097B097A097A09D1
:10E5200079097809770977097609750974097309F2
:10E53000730972097109700970096F096E096D0913
:10E540006D096C096B096A09690969096809670934
:10E550006609660965096409630962096209610956
:10E5600060095F095F095E095D095C095B095B0978
:10E570005A09590958095809570956095509550999
:10E580005409530952095109510950094F094E09BB
:10E590004E094D094C094B094A094A0949094809DC
:10E5A00047094709460945094409430943094209FE
:10E5B0004109400940093F093E093D093D093C091F
:10E5C0003B093A0939093909380937093609360941
:10E5D00035093409330932093209310930092F0963
:10E5E0002F092E092D092C092B092B092A09290984
:10E5F00028092809270926092509240924092309A6
:10E6000022092109210920091F091E091D091D09C7
:10E610001C091B091A091A091909180917091609E9
:10E62000160915091409130913091209110910090A
:10E630000F090F090E090D090C090C090B090A092C
:10E64000090908090809070906090509050904094E
:10E6500003090209010901090009FF08FE08FE0873
:10E66000FD08FC08FB08FA08FA08F908F808F7089A
:10E67000F708F608F508F408F308F308F208F108BB
:10E68000F008F008EF08EE08ED08EC08EC08EB08DD
:10E69000EA08E908E808E808E708E608E508E50800
:10E6A000E408E308E208E108E108E008DF08DE0822
:10E6B000DE08DD08DC08DB08DA08DA08D908D80843
:10E6C000D708D708D608D508D408D308D308D20865
:10E6D000D108D008D008CF08CE08CD08CC08CC0887
:10E6E000CB08CA08C908C808C808C708C608C508AA
:10E6F000C508C408C308C208C108C108C008BF08CB
:10E70000BE08BE08BD08BC08BB08BA08BA08B908EC
:10E71000B808B708B608B608B508B408B308B3080F
:10E72000B208B108B008AF08AF08AE08AD08AC0831
:10E73000AC08AB08AA08A908A808A808A708A60852
:10E74000A508A408A408A308A208A108A108A00875
:10E750009F089E089D089D089C089B089A089A0897
:10E7600099089808970896089608950894089308B9
:10E7700092089208910890088F088F088E088D08DB
:10E780008C088B088B088A088908880888088708FD
:10E790008608850884088408830882088108800820
:10E7A00080087F087E087D087D087C087B087A0841
:10E7B0007908790878087708760875087508740864
:10E7C000730872087208710870086F086E086E0886
:10E7D0006D086C086B086B086A08690868086708A8
:10E7E00067086608650864086308630862086108CA
:10E7F000600860085F085E085D085C085C085B08EC
:10E800005A0859085808580857085608550855080E
:10E810005408530852085108510850084F084E0830
:10E820004E084D084C084B084A084A084908480851
:10E830004708460846084508440843084308420874
:10E84000410840083F083F083E083D083C083B0897
:10E850003B083A08390838083808370836083508B8
:10E8600034083408330832083108300830082F08DB
:10E870002E082D082D082C082B082A0829082908FD
:10E880002808270826082508250824082308220820
:10E890002208210820081F081E081E081D081C0841
:10E8A0001B081A081A081908180817081708160864
:10E8B00015081408130813081208110810080F0887
:10E8C0000F080E080D080C080C080B080A080908A8
:10E8D00008080808070806080508040804080308CB
:10E8E0000208010801080008FF07FE07FD07FD07F1
:10E8F000FC07FB07FA07FA07F907F807F707F60717
:10E90000F607F507F407F307F207F207F107F00738
:10E91000EF07EF07EE07ED07EC07EB07EB07EA075A
:10E92000E907E807E707E707E607E507E407E4077D
:10E93000E307E207E107E007E007DF07DE07DD079F
:10E94000DC07DC07DB07DA07D907D907D807D707C1
:10E95000D607D507D507D407D307D207D107D107E4
:10E96000D007CF07CE07CE07CD07CC07CB07CA0706
:10E97000CA07C907C807C707C607C607C507C40728
:10E98000C307C307C207C107C007BF07BF07BE074A
:10E99000BD07BC07BB07BB07BA07B907B807B8076D
:10E9A000B707B607B507B407B407B307B207B1078F
:10E9B000B007B007AF07AE07AD07AD07AC07AB07B1
:10E9C000AA07A907A907A807A707A607A607A507D3
:10E9D000A407A307A207A207A107A0079F079E07F6
:10E9E0009E079D079C079B079B079A079907980717
:10E9F000970797079607950794079307930792073A
:10EA00009107900790078F078E078D078C078C075B
:10EA10008B078A078907890788078707860785077D
:10EA200085078407830782078107810780077F079F
:10EA30007E077E077D077C077B077A077A077907C1
:10EA400078077707760776077507740773077307E4
:10EA50007207710770076F076F076E076D076C0706
:10EA60006C076B076A076907680768076707660727
:10EA7000650764076407630762076107610760074A
:10EA80005F075E075D075D075C075B075A075A076C
:10EA9000590758075707560756075507540753078E
:10EAA00052075207510750074F074F074E074D07B0
:10EAB0004C074B074B074A074907480748074707D2
:10EAC00046074507440744074307420741074007F5
:10EAD00040073F073E073D073D073C073B073A0716
:10EAE0003907390738073707360736073507340738
:10EAF000330732073207310730072F072E072E075B
:10EB00002D072C072B072B072A072907280727077C
:10EB1000270726072507240724072307220721079D
:10EB2000200720071F071E071D071D071C071B07BF
:10EB30001A071907190718071707160716071507E1
:10EB40001407130712071207110710070F070E0704
:10EB50000E070D070C070B070B070A070907080725
:10EB60000707070706070507040704070307020747
:10EB7000010700070007FF06FE06FD06FD06FC066E
:10EB8000FB06FA06F906F906F806F706F606F60693
:10EB9000F506F406F306F206F206F106F006EF06B5
:10EBA000EF06EE06ED06EC06EB06EB06EA06E906D6
:10EBB000E806E806E706E606E506E406E406E306F8
:10EBC000E206E106E106E006DF06DE06DD06DD061A
:10EBD000DC06DB06DA06DA06D906D806D706D6063C
:10EBE000D606D506D406D306D306D206D106D0065D
:10EBF000CF06CF06CE06CD06CC06CC06CB06CA067F
:10EC0000C906C806C806C706C606C506C506C406A0
:10EC1000C306C206C106C106C006BF06BE06BE06C2
:10EC2000BD06BC06BB06BB06BA06B906B806B706E3
:10EC3000B706B606B506B406B406B306B206B10604
:10EC4000B006B006AF06AE06AD06AD06AC06AB0626
:10EC5000AA06A906A906A806A706A606A606A50648
:10EC6000A406A306A306A206A106A0069F069F0669
:10EC70009E069D069C069C069B069A06990698068B
:10EC800098069706960695069506940693069206AC
:10EC90009106910690068F068E068E068D068C06CE
:10ECA0008B068B068A0689068806870687068606EF
:10ECB0008506840684068306820681068106800610
:10ECC0007F067E067D067D067C067B067A067A0632
:10ECD0007906780677067606760675067406730654
:10ECE000730672067106700670066F066E066D0674
:10ECF0006C066C066B066A06690669066806670696
:10ED000066066606650664066306620662066106B6
:10ED100060065F065F065E065D065C065C065B06D7
:10ED20005A065906580658065706560655065506F9
:10ED30005406530652065206510650064F064E061A
:10ED40004E064D064C064B064B064A06490648063B
:10ED5000480647064606450645064406430642065B
:10ED60004106410640063F063E063E063D063C067D
:10ED70003B063B063A06390638063706370636069E
:10ED800035063406340633063206310631063006BF
:10ED90002F062E062E062D062C062B062A062A06E0
:10EDA0002906280627062706260625062406240601
:10EDB000230622062106210620061F061E061E0621
:10EDC0001D061C061B061A061A0619061806170643
:10EDD0001706160615061406140613061206110663
:10EDE000110610060F060E060D060D060C060B0684
:10EDF0000A060A06090608060706070606060506A5
:10EE00000406040603060206010601060006FF05C5
:10EE1000FE05FE05FD05FC05FB05FA05FA05F905ED
:10EE2000F805F705F705F605F505F405F405F3050E
:10EE3000F205F105F105F005EF05EE05EE05ED052E
:10EE4000EC05EB05EB05EA05E905E805E805E7054E
:10EE5000E605E505E405E405E305E205E105E10570
:10EE6000E005DF05DE05DE05DD05DC05DB05DB0590
:10EE7000DA05D905D805D805D705D605D505D505B0
:10EE8000D405D305D205D205D105D005CF05CF05D0
:10EE9000CE05CD05CC05CC05CB05CA05C905C905F0
:10EEA000C805C705C605C505C505C405C305C20512
:10EEB000C205C105C005BF05BF05BE05BD05BC0532
:10EEC000BC05BB05BA05B905B905B805B705B60552
:10EED000B605B505B405B305B305B205B105B00572
:10EEE000B005AF05AE05AD05AD05AC05AB05AA0592
:10EEF000AA05A905A805A705A705A605A505A405B2
:10EF0000A405A305A205A105A105A0059F059E05D1
:10EF10009E059D059C059B059B059A0599059805F1
:10EF20009805970596059505950594059305920511
:10EF30009205910590058F058F058E058D058C0531
:10EF40008C058B058A058905890588058705860551
:10EF50008605850584058305830582058105800571
:10EF600080057F057E057D057D057C057B057B0590
:10EF70007A057905780578057705760575057505AF
:10EF80007405730572057205710570056F056F05CF
:10EF90006E056D056C056C056B056A0569056905EF
:10EFA000680567056605660565056405630563050F
:10EFB00062056105600560055F055E055E055D052E
:10EFC0005C055B055B055A0559055805580557054D
:10EFD000560555055505540553055205520551056D
:10EFE00050054F054F054E054D054C054C054B058D
:10EFF0004A054A05490548054705470546054505AB
:10F0000044054405430542054105410540053F05CA
:10F010003E053E053D053C053C053B053A053905E9
:10F020003905380537053605360535053405330508
:10F03000330532053105300530052F052E052E0527
:10F040002D052C052B052B052A0529052805280546
:10F050002705260525052505240523052305220565
:10F060002105200520051F051E051D051D051C0584
:10F070001B051A051A0519051805180517051605A3
:10F0800015051505140513051205120511051005C2
:10F090000F050F050E050D050D050C050B050A05E1
:10F0A0000A050905080507050705060505050505FF
:10F0B000040503050205020501050005FF04FF0420
:10F0C000FE04FD04FD04FC04FB04FA04FA04F90444
:10F0D000F804F704F704F604F504F504F404F30463
:10F0E000F204F204F104F004EF04EF04EE04ED0482
:10F0F000ED04EC04EB04EA04EA04E904E804E704A0
:10F10000E704E604E504E504E404E304E204E204BD
:10F11000E104E004E004DF04DE04DD04DD04DC04DB
:10F12000DB04DA04DA04D904D804D804D704D604FA
:10F13000D504D504D404D304D304D204D104D00418
:10F14000D004CF04CE04CD04CD04CC04CB04CB0436
:10F15000CA04C904C804C804C704C604C604C50454
:10F16000C404C304C304C204C104C104C004BF0472
:10F17000BE04BE04BD04BC04BC04BB04BA04B90490
:10F18000B904B804B704B704B604B504B404B404AD
:10F19000B304B204B204B104B004AF04AF04AE04CB
:10F1A000AD04AD04AC04AB04AA04AA04A904A804E9
:10F1B000A804A704A604A504A504A404A304A30406
:10F1C000A204A104A004A0049F049E049E049D0424
:10F1D0009C049B049B049A04990499049804970442
:10F1E0009604960495049404940493049204910460
:10F1F000910490048F048F048E048D048C048C047D
:10F200008B048A048A048904880488048704860499
:10F2100085048504840483048304820481048004B7
:10F2200080047F047E047E047D047C047C047B04D3
:10F230007A047904790478047704770476047504F1
:10F24000740474047304720472047104700470040E
:10F250006F046E046D046D046C046B046B046A042B
:10F260006904690468046704660466046504640448
:10F270006404630462046204610460045F045F0464
:10F280005E045D045D045C045B045B045A04590481
:10F29000580458045704560456045504540454049E
:10F2A000530452045104510450044F044F044E04BB
:10F2B0004D044D044C044B044A044A0449044804D8
:10F2C00048044704460446044504440444044304F3
:10F2D00042044104410440043F043F043E043D0411
:10F2E0003D043C043B043B043A043904380438042C
:10F2F0003704360436043504340434043304320449
:10F300003204310430042F042F042E042D042D0464
:10F310002C042B042B042A04290429042804270480
:10F32000260426042504240424042304220422049D
:10F330002104200420041F041E041E041D041C04B8
:10F340001B041B041A0419041904180417041704D5
:10F3500016041504150414041304130412041104F0
:10F36000110410040F040E040E040D040C040C040C
:10F370000B040A040A040904080408040704060428
:10F380000604050404040404030402040204010442
:10F390000004FF03FF03FE03FD03FD03FC03FB0367
:10F3A000FB03FA03F903F903F803F703F703F60382
:10F3B000F503F503F403F303F303F203F103F1039D
:10F3C000F003EF03EF03EE03ED03EC03EC03EB03B9
:10F3D000EA03EA03E903E803E803E703E603E603D5
:10F3E000E503E403E403E303E203E203E103E003F0
:10F3F000E003DF03DE03DE03DD03DC03DC03DB030A
:10F40000DA03DA03D903D803D803D703D603D60324
:10F41000D503D403D403D303D203D203D103D0033F
:10F42000D003CF03CE03CE03CD03CC03CC03CB0359
:10F43000CA03CA03C903C803C803C703C603C60374
:10F44000C503C403C403C303C203C203C103C0038F
:10F45000C003BF03BE03BE03BD03BC03BC03BB03A9
:10F46000BA03BA03B903B803B803B703B603B603C4
:10F47000B503B403B403B303B203B203B103B003DF
:10F48000B003AF03AE03AE03AD03AC03AC03AB03F9
:10F49000AA03AA03A903A803A803A703A603A60314
:10F4A000A503A403A403A303A203A203A103A0032F
:10F4B000A0039F039F039E039D039D039C039B0347
:10F4C0009B039A0399039903980397039703960361
:10F4D000950395039403930393039203910391037C
:10F4E00090038F038F038E038D038D038C038C0396
:10F4F0008B038A038A0389038803880387038603AF
:10F5000086038503840384038303820382038103C8
:10F51000800380037F037E037E037D037D037C03E2
:10F520007B037B037A0379037903780377037703FB
:10F530007603750375037403730373037203720315
:10F540007103700370036F036E036E036D036C032E
:10F550006C036B036A036A03690369036803670347
:10F560006703660365036503640363036303620360
:10F5700061036103600360035F035E035E035D0379
:10F580005C035C035B035A035A0359035903580392
:10F5900057035703560355035503540353035303AB
:10F5A000520351035103500350034F034E034E03C4
:10F5B0004D034C034C034B034A034A0349034903DD
:10F5C00048034703470346034503450344034403F5
:10F5D0004303420342034103400340033F033E030E
:10F5E0003E033D033D033C033B033B033A03390326
:10F5F000390338033803370336033603350334033E
:10F6000034033303320332033103310330032F0356
:10F610002F032E032D032D032C032C032B032A036E
:10F620002A03290328032803270327032603250386
:10F63000250324032303230322032203210320039E
:10F6400020031F031E031E031D031D031C031B03B6
:10F650001B031A031A0319031803180317031603CD
:10F6600016031503150314031303130312031103E5
:10F670001103100310030F030E030E030D030D03FC
:10F680000C030B030B030A03090309030803080314
:10F69000070306030603050305030403030303032B
:10F6A00002030103010300030003FF02FE02FE0246
:10F6B000FD02FD02FC02FB02FB02FA02F902F90262
:10F6C000F802F802F702F602F602F502F502F40279
:10F6D000F302F302F202F202F102F002F002EF0290
:10F6E000EF02EE02ED02ED02EC02EB02EB02EA02A7
:10F6F000EA02E902E802E802E702E702E602E502BE
:10F70000E502E402E402E302E202E202E102E102D3
:10F71000E002DF02DF02DE02DE02DD02DC02DC02EA
:10F72000DB02DB02DA02D902D902D802D802D70200
:10F73000D602D602D502D502D402D302D302D20217
:10F74000D202D102D002D002CF02CF02CE02CD022D
:10F75000CD02CC02CC02CB02CA02CA02C902C90243
:10F76000C802C702C702C602C602C502C402C4025A
:10F77000C302C302C202C102C102C002C002BF0270
:10F78000BF02BE02BD02BD02BC02BC02BB02BA0285
:10F79000BA02B902B902B802B702B702B602B6029B
:10F7A000B502B402B402B302B302B202B202B102B1
:10F7B000B002B002AF02AF02AE02AD02AD02AC02C7
:10F7C000AC02AB02AA02AA02A902A902A802A802DC
:10F7D000A702A602A602A502A502A402A302A302F2
:10F7E000A202A202A102A102A0029F029F029E0207
:10F7F0009E029D029C029C029B029B029A029A021C
:10F800009902980298029702970296029602950230
:10F810009402940293029302920292029102900245
:10F8200090028F028F028E028D028D028C028C025A
:10F830008B028B028A02890289028802880287026F
:10F840008702860285028502840284028302830283
:10F85000820281028102800280027F027F027E0298
:10F860007D027D027C027C027B027B027A027902AD
:10F8700079027802780277027702760275027502C1
:10F8800074027402730273027202720271027002D5
:10F8900070026F026F026E026E026D026C026C02E9
:10F8A0006B026B026A026A026902690268026702FD
:10F8B0006702660266026502650264026302630211
:10F8C0006202620261026102600260025F025E0225
:10F8D0005E025D025D025C025C025B025B025A0238
:10F8E000590259025802580257025702560256024C
:10F8F0005502540254025302530252025202510260
:10F90000510250024F024F024E024E024D024D0272
:10F910004C024C024B024A024A0249024902480286
:10F920004802470247024602460245024402440298
:10F9300043024302420242024102410240024002AB
:10F940003F023E023E023D023D023C023C023B02BF
:10F950003B023A023A0239023802380237023702D1
:10F9600036023602350235023402340233023202E4
:10F97000320231023102300230022F022F022E02F7
:10F980002E022D022D022C022B022B022A022A0209
:10F99000290229022802280227022702260226021B
:10F9A000250224022402230223022202220221022F
:10F9B0002102200220021F021F021E021E021D023F
:10F9C0001C021C021B021B021A021A021902190253
:10F9D0001802180217021702160216021502150263
:10F9E0001402130213021202120211021102100277
:10F9F00010020F020F020E020E020D020D020C0287
:10FA00000C020B020B020A02090209020802080298
:10FA100007020702060206020502050204020402AA
:10FA200003020302020202020102010200020002BA
:10FA3000FF01FF01FE01FE01FD01FC01FC01FB01D4
:10FA4000FB01FA01FA01F901F901F801F801F701E6
:10FA5000F701F601F601F501F501F401F401F301F6
:10FA6000F301F201F201F101F101F001F001EF0106
:10FA7000EF01EE01EE01ED01ED01EC01EB01EB0117
:10FA8000EA01EA01E901E901E801E801E701E7012A
:10FA9000E601E601E501E501E401E401E301E3013A
:10FAA000E201E201E101E101E001E001DF01DF014A
:10FAB000DE01DE01DD01DD01DC01DC01DB01DB015A
:10FAC000DA01DA01D901D901D801D801D701D7016A
:10FAD000D601D601D501D501D401D401D301D3017A
:10FAE000D201D201D101D101D001D001CF01CF018A
:10FAF000CE01CE01CD01CD01CC01CC01CB01CB019A
:10FB0000CA01CA01C901C901C801C801C701C701A9
:10FB1000C601C601C501C501C401C401C301C301B9
:10FB2000C201C201C101C101C001C001BF01BF01C9
:10FB3000BE01BE01BE01BD01BD01BC01BC01BB01D6
:10FB4000BB01BA01BA01B901B901B801B801B701E5
:10FB5000B701B601B601B501B501B401B401B301F5
:10FB6000B301B201B201B101B101B001B001AF0105
:10FB7000AF01AE01AE01AD01AD01AD01AC01AC0113
:10FB8000AB01AB01AA01AA01A901A901A801A80121
:10FB9000A701A701A601A601A501A501A401A40131
:10FBA000A301A301A201A201A201A101A101A0013F
:10FBB000A0019F019F019E019E019D019D019C014D
:10FBC0009C019B019B019A019A019901990199015C
:10FBD0009801980197019701960196019501950169
:10FBE0009401940193019301920192019101910179
:10FBF0009101900190018F018F018E018E018D0185
:10FC00008D018C018C018B018B018B018A018A0192
:10FC100089018901880188018701870186018601A0
:10FC200085018501850184018401830183018201AD
:10FC3000820181018101800180017F017F017F01BB
:10FC40007E017E017D017D017C017C017B017B01C8
:10FC50007A017A017A0179017901780178017701D5
:10FC600077017601760175017501750174017401E2
:10FC700073017301720172017101710170017001F0
:10FC800070016F016F016E016E016D016D016C01FC
:10FC90006C016C016B016B016A016A016901690108
:10FCA0006801680168016701670166016601650115
:10FCB0006501640164016401630163016201620121
:10FCC000610161016001600160015F015F015E012E
:10FCD0005E015D015D015D015C015C015B015B0139
:10FCE0005A015A0159015901590158015801570146
:10FCF0005701560156015601550155015401540151
:10FD0000530153015201520152015101510150015D
:10FD100050014F014F014F014E014E014D014D0168
:10FD20004C014C014C014B014B014A014A01490174
:10FD3000490149014801480147014701460146017F
:10FD4000460145014501440144014301430143018A
:10FD500042014201410141014101400140013F0195
:10FD60003F013E013E013E013D013D013C013C01A0
:10FD70003B013B013B013A013A01390139013901AB
:10FD800038013801370137013601360136013501B6
:10FD900035013401340134013301330132013201C0
:10FDA000310131013101300130012F012F012F01CB
:10FDB0002E012E012D012D012D012C012C012B01D5
:10FDC0002B012B012A012A012901290128012801DF
:10FDD00028012701270126012601260125012501E9
:10FDE00024012401240123012301220122012201F3
:10FDF000210121012001200120011F011F011E01FD
:10FE00001E011E011D011D011C011C011C011B0105
:10FE10001B011A011A011A0119011901180118010F
:10FE20001801170117011601160116011501150118
:10FE30001401140114011301130112011201120122
:10FE4000110111011101100110010F010F010F012A
:10FE50000E010E010D010D010D010C010C010B0134
:10FE60000B010B010A010A0109010901090108013D
:10FE70000801080107010701060106010601050145
:10FE8000050104010401040103010301030102014E
:10FE90000201010101010101000100010001FF0057
:10FEA000FF00FE00FE00FE00FD00FD00FC00FC0067
:10FEB000FC00FB00FB00FB00FA00FA00F900F9006F
:10FEC000F900F800F800F800F700F700F600F60077
:10FED000F600F500F500F500F400F400F300F3007F
:10FEE000F300F200F200F200F100F100F100F00086
:10FEF000F000EF00EF00EF00EE00EE00EE00ED008E
:10FF0000ED00EC00EC00EC00EB00EB00EB00EA0095
:10FF1000EA00EA00E900E900E800E800E800E7009C
:10FF2000E700E700E600E600E600E500E500E400A3
:10FF3000E400E400E300E300E300E200E200E200AA
:10FF4000E100E100E100E000E000DF00DF00DF00B1
:10FF5000DE00DE00DE00DD00DD00DD00DC00DC00B8
:10FF6000DC00DB00DB00DA00DA00DA00D900D900BF
:10FF7000D900D800D800D800D700D700D700D600C5
:10FF8000D600D600D500D500D500D400D400D300CB
:10FF9000D300D300D200D200D200D100D100D100D2
:10FFA000D000D000D000CF00CF00CF00CE00CE00D8
:10FFB000CE00CD00CD00CD00CC00CC00CC00CB00DD
:10FFC000CB00CB00CA00CA00C900C900C900C800E4
:10FFD000C800C800C700C700C700C600C600C600EA
:10FFE000C500C500C500C400C400C400C300C300F0
:10FFF000C300C200C200C200C100C100C100C000F5
:020000040803EF
:10000000C000C000BF00BF00BF00BE00BE00BE00F9
:10001000BD00BD00BD00BC00BC00BC00BB00BB00FF
:10002000BB00BA00BA00BA00B900B900B900B80004
:10003000B800B800B800B700B700B700B600B60007
:10004000B600B500B500B500B400B400B400B3000C
:10005000B300B300B200B200B200B100B100B10011
:10006000B000B000B000AF00AF00AF00AF00AE0016
:10007000AE00AE00AD00AD00AD00AC00AC00AC0019
:10008000AB00AB00AB00AA00AA00AA00A900A9001F
:10009000A900A900A800A800A800A700A700A70021
:1000A000A600A600A600A500A500A500A400A40027
:1000B000A400A400A300A300A300A200A200A20029
:1000C000A100A100A100A100A000A000A0009F002D
:1000D0009F009F009E009E009E009D009D009D0031
:1000E0009D009C009C009C009B009B009B009A0034
:1000F0009A009A009A009900990099009800980037
:100100009800970097009700970096009600960039
:10011000950095009500950094009400940093003C
:10012000930093009200920092009200910091003F
:10013000910090009000900090008F008F008F0041
:100140008E008E008E008E008D008D008D008C0044
:100150008C008C008C008B008B008B008A008A0046
:100160008A008A0089008900890088008800880048
:10017000880087008700870086008600860086004A
:10018000850085008500840084008400840083004D
:10019000830083008300820082008200810081004E
:1001A0008100810080008000800080007F007F004F
:1001B0007F007E007E007E007E007D007D007D0051
:1001C0007D007C007C007C007B007B007B007B0052
:1001D0007A007A007A007A00790079007900790053
:1001E0007800780078007700770077007700760055
:1001F0007600760076007500750075007500740055
:100200007400740074007300730073007200720055
:100210007200720071007100710071007000700056
:10022000700070006F006F006F006F006E006E0056
:100230006E006E006D006D006D006D006C006C0056
:100240006C006C006B006B006B006B006A006A0056
:100250006A006A0069006900690069006800680056
:100260006800680067006700670067006600660056
:100270006600660065006500650065006400640056
:100280006400640063006300630063006200620056
:100290006200620061006100610061006100600055
:1002A0006000600060005F005F005F005F005E0054
:1002B0005E005E005E005D005D005D005D005D0053
:1002C0005C005C005C005C005B005B005B005B0052
:1002D0005A005A005A005A00590059005900590052
:1002E0005900580058005800580057005700570050
:1002F000570057005600560056005600550055004E
:10030000550055005500540054005400540053004B
:10031000530053005300520052005200520052004A
:100320005100510051005100510050005000500048
:1003300050004F004F004F004F004F004E004E0046
:100340004E004E004D004D004D004D004D004C0044
:100350004C004C004C004C004B004B004B004B0041
:100360004B004A004A004A004A004900490049003F
:10037000490049004800480048004800480047003C
:100380004700470047004700460046004600460039
:100390004600450045004500450045004400440036
:1003A0004400440044004300430043004300430032
:1003B0004200420042004200420041004100410030
:1003C00041004100400040004000400040003F002C
:1003D0003F003F003F003F003E003E003E003E0029
:1003E0003E003D003D003D003D003D003C003C0026
:1003F0003C003C003C003C003B003B003B003B0021
:100400003B003A003A003A003A003A00390039001D
:100410003900390039003900380038003800380018
:100420003800370037003700370037003700360014
:100430003600360036003600350035003500350010
:10044000350035003400340034003400340034000A
:100450003300330033003300330032003200320007
:100460003200320032003100310031003100310001
:1004700031003000300030003000300030002F00FC
:100480002F002F002F002F002F002E002E002E00F7
:100490002E002E002E002D002D002D002D002D00F1
:1004A0002D002C002C002C002C002C002C002B00EC
:1004B0002B002B002B002B002B002A002A002A00E7
:1004C0002A002A002A0029002900290029002900E1
:1004D00029002900280028002800280028002800DA
:1004E00027002700270027002700270027002600D5
:1004F00026002600260026002600250025002500CF
:1005000025002500250025002400240024002400C7
:1005100024002400240023002300230023002300C0
:1005200023002300220022002200220022002200B9
:1005300022002100210021002100210021002100B2
:1005400020002000200020002000200020001F00AC
:100550001F001F001F001F001F001F001E001E00A5
:100560001E001E001E001E001E001E001D001D009D
:100570001D001D001D001D001D001C001C001C0096
:100580001C001C001C001C001C001B001B001B008E
:100590001B001B001B001B001B001A001A001A0086
:1005A0001A001A001A001A001A001900190019007E
:1005B0001900190019001900190018001800180076
:1005C000180018001800180018001700170017006E
:1005D0001700170017001700170016001600160066
:1005E000160016001600160016001600150015005D
:1005F0001500150015001500150015001500140054
:10060000140014001400140014001400140014004A
:100610001300130013001300130013001300130042
:100620001300120012001200120012001200120039
:100630001200120011001100110011001100110030
:100640001100110011001100100010001000100026
:100650001000100010001000100010000F000F001C
:100660000F000F000F000F000F000F000F000F0012
:100670000F000E000E000E000E000E000E000E0009
:100680000E000E000E000D000D000D000D000D00FF
:100690000D000D000D000D000D000D000D000C00F3
:1006A0000C000C000C000C000C000C000C000C00EA
:1006B0000C000C000B000B000B000B000B000B00E0
:1006C0000B000B000B000B000B000B000A000A00D4
:1006D0000A000A000A000A000A000A000A000A00CA
:1006E0000A000A000A0009000900090009000900BF
:1006F00009000900090009000900090009000900B2
:1007000008000800080008000800080008000800A9
:10071000080008000800080008000800070007009B
:100720000700070007000700070007000700070091
:100730000700070007000700070006000600060084
:100740000600060006000600060006000600060079
:10075000060006000600060006000500050005006C
:100760000500050005000500050005000500050061
:100770000500050005000500050005000400040053
:100780000400040004000400040004000400040049
:100790000400040004000400040004000400040039
:1007A0000400030003000300030003000300030030
:1007B0000300030003000300030003000300030021
:1007C0000300030003000300030003000300020012
:1007D0000200020002000200020002000200020009
:1007E00002000200020002000200020002000200F9
:1007F00002000200020002000200020002000200E9
:1008000002000100010001000100010001000100DF
:1008100001000100010001000100010001000100D0
:1008200001000100010001000100010001000100C0
:1008300001000100010001000100010001000100B0
:1008400001000100010000000000000000000000A5
:100850000000000000000000000000000000000098
:100860000000000000000000000000000000000088
:100870000000000000000000000000000000000078
:100880000000000000000000000000000000000068
:100890000000000000000000000000000000000058
:1008A0000000000000000000000000000000000048
:1008B0000000000000000000000000000000000038
:1008C0000000000000000000000000000000000028
:1008D0000000000000000000000000000000000018
:1008E0000000000000000000000000000000000008
:1008F00000000000000000000000000000000000F8
:1009000000000000000000000000000000000000E7
:1009100000000000000000000000000000000000D7
:1009200000000000000000000000000000000000C7
:1009300000000000000000000000000000000000B7
:1009400000000000000000000000000000000000A7
:100950000000000000000000000000000000000097
:100960000000000000000000000000000000000087
:100970000000000000000000000000000000000077
:100980000000000000000000000000000100010065
:10099000010001000100010001000100010001004F
:1009A000010001000100010001000100010001003F
:1009B000010001000100010001000100010001002F
:1009C000010001000100010001000100010001001F
:1009D0000200020002000200020002000200020007
:1009E00002000200020002000200020002000200F7
:1009F00002000200020002000200020002000200E7
:100A000002000200030003000300030003000300D0
:100A100003000300030003000300030003000300BE
:100A200003000300030003000300030003000300AE
:100A30000400040004000400040004000400040096
:100A40000400040004000400040004000400040086
:100A50000400040004000500050005000500050071
:100A6000050005000500050005000500050005005E
:100A7000050005000500050006000600060006004A
:100A80000600060006000600060006000600060036
:100A90000600060006000600070007000700070022
:100AA000070007000700070007000700070007000E
:100AB00007000700070008000800080008000800F9
:100AC00008000800080008000800080008000800E6
:100AD00008000900090009000900090009000900CF
:100AE0000900090009000900090009000A000A00BC
:100AF0000A000A000A000A000A000A000A000A00A6
:100B00000A000A000A000B000B000B000B000B0090
:100B10000B000B000B000B000B000B000B000C007C
:100B20000C000C000C000C000C000C000C000C0065
:100B30000C000C000D000D000D000D000D000D004F
:100B40000D000D000D000D000D000D000E000E003B
:100B50000E000E000E000E000E000E000E000E0025
:100B60000F000F000F000F000F000F000F000F000D
:100B70000F000F000F0010001000100010001000F8
:100B800010001000100010001000110011001100E2
:100B900011001100110011001100110011001200CC
:100BA00012001200120012001200120012001200B5
:100BB000130013001300130013001300130013009D
:100BC0001300140014001400140014001400140086
:100BD000140014001500150015001500150015006F
:100BE0001500150015001600160016001600160058
:100BF0001600160016001600170017001700170041
:100C00001700170017001700180018001800180028
:100C10001800180018001800190019001900190010
:100C200019001900190019001A001A001A001A00F8
:100C30001A001A001A001A001B001B001B001B00E0
:100C40001B001B001B001B001C001C001C001C00C8
:100C50001C001C001C001C001D001D001D001D00B0
:100C60001D001D001D001E001E001E001E001E0097
:100C70001E001E001E001F001F001F001F001F007F
:100C80001F001F0020002000200020002000200066
:100C9000200021002100210021002100210021004D
:100CA0002200220022002200220022002200230033
:100CB000230023002300230023002300240024001A
:100CC0002400240024002400240025002500250001
:100CD00025002500250025002600260026002600E8
:100CE00026002600270027002700270027002700CE
:100CF00027002800280028002800280028002900B4
:100D00002900290029002900290029002A002A0099
:100D10002A002A002A002A002B002B002B002B007F
:100D20002B002B002C002C002C002C002C002C0065
:100D30002D002D002D002D002D002D002E002E0049
:100D40002E002E002E002E002F002F002F002F002F
:100D50002F002F0030003000300030003000300015
:100D600031003100310031003100310032003200F9
:100D700032003200320032003300330033003300DF
:100D800033003400340034003400340034003500C3
:100D900035003500350035003500360036003600A8
:100DA000360036003700370037003700370037008D
:100DB0003800380038003800380039003900390070
:100DC0003900390039003A003A003A003A003A0056
:100DD0003B003B003B003B003B003C003C003C0038
:100DE0003C003C003C003D003D003D003D003D001E
:100DF0003E003E003E003E003E003F003F003F0000
:100E00003F003F00400040004000400040004100E3
:100E100041004100410041004200420042004200C6
:100E200042004300430043004300430044004400A9
:100E3000440044004400450045004500450045008D
:100E4000460046004600460046004700470047006F
:100E50004700470048004800480048004800490053
:100E600049004900490049004A004A004A004A0036
:100E70004B004B004B004B004B004C004C004C0017
:100E80004C004C004D004D004D004D004D004E00FB
:100E90004E004E004E004F004F004F004F004F00DD
:100EA00050005000500050005100510051005100BE
:100EB00051005200520052005200520053005300A1
:100EC0005300530054005400540054005500550082
:100ED0005500550055005600560056005600570064
:100EE0005700570057005700580058005800580046
:100EF000590059005900590059005A005A005A0027
:100F00005A005B005B005B005B005C005C005C0007
:100F10005C005D005D005D005D005D005E005E00E8
:100F20005E005E005F005F005F005F0060006000C9
:100F300060006000610061006100610061006200AA
:100F4000620062006200630063006300630064008B
:100F5000640064006400650065006500650066006B
:100F6000660066006600670067006700670068004B
:100F700068006800680069006900690069006A002B
:100F80006A006A006A006B006B006B006B006C000B
:100F90006C006C006C006D006D006D006D006E00EB
:100FA0006E006E006E006F006F006F006F007000CB
:100FB00070007000700071007100710071007200AB
:100FC000720072007200730073007300740074008A
:100FD0007400740075007500750075007600760069
:100FE0007600760077007700770077007800780049
:100FF000780079007900790079007A007A007A0027
:101000007A007B007B007B007B007C007C007C0006
:101010007D007D007D007D007E007E007E007E00E4
:101020007F007F007F0080008000800080008100C2
:1010300081008100810082008200820083008300A1
:101040008300830084008400840084008500850080
:10105000850086008600860086008700870087005E
:1010600088008800880088008900890089008A003B
:101070008A008A008A008B008B008B008C008C0019
:101080008C008C008D008D008D008E008E008E00F7
:101090008E008F008F008F009000900090009000D5
:1010A00091009100910092009200920092009300B2
:1010B000930093009400940094009500950095008F
:1010C000950096009600960097009700970097006D
:1010D0009800980098009900990099009A009A0049
:1010E0009A009A009B009B009B009C009C009C0027
:1010F0009D009D009D009D009E009E009E009F0003
:101100009F009F00A000A000A000A100A100A100DE
:10111000A100A200A200A200A300A300A300A400BB
:10112000A400A400A400A500A500A500A600A60098
:10113000A600A700A700A700A800A800A800A90073
:10114000A900A900A900AA00AA00AA00AB00AB0050
:10115000AB00AC00AC00AC00AD00AD00AD00AE002B
:10116000AE00AE00AF00AF00AF00AF00B000B00007
:10117000B000B100B100B100B200B200B200B300E3
:10118000B300B300B400B400B400B500B500B500BE
:10119000B600B600B600B700B700B700B800B80098
:1011A000B800B800B900B900B900BA00BA00BA0076
:1011B000BB00BB00BB00BC00BC00BC00BD00BD0050
:1011C000BD00BE00BE00BE00BF00BF00BF00C0002B
:1011D000C000C000C100C100C100C200C200C20006
:1011E000C300C300C300C400C400C400C500C500E0
:1011F000C500C600C600C600C700C700C700C800BB
:10120000C800C800C900C900C900CA00CA00CB0094
:10121000CB00CB00CC00CC00CC00CD00CD00CD006D
:10122000CE00CE00CE00CF00CF00CF00D000D00047
:10123000D000D100D100D100D200D200D200D30022
:10124000D300D300D400D400D500D500D500D600FB
:10125000D600D600D700D700D700D800D800D800D5
:10126000D900D900D900DA00DA00DA00DB00DB00AF
:10127000DC00DC00DC00DD00DD00DD00DE00DE0087
:10128000DE00DF00DF00DF00E000E000E100E10061
:10129000E100E200E200E200E300E300E300E4003A
:1012A000E400E400E500E500E600E600E600E70013
:1012B000E700E700E800E800E800E900E900EA00EC
:1012C000EA00EA00EB00EB00EB00EC00EC00EC00C5
:1012D000ED00ED00EE00EE00EE00EF00EF00EF009D
:1012E000F000F000F100F100F100F200F200F20075
:1012F000F300F300F300F400F400F500F500F5004E
:10130000F600F600F600F700F700F800F800F80025
:10131000F900F900F900FA00FA00FB00FB00FB00FD
:10132000FC00FC00FC00FD00FD00FE00FE00FE00D5
:10133000FF00FF00000100010001010101010101A6
:10134000020102010301030103010401040104017C
:101350000501050106010601060107010701080153
:10136000080108010901090109010A010A010B012B
:101370000B010B010C010C010D010D010D010E0102
:101380000E010F010F010F011001100111011101D8
:1013900011011201120112011301130114011401B0
:1013A0001401150115011601160116011701170187
:1013B000180118011801190119011A011A011A015D
:1013C0001B011B011C011C011C011D011D011E0133
:1013D0001E011E011F011F0120012001200121010A
:1013E00021012201220122012301230124012401E0
:1013F00024012501250126012601260127012701B7
:10140000280128012801290129012A012A012B018B
:101410002B012B012C012C012D012D012D012E0161
:101420002E012F012F012F01300130013101310137
:10143000310132013201330133013401340134010D
:1014400035013501360136013601370137013801E2
:1014500038013901390139013A013A013B013B01B7
:101460003B013C013C013D013D013E013E013E018D
:101470003F013F0140014001410141014101420161
:101480004201430143014301440144014501450137
:10149000460146014601470147014801480149010B
:1014A000490149014A014A014B014B014C014C01E0
:1014B0004C014D014D014E014E014F014F014F01B5
:1014C0005001500151015101520152015201530189
:1014D000530154015401550155015601560156015D
:1014E00057015701580158015901590159015A0131
:1014F0005A015B015B015C015C015D015D015D0105
:101500005E015E015F015F016001600160016101D8
:1015100061016201620163016301640164016401AC
:10152000650165016601660167016701680168017F
:101530006801690169016A016A016B016B016C0153
:101540006C016C016D016D016E016E016F016F0127
:1015500070017001700171017101720172017301FA
:1015600073017401740175017501750176017601CD
:101570007701770178017801790179017A017A019F
:101580007A017B017B017C017C017D017D017E0173
:101590007E017F017F017F01800180018101810146
:1015A0008201820183018301840184018501850117
:1015B00085018601860187018701880188018901EB
:1015C00089018A018A018B018B018B018C018C01BD
:1015D0008D018D018E018E018F018F01900190018F
:1015E0009101910191019201920193019301940162
:1015F0009401950195019601960197019701980133
:1016000098019901990199019A019A019B019B0105
:101610009C019C019D019D019E019E019F019F01D6
:10162000A001A001A101A101A201A201A201A301A7
:10163000A301A401A401A501A501A601A601A7017A
:10164000A701A801A801A901A901AA01AA01AB014A
:10165000AB01AC01AC01AD01AD01AD01AE01AE011C
:10166000AF01AF01B001B001B101B101B201B201EE
:10167000B301B301B401B401B501B501B601B601BE
:10168000B701B701B801B801B901B901BA01BA018E
:10169000BB01BB01BC01BC01BD01BD01BE01BE015E
:1016A000BE01BF01BF01C001C001C101C101C20132
:1016B000C201C301C301C401C401C501C501C60102
:1016C000C601C701C701C801C801C901C901CA01D2
:1016D000CA01CB01CB01CC01CC01CD01CD01CE01A2
:1016E000CE01CF01CF01D001D001D101D101D20172
:1016F000D201D301D301D401D401D501D501D60142
:10170000D601D701D701D801D801D901D901DA0111
:10171000DA01DB01DB01DC01DC01DD01DD01DE01E1
:10172000DE01DF01DF01E001E001E101E101E201B1
:10173000E201E301E301E401E401E501E501E60181
:10174000E601E701E701E801E801E901E901EA0151
:10175000EA01EB01EB01EC01ED01ED01EE01EE011F
:10176000EF01EF01F001F001F101F101F201F201ED
:10177000F301F301F401F401F501F501F601F601BD
:10178000F701F701F801F801F901F901FA01FA018D
:10179000FB01FB01FC01FC01FD01FE01FE01FF015B
:1017A000FF01000200020102010202020202030222
:1017B00003020402040205020502060206020702F1
:1017C000070208020802090209020A020B020B02C0
:1017D0000C020C020D020D020E020E020F020F028D
:1017E000100210021102110212021202130213025D
:1017F0001402150215021602160217021702180229
:101800001802190219021A021A021B021B021C02F8
:101810001C021D021E021E021F021F0220022002C5
:101820002102210222022202230223022402240294
:101830002502260226022702270228022802290260
:1018400029022A022A022B022B022C022D022D022F
:101850002E022E022F022F023002300231023102FC
:1018600032023202330234023402350235023602C9
:101870003602370237023802380239023A023A0297
:101880003B023B023C023C023D023D023E023E0264
:101890003F02400240024102410242024202430230
:1018A00043024402440245024602460247024702FE
:1018B00048024802490249024A024A024B024C02CB
:1018C0004C024D024D024E024E024F024F02500298
:1018D0005102510252025202530253025402540264
:1018E0005502560256025702570258025802590230
:1018F00059025A025B025B025C025C025D025D02FD
:101900005E025E025F0260026002610261026202C8
:101910006202630263026402650265026602660295
:10192000670267026802690269026A026A026B0260
:101930006B026C026C026D026E026E026F026F022D
:1019400070027002710272027202730273027402F8
:1019500074027502750276027702770278027802C5
:10196000790279027A027B027B027C027C027D0290
:101970007D027E027F027F0280028002810281025C
:101980008202830283028402840285028502860227
:101990008702870288028802890289028A028B02F2
:1019A0008B028C028C028D028D028E028F028F02BE
:1019B0009002900291029202920293029302940288
:1019C0009402950296029602970297029802980254
:1019D00099029A029A029B029B029C029C029D021F
:1019E0009E029E029F029F02A002A102A102A202E9
:1019F000A202A302A302A402A502A502A602A602B5
:101A0000A702A802A802A902A902AA02AA02AB027E
:101A1000AC02AC02AD02AD02AE02AF02AF02B00248
:101A2000B002B102B202B202B302B302B402B40213
:101A3000B502B602B602B702B702B802B902B902DD
:101A4000BA02BA02BB02BC02BC02BD02BD02BE02A7
:101A5000BF02BF02C002C002C102C102C202C30271
:101A6000C302C402C402C502C602C602C702C7023C
:101A7000C802C902C902CA02CA02CB02CC02CC0205
:101A8000CD02CD02CE02CF02CF02D002D002D102CF
:101A9000D202D202D302D302D402D502D502D60298
:101AA000D602D702D802D802D902D902DA02DB0262
:101AB000DB02DC02DC02DD02DE02DE02DF02DF022C
:101AC000E002E102E102E202E202E302E402E402F5
:101AD000E502E502E602E702E702E802E802E902BF
:101AE000EA02EA02EB02EB02EC02ED02ED02EE0288
:101AF000EF02EF02F002F002F102F202F202F30250
:101B0000F302F402F502F502F602F602F702F80219
:101B1000F802F902F902FA02FB02FB02FC02FD02E2
:101B2000FD02FE02FE02FF020003000301030103A7
:101B3000020303030303040305030503060306036B
:101B4000070308030803090309030A030B030B0334
:101B50000C030D030D030E030E030F0310031003FC
:101B600011031103120313031303140315031503C5
:101B70001603160317031803180319031A031A038D
:101B80001B031B031C031D031D031E031E031F0356
:101B9000200320032103220322032303230324031E
:101BA00025032503260327032703280328032903E6
:101BB0002A032A032B032C032C032D032D032E03AE
:101BC0002F032F0330033103310332033203330376
:101BD000340334033503360336033703380338033D
:101BE000390339033A033B033B033C033D033D0305
:101BF0003E033E033F0340034003410342034203CD
:101C00004303440344034503450346034703470393
:101C10004803490349034A034A034B034C034C035B
:101C20004D034E034E034F03500350035103510322
:101C300052035303530354035503550356035703E9
:101C400057035803590359035A035A035B035C03B0
:101C50005C035D035E035E035F0360036003610377
:101C6000610362036303630364036503650366033F
:101C7000670367036803690369036A036A036B0305
:101C80006C036C036D036E036E036F0370037003CC
:101C90007103720372037303730374037503750393
:101CA0007603770377037803790379037A037B0359
:101CB0007B037C037D037D037E037E037F03800320
:101CC00080038103820382038303840384038503E7
:101CD0008603860387038803880389038A038A03AC
:101CE0008B038C038C038D038D038E038F038F0373
:101CF0009003910391039203930393039403950339
:101D000095039603970397039803990399039A03FE
:101D10009B039B039C039D039D039E039F039F03C3
:101D2000A003A003A103A203A203A303A403A4038B
:101D3000A503A603A603A703A803A803A903AA0350
:101D4000AA03AB03AC03AC03AD03AE03AE03AF0316
:101D5000B003B003B103B203B203B303B403B403DB
:101D6000B503B603B603B703B803B803B903BA03A0
:101D7000BA03BB03BC03BC03BD03BE03BE03BF0366
:101D8000C003C003C103C203C203C303C403C4032B
:101D9000C503C603C603C703C803C803C903CA03F0
:101DA000CA03CB03CC03CC03CD03CE03CE03CF03B6
:101DB000D003D003D103D203D203D303D403D4037B
:101DC000D503D603D603D703D803D803D903DA0340
:101DD000DA03DB03DC03DC03DD03DE03DE03DF0306
:101DE000E003E003E103E203E203E303E403E403CB
:101DF000E503E603E603E703E803E803E903EA0390
:101E0000EA03EB03EC03EC03ED03EE03EF03EF0354
:101E1000F003F103F103F203F303F303F403F50317
:101E2000F503F603F703F703F803F903F903FA03DD
:101E3000FB03FB03FC03FD03FD03FE03FF03FF03A2
:101E4000000401040204020403040404040405045D
:101E50000604060407040804080409040A040A0422
:101E60000B040C040C040D040E040E040F041004E7
:101E700011041104120413041304140415041504AA
:101E80001604170417041804190419041A041B046F
:101E90001B041C041D041E041E041F042004200433
:101EA00021042204220423042404240425042604F7
:101EB000260427042804290429042A042B042B04BB
:101EC0002C042D042D042E042F042F04300431047F
:101ED0003204320433043404340435043604360442
:101EE00037043804380439043A043B043B043C0406
:101EF0003D043D043E043F043F04400441044104CA
:101F0000420443044404440445044604460447048C
:101F10004804480449044A044A044B044C044D0450
:101F20004D044E044F044F04500451045104520414
:101F300053045404540455045604560457045804D6
:101F4000580459045A045B045B045C045D045D049A
:101F50005E045F045F04600461046204620463045D
:101F60006404640465046604660467046804690420
:101F700069046A046B046B046C046D046D046E04E4
:101F80006F047004700471047204720473047404A6
:101F9000740475047604770477047804790479046A
:101FA0007A047B047C047C047D047E047E047F042C
:101FB00080048004810482048304830484048504EF
:101FC0008504860487048804880489048A048A04B2
:101FD0008B048C048C048D048E048F048F04900475
:101FE0009104910492049304940494049504960437
:101FF000960497049804990499049A049B049B04FA
:102000009C049D049E049E049F04A004A004A104BB
:10201000A204A304A304A404A504A504A604A7047D
:10202000A804A804A904AA04AA04AB04AC04AD043F
:10203000AD04AE04AF04AF04B004B104B204B20402
:10204000B304B404B404B504B604B704B704B804C4
:10205000B904B904BA04BB04BC04BC04BD04BE0486
:10206000BE04BF04C004C104C104C204C304C30449
:10207000C404C504C604C604C704C804C804C9040B
:10208000CA04CB04CB04CC04CD04CD04CE04CF04CD
:10209000D004D004D104D204D304D304D404D5048E
:1020A000D504D604D704D804D804D904DA04DA0451
:1020B000DB04DC04DD04DD04DE04DF04E004E00412
:1020C000E104E204E204E304E404E504E504E604D4
:1020D000E704E704E804E904EA04EA04EB04EC0496
:1020E000ED04ED04EE04EF04EF04F004F104F20457
:1020F000F204F304F404F504F504F604F704F70419
:10210000F804F904FA04FA04FB04FC04FD04FD04D9
:10211000FE04FF04FF040005010502050205030596
:102120000405050505050605070507050805090554
:102130000A050A050B050C050D050D050E050F0515
:102140000F051005110512051205130514051505D7
:102150001505160517051805180519051A051A0598
:102160001B051C051D051D051E051F052005200559
:10217000210522052305230524052505250526051A
:1021800027052805280529052A052B052B052C05DB
:102190002D052E052E052F0530053005310532059C
:1021A000330533053405350536053605370538055D
:1021B000390539053A053B053C053C053D053E051D
:1021C0003E053F05400541054105420543054405DF
:1021D00044054505460547054705480549054A059F
:1021E0004A054B054C054C054D054E054F054F0561
:1021F0005005510552055205530554055505550521
:10220000560557055805580559055A055B055B05E0
:102210005C055D055E055E055F05600560056105A1
:102220006205630563056405650566056605670562
:102230006805690569056A056B056C056C056D0522
:102240006E056F056F0570057105720572057305E2
:1022500074057505750576057705780578057905A2
:102260007A057B057B057C057D057D057E057F0563
:102270008005800581058205830583058405850524
:102280008605860587058805890589058A058B05E4
:102290008C058C058D058E058F058F0590059105A4
:1022A0009205920593059405950595059605970564
:1022B0009805980599059A059B059B059C059D0524
:1022C0009E059E059F05A005A105A105A205A305E4
:1022D000A405A405A505A605A705A705A805A905A4
:1022E000AA05AA05AB05AC05AD05AD05AE05AF0564
:1022F000B005B005B105B205B305B305B405B50524
:10230000B605B605B705B805B905B905BA05BB05E3
:10231000BC05BC05BD05BE05BF05BF05C005C105A3
:10232000C205C205C305C405C505C505C605C70563
:10233000C805C905C905CA05CB05CC05CC05CD0521
:10234000CE05CF05CF05D005D105D205D205D305E1
:10235000D405D505D505D605D705D805D805D905A1
:10236000DA05DB05DB05DC05DD05DE05DE05DF0561
:10237000E005E105E105E205E305E405E405E50521
:10238000E605E705E805E805E905EA05EB05EB05DF
:10239000EC05ED05EE05EE05EF05F005F105F1059F
:1023A000F205F305F405F405F505F605F705F7055F
:1023B000F805F905FA05FA05FB05FC05FD05FE051E
:1023C000FE05FF05000601060106020603060406D7
:1023D00004060506060607060706080609060A0695
:1023E0000A060B060C060D060D060E060F06100655
:1023F0001106110612061306140614061506160613
:1024000017061706180619061A061A061B061C06D2
:102410001D061E061E061F06200621062106220690
:102420002306240624062506260627062706280650
:1024300029062A062A062B062C062D062E062E060F
:102440002F063006310631063206330634063406CE
:102450003506360637063706380639063A063B068D
:102460003B063C063D063E063E063F06400641064C
:10247000410642064306440645064506460647060B
:102480004806480649064A064B064B064C064D06CA
:102490004E064E064F065006510652065206530689
:1024A0005406550655065606570658065806590648
:1024B0005A065B065C065C065D065E065F065F0606
:1024C00060066106620662066306640665066606C5
:1024D000660667066806690669066A066B066C0684
:1024E0006C066D066E066F06700670067106720643
:1024F0007306730674067506760676067706780602
:1025000079067A067A067B067C067D067D067E06BF
:102510007F0680068106810682068306840684067D
:102520008506860687068706880689068A068B063C
:102530008B068C068D068E068E068F0690069106FB
:1025400091069206930694069506950696069706BA
:102550009806980699069A069B069C069C069D0678
:102560009E069F069F06A006A106A206A306A30636
:10257000A406A506A606A606A706A806A906A906F5
:10258000AA06AB06AC06AD06AD06AE06AF06B006B3
:10259000B006B106B206B306B406B406B506B60672
:1025A000B706B706B806B906BA06BB06BB06BC0630
:1025B000BD06BE06BE06BF06C006C106C106C206EF
:1025C000C306C406C506C506C606C706C806C806AD
:1025D000C906CA06CB06CC06CC06CD06CE06CF066B
:1025E000CF06D006D106D206D306D306D406D5062A
:1025F000D606D606D706D806D906DA06DA06DB06E8
:10260000DC06DD06DD06DE06DF06E006E106E106A5
:10261000E206E306E406E406E506E606E706E80663
:10262000E806E906EA06EB06EB06EC06ED06EE0622
:10263000EF06EF06F006F106F206F206F306F406E0
:10264000F506F606F606F706F806F906F906FA069E
:10265000FB06FC06FD06FD06FE06FF06000700075A
:102660000107020703070407040705070607070712
:102670000707080709070A070B070B070C070D07D1
:102680000E070E070F07100711071207120713078F
:10269000140715071607160717071807190719074C
:1026A0001A071B071C071D071D071E071F0720070A
:1026B00020072107220723072407240725072607C9
:1026C00027072707280729072A072B072B072C0787
:1026D0002D072E072E072F07300731073207320745
:1026E0003307340735073607360737073807390702
:1026F00039073A073B073C073D073D073E073F07C1
:10270000400740074107420743074407440745077E
:10271000460747074807480749074A074B074B073B
:102720004C074D074E074F074F07500751075207F9
:1027300052075307540755075607560757075807B8
:1027400059075A075A075B075C075D075D075E0775
:102750005F07600761076107620763076407640733
:102760006507660767076807680769076A076B07F1
:102770006C076C076D076E076F076F0770077107AF
:10278000720773077307740775077607760777076D
:10279000780779077A077A077B077C077D077E072A
:1027A0007E077F07800781078107820783078407E9
:1027B00085078507860787078807890789078A07A6
:1027C0008B078C078C078D078E078F079007900764
:1027D0009107920793079307940795079607970722
:1027E0009707980799079A079B079B079C079D07E0
:1027F0009E079E079F07A007A107A207A207A3079E
:10280000A407A507A607A607A707A807A907A9075A
:10281000AA07AB07AC07AD07AD07AE07AF07B00718
:10282000B007B107B207B307B407B407B507B607D7
:10283000B707B807B807B907BA07BB07BB07BC0794
:10284000BD07BE07BF07BF07C007C107C207C30751
:10285000C307C407C507C607C607C707C807C90710
:10286000CA07CA07CB07CC07CD07CE07CE07CF07CD
:10287000D007D107D107D207D307D407D507D5078B
:10288000D607D707D807D907D907DA07DB07DC0748
:10289000DC07DD07DE07DF07E007E007E107E20707
:1028A000E307E407E407E507E607E707E707E807C4
:1028B000E907EA07EB07EB07EC07ED07EE07EF0781
:1028C000EF07F007F107F207F207F307F407F50740
:1028D000F607F607F707F807F907FA07FA07FB07FD
:1028E000FC07FD07FD07FE07000610160006101680
:1028F00000000000000000000102030406070809B0
:0829000034D9FC7F0100000046
:04290800E9010008D9
:04290C00C5010008F9
:10291000B8280008C0280008CC280008D0280008E3
:10292000D8280008E0280008E8A80208E8A801085C
:10293000E8280208E8280108E8A80008E8280008B4
:102940001A060000D613000037140000040000002F
:0C29500001000000100000000024F40052
:04000005080027E9DF
:00000001FF
